<?xml version="1.0"?>
<gpx xmlns="http://www.topografix.com/GPX/1/1" xmlns:xsi="http://www.w3.org/2001/XMLSchema-instance" version="1.1" creator="AllTrails.com" xsi:schemaLocation="http://www.topografix.com/GPX/1/1 http://www.topografix.com/GPX/1/1/gpx.xsd">
  <metadata>
    <name><![CDATA[Cracker, Poia, and Elizabeth Lakes, Glacier NP]]></name>
    <desc><![CDATA[]]></desc>
    <link href="http://www.alltrails.com">
      <text>AllTrails, LLC</text>
    </link>
    <bounds minlat="48.74167" minlon="-113.72524" maxlat="48.89172" maxlon="-113.57991"/>
  </metadata>
  <trk>
    <name><![CDATA[Cracker, Poia, and Elizabeth Lakes, Glacier NP]]></name>
    <src>AllTrails</src>
    <trkseg>
      <trkpt lat="48.79563" lon="-113.65607">
        <ele>1509.56</ele>
      </trkpt>
      <trkpt lat="48.79563" lon="-113.65607">
        <ele>1509.56</ele>
      </trkpt>
      <trkpt lat="48.79559" lon="-113.65596">
        <ele>1508.6</ele>
      </trkpt>
      <trkpt lat="48.79541" lon="-113.65604">
        <ele>1508.43</ele>
      </trkpt>
      <trkpt lat="48.79526" lon="-113.65614">
        <ele>1508.0</ele>
      </trkpt>
      <trkpt lat="48.79518" lon="-113.65615">
        <ele>1508.06</ele>
      </trkpt>
      <trkpt lat="48.79509" lon="-113.65611">
        <ele>1509.03</ele>
      </trkpt>
      <trkpt lat="48.79494" lon="-113.65601">
        <ele>1510.65</ele>
      </trkpt>
      <trkpt lat="48.79485" lon="-113.65581">
        <ele>1509.9</ele>
      </trkpt>
      <trkpt lat="48.79478" lon="-113.65571">
        <ele>1509.67</ele>
      </trkpt>
      <trkpt lat="48.79473" lon="-113.65556">
        <ele>1509.0</ele>
      </trkpt>
      <trkpt lat="48.79469" lon="-113.65547">
        <ele>1508.08</ele>
      </trkpt>
      <trkpt lat="48.79457" lon="-113.65528">
        <ele>1507.02</ele>
      </trkpt>
      <trkpt lat="48.79453" lon="-113.65522">
        <ele>1506.45</ele>
      </trkpt>
      <trkpt lat="48.79447" lon="-113.65515">
        <ele>1506.34</ele>
      </trkpt>
      <trkpt lat="48.79437" lon="-113.65508">
        <ele>1505.86</ele>
      </trkpt>
      <trkpt lat="48.79432" lon="-113.65503">
        <ele>1505.67</ele>
      </trkpt>
      <trkpt lat="48.79428" lon="-113.65498">
        <ele>1505.56</ele>
      </trkpt>
      <trkpt lat="48.79423" lon="-113.65476">
        <ele>1503.72</ele>
      </trkpt>
      <trkpt lat="48.79414" lon="-113.65455">
        <ele>1502.43</ele>
      </trkpt>
      <trkpt lat="48.79407" lon="-113.65443">
        <ele>1501.89</ele>
      </trkpt>
      <trkpt lat="48.79401" lon="-113.65428">
        <ele>1500.92</ele>
      </trkpt>
      <trkpt lat="48.79394" lon="-113.6541">
        <ele>1499.73</ele>
      </trkpt>
      <trkpt lat="48.79389" lon="-113.65399">
        <ele>1499.08</ele>
      </trkpt>
      <trkpt lat="48.7938" lon="-113.65386">
        <ele>1498.65</ele>
      </trkpt>
      <trkpt lat="48.79374" lon="-113.65374">
        <ele>1498.0</ele>
      </trkpt>
      <trkpt lat="48.79369" lon="-113.65364">
        <ele>1497.51</ele>
      </trkpt>
      <trkpt lat="48.79362" lon="-113.65355">
        <ele>1497.24</ele>
      </trkpt>
      <trkpt lat="48.79353" lon="-113.65339">
        <ele>1497.36</ele>
      </trkpt>
      <trkpt lat="48.79341" lon="-113.65323">
        <ele>1498.4</ele>
      </trkpt>
      <trkpt lat="48.79332" lon="-113.65309">
        <ele>1499.89</ele>
      </trkpt>
      <trkpt lat="48.79327" lon="-113.65301">
        <ele>1501.74</ele>
      </trkpt>
      <trkpt lat="48.79325" lon="-113.65295">
        <ele>1502.59</ele>
      </trkpt>
      <trkpt lat="48.79324" lon="-113.65291">
        <ele>1503.02</ele>
      </trkpt>
      <trkpt lat="48.79323" lon="-113.65285">
        <ele>1503.04</ele>
      </trkpt>
      <trkpt lat="48.79322" lon="-113.6528">
        <ele>1502.86</ele>
      </trkpt>
      <trkpt lat="48.79326" lon="-113.6527">
        <ele>1501.83</ele>
      </trkpt>
      <trkpt lat="48.79332" lon="-113.65259">
        <ele>1497.86</ele>
      </trkpt>
      <trkpt lat="48.79339" lon="-113.65229">
        <ele>1497.16</ele>
      </trkpt>
      <trkpt lat="48.79345" lon="-113.65209">
        <ele>1496.91</ele>
      </trkpt>
      <trkpt lat="48.79348" lon="-113.652">
        <ele>1497.23</ele>
      </trkpt>
      <trkpt lat="48.79355" lon="-113.65189">
        <ele>1496.91</ele>
      </trkpt>
      <trkpt lat="48.7936" lon="-113.65186">
        <ele>1496.15</ele>
      </trkpt>
      <trkpt lat="48.79366" lon="-113.65181">
        <ele>1495.4</ele>
      </trkpt>
      <trkpt lat="48.79375" lon="-113.65175">
        <ele>1494.1</ele>
      </trkpt>
      <trkpt lat="48.79379" lon="-113.65172">
        <ele>1493.56</ele>
      </trkpt>
      <trkpt lat="48.79382" lon="-113.65169">
        <ele>1493.3</ele>
      </trkpt>
      <trkpt lat="48.79383" lon="-113.65161">
        <ele>1493.88</ele>
      </trkpt>
      <trkpt lat="48.79383" lon="-113.65156">
        <ele>1494.27</ele>
      </trkpt>
      <trkpt lat="48.79385" lon="-113.65152">
        <ele>1493.84</ele>
      </trkpt>
      <trkpt lat="48.79404" lon="-113.65136">
        <ele>1491.93</ele>
      </trkpt>
      <trkpt lat="48.79405" lon="-113.65133">
        <ele>1491.99</ele>
      </trkpt>
      <trkpt lat="48.79405" lon="-113.65129">
        <ele>1492.33</ele>
      </trkpt>
      <trkpt lat="48.79403" lon="-113.65119">
        <ele>1493.55</ele>
      </trkpt>
      <trkpt lat="48.79401" lon="-113.65108">
        <ele>1494.49</ele>
      </trkpt>
      <trkpt lat="48.79402" lon="-113.65099">
        <ele>1494.76</ele>
      </trkpt>
      <trkpt lat="48.79406" lon="-113.65085">
        <ele>1494.3</ele>
      </trkpt>
      <trkpt lat="48.79427" lon="-113.65043">
        <ele>1489.88</ele>
      </trkpt>
      <trkpt lat="48.79428" lon="-113.65035">
        <ele>1489.73</ele>
      </trkpt>
      <trkpt lat="48.79425" lon="-113.65024">
        <ele>1490.2</ele>
      </trkpt>
      <trkpt lat="48.79421" lon="-113.65013">
        <ele>1491.06</ele>
      </trkpt>
      <trkpt lat="48.79416" lon="-113.64995">
        <ele>1492.14</ele>
      </trkpt>
      <trkpt lat="48.7941" lon="-113.6497">
        <ele>1492.37</ele>
      </trkpt>
      <trkpt lat="48.79407" lon="-113.64957">
        <ele>1492.47</ele>
      </trkpt>
      <trkpt lat="48.79396" lon="-113.64909">
        <ele>1491.83</ele>
      </trkpt>
      <trkpt lat="48.79386" lon="-113.6488">
        <ele>1491.98</ele>
      </trkpt>
      <trkpt lat="48.79377" lon="-113.64861">
        <ele>1491.84</ele>
      </trkpt>
      <trkpt lat="48.7937" lon="-113.64849">
        <ele>1492.8</ele>
      </trkpt>
      <trkpt lat="48.79365" lon="-113.64845">
        <ele>1493.57</ele>
      </trkpt>
      <trkpt lat="48.7936" lon="-113.64841">
        <ele>1494.19</ele>
      </trkpt>
      <trkpt lat="48.79358" lon="-113.64837">
        <ele>1494.4</ele>
      </trkpt>
      <trkpt lat="48.79354" lon="-113.64821">
        <ele>1493.13</ele>
      </trkpt>
      <trkpt lat="48.79346" lon="-113.648">
        <ele>1491.7</ele>
      </trkpt>
      <trkpt lat="48.7934" lon="-113.64791">
        <ele>1491.54</ele>
      </trkpt>
      <trkpt lat="48.79334" lon="-113.64784">
        <ele>1491.18</ele>
      </trkpt>
      <trkpt lat="48.79324" lon="-113.64765">
        <ele>1488.51</ele>
      </trkpt>
      <trkpt lat="48.79315" lon="-113.64761">
        <ele>1490.49</ele>
      </trkpt>
      <trkpt lat="48.79309" lon="-113.6476">
        <ele>1491.5</ele>
      </trkpt>
      <trkpt lat="48.79306" lon="-113.64758">
        <ele>1491.49</ele>
      </trkpt>
      <trkpt lat="48.79297" lon="-113.64748">
        <ele>1491.32</ele>
      </trkpt>
      <trkpt lat="48.79293" lon="-113.64742">
        <ele>1491.7</ele>
      </trkpt>
      <trkpt lat="48.79283" lon="-113.6473">
        <ele>1493.55</ele>
      </trkpt>
      <trkpt lat="48.79266" lon="-113.64708">
        <ele>1491.13</ele>
      </trkpt>
      <trkpt lat="48.79259" lon="-113.64704">
        <ele>1490.16</ele>
      </trkpt>
      <trkpt lat="48.79252" lon="-113.64704">
        <ele>1490.89</ele>
      </trkpt>
      <trkpt lat="48.79247" lon="-113.647">
        <ele>1490.18</ele>
      </trkpt>
      <trkpt lat="48.79237" lon="-113.64681">
        <ele>1487.44</ele>
      </trkpt>
      <trkpt lat="48.79231" lon="-113.64669">
        <ele>1486.96</ele>
      </trkpt>
      <trkpt lat="48.79227" lon="-113.64657">
        <ele>1484.27</ele>
      </trkpt>
      <trkpt lat="48.79221" lon="-113.64634">
        <ele>1477.49</ele>
      </trkpt>
      <trkpt lat="48.79214" lon="-113.64622">
        <ele>1476.24</ele>
      </trkpt>
      <trkpt lat="48.79198" lon="-113.64597">
        <ele>1473.07</ele>
      </trkpt>
      <trkpt lat="48.79184" lon="-113.64587">
        <ele>1474.1</ele>
      </trkpt>
      <trkpt lat="48.7918" lon="-113.64581">
        <ele>1473.34</ele>
      </trkpt>
      <trkpt lat="48.7917" lon="-113.64563">
        <ele>1470.33</ele>
      </trkpt>
      <trkpt lat="48.79163" lon="-113.64554">
        <ele>1469.68</ele>
      </trkpt>
      <trkpt lat="48.79158" lon="-113.64551">
        <ele>1470.33</ele>
      </trkpt>
      <trkpt lat="48.79152" lon="-113.64545">
        <ele>1470.89</ele>
      </trkpt>
      <trkpt lat="48.79141" lon="-113.6454">
        <ele>1473.12</ele>
      </trkpt>
      <trkpt lat="48.79133" lon="-113.64532">
        <ele>1473.08</ele>
      </trkpt>
      <trkpt lat="48.79123" lon="-113.64528">
        <ele>1475.24</ele>
      </trkpt>
      <trkpt lat="48.79118" lon="-113.64524">
        <ele>1475.95</ele>
      </trkpt>
      <trkpt lat="48.79113" lon="-113.64515">
        <ele>1474.66</ele>
      </trkpt>
      <trkpt lat="48.79107" lon="-113.64512">
        <ele>1475.96</ele>
      </trkpt>
      <trkpt lat="48.791" lon="-113.64503">
        <ele>1475.1</ele>
      </trkpt>
      <trkpt lat="48.79096" lon="-113.64496">
        <ele>1473.8</ele>
      </trkpt>
      <trkpt lat="48.79076" lon="-113.64481">
        <ele>1475.21</ele>
      </trkpt>
      <trkpt lat="48.79063" lon="-113.64467">
        <ele>1474.44</ele>
      </trkpt>
      <trkpt lat="48.79054" lon="-113.64462">
        <ele>1476.09</ele>
      </trkpt>
      <trkpt lat="48.79044" lon="-113.64453">
        <ele>1475.52</ele>
      </trkpt>
      <trkpt lat="48.79031" lon="-113.6444">
        <ele>1474.86</ele>
      </trkpt>
      <trkpt lat="48.79022" lon="-113.64435">
        <ele>1475.81</ele>
      </trkpt>
      <trkpt lat="48.79017" lon="-113.64433">
        <ele>1476.62</ele>
      </trkpt>
      <trkpt lat="48.79004" lon="-113.64431">
        <ele>1478.78</ele>
      </trkpt>
      <trkpt lat="48.78997" lon="-113.64429">
        <ele>1479.64</ele>
      </trkpt>
      <trkpt lat="48.78989" lon="-113.64425">
        <ele>1480.08</ele>
      </trkpt>
      <trkpt lat="48.78981" lon="-113.64417">
        <ele>1479.21</ele>
      </trkpt>
      <trkpt lat="48.78979" lon="-113.64411">
        <ele>1477.7</ele>
      </trkpt>
      <trkpt lat="48.78974" lon="-113.64391">
        <ele>1474.07</ele>
      </trkpt>
      <trkpt lat="48.78966" lon="-113.64377">
        <ele>1471.78</ele>
      </trkpt>
      <trkpt lat="48.7896" lon="-113.64374">
        <ele>1472.1</ele>
      </trkpt>
      <trkpt lat="48.78949" lon="-113.64369">
        <ele>1472.72</ele>
      </trkpt>
      <trkpt lat="48.78936" lon="-113.64359">
        <ele>1473.37</ele>
      </trkpt>
      <trkpt lat="48.78933" lon="-113.64355">
        <ele>1473.23</ele>
      </trkpt>
      <trkpt lat="48.78918" lon="-113.64344">
        <ele>1474.87</ele>
      </trkpt>
      <trkpt lat="48.78905" lon="-113.64326">
        <ele>1474.66</ele>
      </trkpt>
      <trkpt lat="48.78892" lon="-113.64317">
        <ele>1478.03</ele>
      </trkpt>
      <trkpt lat="48.78885" lon="-113.6431">
        <ele>1479.66</ele>
      </trkpt>
      <trkpt lat="48.78871" lon="-113.64296">
        <ele>1484.43</ele>
      </trkpt>
      <trkpt lat="48.7886" lon="-113.64283">
        <ele>1487.61</ele>
      </trkpt>
      <trkpt lat="48.78848" lon="-113.64274">
        <ele>1490.85</ele>
      </trkpt>
      <trkpt lat="48.78844" lon="-113.64269">
        <ele>1491.5</ele>
      </trkpt>
      <trkpt lat="48.78843" lon="-113.64266">
        <ele>1491.28</ele>
      </trkpt>
      <trkpt lat="48.78843" lon="-113.64264">
        <ele>1490.85</ele>
      </trkpt>
      <trkpt lat="48.78844" lon="-113.64262">
        <ele>1489.98</ele>
      </trkpt>
      <trkpt lat="48.78848" lon="-113.64245">
        <ele>1484.0</ele>
      </trkpt>
      <trkpt lat="48.78848" lon="-113.64235">
        <ele>1482.2</ele>
      </trkpt>
      <trkpt lat="48.78844" lon="-113.64199">
        <ele>1479.31</ele>
      </trkpt>
      <trkpt lat="48.78843" lon="-113.64171">
        <ele>1478.78</ele>
      </trkpt>
      <trkpt lat="48.7884" lon="-113.64154">
        <ele>1480.68</ele>
      </trkpt>
      <trkpt lat="48.78837" lon="-113.64141">
        <ele>1481.85</ele>
      </trkpt>
      <trkpt lat="48.78836" lon="-113.64138">
        <ele>1482.27</ele>
      </trkpt>
      <trkpt lat="48.78837" lon="-113.64135">
        <ele>1481.62</ele>
      </trkpt>
      <trkpt lat="48.78839" lon="-113.64116">
        <ele>1478.86</ele>
      </trkpt>
      <trkpt lat="48.78839" lon="-113.64104">
        <ele>1478.33</ele>
      </trkpt>
      <trkpt lat="48.78836" lon="-113.64096">
        <ele>1479.64</ele>
      </trkpt>
      <trkpt lat="48.78833" lon="-113.64085">
        <ele>1480.4</ele>
      </trkpt>
      <trkpt lat="48.78821" lon="-113.64043">
        <ele>1483.3</ele>
      </trkpt>
      <trkpt lat="48.78817" lon="-113.64031">
        <ele>1483.82</ele>
      </trkpt>
      <trkpt lat="48.78809" lon="-113.64009">
        <ele>1483.87</ele>
      </trkpt>
      <trkpt lat="48.78805" lon="-113.64005">
        <ele>1484.66</ele>
      </trkpt>
      <trkpt lat="48.78801" lon="-113.63994">
        <ele>1484.34</ele>
      </trkpt>
      <trkpt lat="48.78797" lon="-113.63979">
        <ele>1485.1</ele>
      </trkpt>
      <trkpt lat="48.78797" lon="-113.63966">
        <ele>1485.77</ele>
      </trkpt>
      <trkpt lat="48.78804" lon="-113.63943">
        <ele>1485.5</ele>
      </trkpt>
      <trkpt lat="48.7882" lon="-113.63914">
        <ele>1481.61</ele>
      </trkpt>
      <trkpt lat="48.78828" lon="-113.63904">
        <ele>1479.46</ele>
      </trkpt>
      <trkpt lat="48.78831" lon="-113.63896">
        <ele>1478.76</ele>
      </trkpt>
      <trkpt lat="48.78834" lon="-113.63875">
        <ele>1478.78</ele>
      </trkpt>
      <trkpt lat="48.78837" lon="-113.63856">
        <ele>1478.21</ele>
      </trkpt>
      <trkpt lat="48.78837" lon="-113.6385">
        <ele>1478.21</ele>
      </trkpt>
      <trkpt lat="48.78835" lon="-113.6384">
        <ele>1478.64</ele>
      </trkpt>
      <trkpt lat="48.78831" lon="-113.63827">
        <ele>1479.5</ele>
      </trkpt>
      <trkpt lat="48.78827" lon="-113.63822">
        <ele>1480.37</ele>
      </trkpt>
      <trkpt lat="48.78822" lon="-113.63818">
        <ele>1481.45</ele>
      </trkpt>
      <trkpt lat="48.78816" lon="-113.63815">
        <ele>1482.74</ele>
      </trkpt>
      <trkpt lat="48.78813" lon="-113.63813">
        <ele>1483.39</ele>
      </trkpt>
      <trkpt lat="48.78811" lon="-113.63809">
        <ele>1483.82</ele>
      </trkpt>
      <trkpt lat="48.7881" lon="-113.63802">
        <ele>1484.04</ele>
      </trkpt>
      <trkpt lat="48.78811" lon="-113.63794">
        <ele>1483.82</ele>
      </trkpt>
      <trkpt lat="48.78814" lon="-113.63788">
        <ele>1483.18</ele>
      </trkpt>
      <trkpt lat="48.78819" lon="-113.6378">
        <ele>1482.44</ele>
      </trkpt>
      <trkpt lat="48.78823" lon="-113.63773">
        <ele>1482.12</ele>
      </trkpt>
      <trkpt lat="48.78826" lon="-113.63765">
        <ele>1481.66</ele>
      </trkpt>
      <trkpt lat="48.78827" lon="-113.63763">
        <ele>1481.56</ele>
      </trkpt>
      <trkpt lat="48.78832" lon="-113.63756">
        <ele>1481.14</ele>
      </trkpt>
      <trkpt lat="48.78836" lon="-113.63748">
        <ele>1480.87</ele>
      </trkpt>
      <trkpt lat="48.78843" lon="-113.63742">
        <ele>1479.91</ele>
      </trkpt>
      <trkpt lat="48.78846" lon="-113.63722">
        <ele>1480.26</ele>
      </trkpt>
      <trkpt lat="48.78863" lon="-113.63686">
        <ele>1478.5</ele>
      </trkpt>
      <trkpt lat="48.78868" lon="-113.63669">
        <ele>1477.51</ele>
      </trkpt>
      <trkpt lat="48.78872" lon="-113.63652">
        <ele>1477.75</ele>
      </trkpt>
      <trkpt lat="48.78874" lon="-113.63633">
        <ele>1478.22</ele>
      </trkpt>
      <trkpt lat="48.78876" lon="-113.63597">
        <ele>1479.1</ele>
      </trkpt>
      <trkpt lat="48.78876" lon="-113.63582">
        <ele>1479.87</ele>
      </trkpt>
      <trkpt lat="48.78878" lon="-113.63572">
        <ele>1480.22</ele>
      </trkpt>
      <trkpt lat="48.78879" lon="-113.63556">
        <ele>1480.14</ele>
      </trkpt>
      <trkpt lat="48.78878" lon="-113.63536">
        <ele>1481.44</ele>
      </trkpt>
      <trkpt lat="48.78876" lon="-113.63527">
        <ele>1482.39</ele>
      </trkpt>
      <trkpt lat="48.78873" lon="-113.6352">
        <ele>1482.72</ele>
      </trkpt>
      <trkpt lat="48.78869" lon="-113.63514">
        <ele>1483.71</ele>
      </trkpt>
      <trkpt lat="48.78867" lon="-113.6351">
        <ele>1484.31</ele>
      </trkpt>
      <trkpt lat="48.78867" lon="-113.63506">
        <ele>1484.49</ele>
      </trkpt>
      <trkpt lat="48.78867" lon="-113.63503">
        <ele>1484.61</ele>
      </trkpt>
      <trkpt lat="48.78868" lon="-113.635">
        <ele>1484.51</ele>
      </trkpt>
      <trkpt lat="48.78869" lon="-113.63498">
        <ele>1484.48</ele>
      </trkpt>
      <trkpt lat="48.7888" lon="-113.63488">
        <ele>1483.24</ele>
      </trkpt>
      <trkpt lat="48.78886" lon="-113.6348">
        <ele>1482.73</ele>
      </trkpt>
      <trkpt lat="48.78894" lon="-113.63469">
        <ele>1482.09</ele>
      </trkpt>
      <trkpt lat="48.78903" lon="-113.63462">
        <ele>1481.48</ele>
      </trkpt>
      <trkpt lat="48.78912" lon="-113.63461">
        <ele>1480.5</ele>
      </trkpt>
      <trkpt lat="48.78925" lon="-113.63456">
        <ele>1479.1</ele>
      </trkpt>
      <trkpt lat="48.78938" lon="-113.63452">
        <ele>1478.13</ele>
      </trkpt>
      <trkpt lat="48.78944" lon="-113.63442">
        <ele>1478.3</ele>
      </trkpt>
      <trkpt lat="48.7895" lon="-113.63432">
        <ele>1478.4</ele>
      </trkpt>
      <trkpt lat="48.78957" lon="-113.63411">
        <ele>1478.86</ele>
      </trkpt>
      <trkpt lat="48.78964" lon="-113.634">
        <ele>1479.0</ele>
      </trkpt>
      <trkpt lat="48.78968" lon="-113.63393">
        <ele>1479.25</ele>
      </trkpt>
      <trkpt lat="48.7897" lon="-113.63388">
        <ele>1479.31</ele>
      </trkpt>
      <trkpt lat="48.7897" lon="-113.63382">
        <ele>1479.81</ele>
      </trkpt>
      <trkpt lat="48.78969" lon="-113.63375">
        <ele>1480.17</ele>
      </trkpt>
      <trkpt lat="48.78966" lon="-113.63362">
        <ele>1480.67</ele>
      </trkpt>
      <trkpt lat="48.78962" lon="-113.63343">
        <ele>1481.96</ele>
      </trkpt>
      <trkpt lat="48.78957" lon="-113.63332">
        <ele>1482.64</ele>
      </trkpt>
      <trkpt lat="48.7895" lon="-113.633">
        <ele>1484.24</ele>
      </trkpt>
      <trkpt lat="48.78942" lon="-113.63258">
        <ele>1485.26</ele>
      </trkpt>
      <trkpt lat="48.78942" lon="-113.63249">
        <ele>1485.34</ele>
      </trkpt>
      <trkpt lat="48.78942" lon="-113.63243">
        <ele>1485.82</ele>
      </trkpt>
      <trkpt lat="48.78945" lon="-113.63236">
        <ele>1485.94</ele>
      </trkpt>
      <trkpt lat="48.78947" lon="-113.63229">
        <ele>1485.72</ele>
      </trkpt>
      <trkpt lat="48.78949" lon="-113.63226">
        <ele>1485.51</ele>
      </trkpt>
      <trkpt lat="48.78957" lon="-113.6322">
        <ele>1485.0</ele>
      </trkpt>
      <trkpt lat="48.78959" lon="-113.63212">
        <ele>1485.0</ele>
      </trkpt>
      <trkpt lat="48.78959" lon="-113.63207">
        <ele>1485.0</ele>
      </trkpt>
      <trkpt lat="48.78958" lon="-113.63194">
        <ele>1485.03</ele>
      </trkpt>
      <trkpt lat="48.78956" lon="-113.63177">
        <ele>1485.75</ele>
      </trkpt>
      <trkpt lat="48.78956" lon="-113.63167">
        <ele>1485.75</ele>
      </trkpt>
      <trkpt lat="48.78956" lon="-113.63163">
        <ele>1485.85</ele>
      </trkpt>
      <trkpt lat="48.78954" lon="-113.63159">
        <ele>1485.99</ele>
      </trkpt>
      <trkpt lat="48.78949" lon="-113.63139">
        <ele>1486.51</ele>
      </trkpt>
      <trkpt lat="48.78949" lon="-113.63118">
        <ele>1486.63</ele>
      </trkpt>
      <trkpt lat="48.78949" lon="-113.6311">
        <ele>1487.0</ele>
      </trkpt>
      <trkpt lat="48.78945" lon="-113.63089">
        <ele>1487.0</ele>
      </trkpt>
      <trkpt lat="48.78942" lon="-113.63082">
        <ele>1487.37</ele>
      </trkpt>
      <trkpt lat="48.7894" lon="-113.63077">
        <ele>1487.84</ele>
      </trkpt>
      <trkpt lat="48.7894" lon="-113.63071">
        <ele>1488.16</ele>
      </trkpt>
      <trkpt lat="48.78938" lon="-113.63043">
        <ele>1489.05</ele>
      </trkpt>
      <trkpt lat="48.78936" lon="-113.63018">
        <ele>1489.91</ele>
      </trkpt>
      <trkpt lat="48.78932" lon="-113.62995">
        <ele>1491.34</ele>
      </trkpt>
      <trkpt lat="48.78929" lon="-113.62978">
        <ele>1491.67</ele>
      </trkpt>
      <trkpt lat="48.7893" lon="-113.62963">
        <ele>1492.0</ele>
      </trkpt>
      <trkpt lat="48.78932" lon="-113.62953">
        <ele>1492.34</ele>
      </trkpt>
      <trkpt lat="48.78935" lon="-113.6294">
        <ele>1492.49</ele>
      </trkpt>
      <trkpt lat="48.78935" lon="-113.62937">
        <ele>1492.81</ele>
      </trkpt>
      <trkpt lat="48.78935" lon="-113.62934">
        <ele>1493.0</ele>
      </trkpt>
      <trkpt lat="48.78933" lon="-113.62925">
        <ele>1493.31</ele>
      </trkpt>
      <trkpt lat="48.78932" lon="-113.62921">
        <ele>1493.69</ele>
      </trkpt>
      <trkpt lat="48.7893" lon="-113.62916">
        <ele>1494.0</ele>
      </trkpt>
      <trkpt lat="48.78928" lon="-113.62912">
        <ele>1494.0</ele>
      </trkpt>
      <trkpt lat="48.78929" lon="-113.62905">
        <ele>1494.17</ele>
      </trkpt>
      <trkpt lat="48.78931" lon="-113.62898">
        <ele>1494.46</ele>
      </trkpt>
      <trkpt lat="48.78932" lon="-113.62895">
        <ele>1494.57</ele>
      </trkpt>
      <trkpt lat="48.78934" lon="-113.62893">
        <ele>1494.61</ele>
      </trkpt>
      <trkpt lat="48.78935" lon="-113.62892">
        <ele>1494.67</ele>
      </trkpt>
      <trkpt lat="48.78941" lon="-113.62885">
        <ele>1495.0</ele>
      </trkpt>
      <trkpt lat="48.78946" lon="-113.62871">
        <ele>1495.0</ele>
      </trkpt>
      <trkpt lat="48.78949" lon="-113.6286">
        <ele>1496.06</ele>
      </trkpt>
      <trkpt lat="48.7895" lon="-113.62854">
        <ele>1496.31</ele>
      </trkpt>
      <trkpt lat="48.78947" lon="-113.62838">
        <ele>1497.5</ele>
      </trkpt>
      <trkpt lat="48.78944" lon="-113.6283">
        <ele>1498.36</ele>
      </trkpt>
      <trkpt lat="48.7894" lon="-113.62823">
        <ele>1499.12</ele>
      </trkpt>
      <trkpt lat="48.78936" lon="-113.62817">
        <ele>1499.76</ele>
      </trkpt>
      <trkpt lat="48.7893" lon="-113.62812">
        <ele>1500.86</ele>
      </trkpt>
      <trkpt lat="48.7892" lon="-113.62809">
        <ele>1502.03</ele>
      </trkpt>
      <trkpt lat="48.78916" lon="-113.62806">
        <ele>1502.97</ele>
      </trkpt>
      <trkpt lat="48.78911" lon="-113.62797">
        <ele>1506.59</ele>
      </trkpt>
      <trkpt lat="48.78907" lon="-113.6279">
        <ele>1509.45</ele>
      </trkpt>
      <trkpt lat="48.78905" lon="-113.62783">
        <ele>1510.96</ele>
      </trkpt>
      <trkpt lat="48.78903" lon="-113.62769">
        <ele>1511.95</ele>
      </trkpt>
      <trkpt lat="48.78903" lon="-113.62766">
        <ele>1511.95</ele>
      </trkpt>
      <trkpt lat="48.78903" lon="-113.62763">
        <ele>1511.95</ele>
      </trkpt>
      <trkpt lat="48.78904" lon="-113.62756">
        <ele>1512.09</ele>
      </trkpt>
      <trkpt lat="48.78901" lon="-113.62753">
        <ele>1513.06</ele>
      </trkpt>
      <trkpt lat="48.78898" lon="-113.62751">
        <ele>1513.94</ele>
      </trkpt>
      <trkpt lat="48.78895" lon="-113.62752">
        <ele>1514.88</ele>
      </trkpt>
      <trkpt lat="48.78892" lon="-113.62755">
        <ele>1515.81</ele>
      </trkpt>
      <trkpt lat="48.7889" lon="-113.6276">
        <ele>1516.45</ele>
      </trkpt>
      <trkpt lat="48.78881" lon="-113.62796">
        <ele>1515.44</ele>
      </trkpt>
      <trkpt lat="48.7888" lon="-113.628">
        <ele>1515.04</ele>
      </trkpt>
      <trkpt lat="48.78877" lon="-113.62803">
        <ele>1515.69</ele>
      </trkpt>
      <trkpt lat="48.78872" lon="-113.62808">
        <ele>1516.41</ele>
      </trkpt>
      <trkpt lat="48.78866" lon="-113.62813">
        <ele>1516.53</ele>
      </trkpt>
      <trkpt lat="48.78863" lon="-113.62815">
        <ele>1516.47</ele>
      </trkpt>
      <trkpt lat="48.78861" lon="-113.62817">
        <ele>1515.59</ele>
      </trkpt>
      <trkpt lat="48.78858" lon="-113.62817">
        <ele>1515.66</ele>
      </trkpt>
      <trkpt lat="48.7885" lon="-113.62818">
        <ele>1514.95</ele>
      </trkpt>
      <trkpt lat="48.78845" lon="-113.62818">
        <ele>1514.05</ele>
      </trkpt>
      <trkpt lat="48.7884" lon="-113.62815">
        <ele>1514.64</ele>
      </trkpt>
      <trkpt lat="48.78829" lon="-113.62811">
        <ele>1514.9</ele>
      </trkpt>
      <trkpt lat="48.7882" lon="-113.62805">
        <ele>1516.86</ele>
      </trkpt>
      <trkpt lat="48.78819" lon="-113.62804">
        <ele>1517.29</ele>
      </trkpt>
      <trkpt lat="48.78818" lon="-113.62803">
        <ele>1517.72</ele>
      </trkpt>
      <trkpt lat="48.78818" lon="-113.62802">
        <ele>1518.26</ele>
      </trkpt>
      <trkpt lat="48.78818" lon="-113.62801">
        <ele>1518.8</ele>
      </trkpt>
      <trkpt lat="48.78818" lon="-113.62801">
        <ele>1518.8</ele>
      </trkpt>
      <trkpt lat="48.78819" lon="-113.628">
        <ele>1519.45</ele>
      </trkpt>
      <trkpt lat="48.7882" lon="-113.62801">
        <ele>1519.02</ele>
      </trkpt>
      <trkpt lat="48.78823" lon="-113.62801">
        <ele>1519.34</ele>
      </trkpt>
      <trkpt lat="48.78829" lon="-113.62804">
        <ele>1518.46</ele>
      </trkpt>
      <trkpt lat="48.78833" lon="-113.62805">
        <ele>1518.32</ele>
      </trkpt>
      <trkpt lat="48.78838" lon="-113.62804">
        <ele>1519.93</ele>
      </trkpt>
      <trkpt lat="48.78846" lon="-113.62802">
        <ele>1522.15</ele>
      </trkpt>
      <trkpt lat="48.78854" lon="-113.62799">
        <ele>1523.44</ele>
      </trkpt>
      <trkpt lat="48.78857" lon="-113.62796">
        <ele>1524.0</ele>
      </trkpt>
      <trkpt lat="48.7886" lon="-113.62789">
        <ele>1525.7</ele>
      </trkpt>
      <trkpt lat="48.78863" lon="-113.62782">
        <ele>1526.61</ele>
      </trkpt>
      <trkpt lat="48.78864" lon="-113.62774">
        <ele>1528.54</ele>
      </trkpt>
      <trkpt lat="48.78864" lon="-113.62766">
        <ele>1530.67</ele>
      </trkpt>
      <trkpt lat="48.78863" lon="-113.62759">
        <ele>1532.83</ele>
      </trkpt>
      <trkpt lat="48.78862" lon="-113.62752">
        <ele>1534.99</ele>
      </trkpt>
      <trkpt lat="48.78862" lon="-113.62749">
        <ele>1535.53</ele>
      </trkpt>
      <trkpt lat="48.78861" lon="-113.62748">
        <ele>1536.28</ele>
      </trkpt>
      <trkpt lat="48.78861" lon="-113.62747">
        <ele>1536.38</ele>
      </trkpt>
      <trkpt lat="48.7886" lon="-113.62747">
        <ele>1536.92</ele>
      </trkpt>
      <trkpt lat="48.78859" lon="-113.62748">
        <ele>1537.36</ele>
      </trkpt>
      <trkpt lat="48.78859" lon="-113.6275">
        <ele>1537.14</ele>
      </trkpt>
      <trkpt lat="48.78857" lon="-113.62756">
        <ele>1536.92</ele>
      </trkpt>
      <trkpt lat="48.78856" lon="-113.62759">
        <ele>1536.82</ele>
      </trkpt>
      <trkpt lat="48.78855" lon="-113.62762">
        <ele>1536.51</ele>
      </trkpt>
      <trkpt lat="48.78855" lon="-113.62767">
        <ele>1535.08</ele>
      </trkpt>
      <trkpt lat="48.78852" lon="-113.62773">
        <ele>1534.48</ele>
      </trkpt>
      <trkpt lat="48.78849" lon="-113.62776">
        <ele>1533.94</ele>
      </trkpt>
      <trkpt lat="48.78842" lon="-113.62776">
        <ele>1534.77</ele>
      </trkpt>
      <trkpt lat="48.78837" lon="-113.62775">
        <ele>1535.2</ele>
      </trkpt>
      <trkpt lat="48.78832" lon="-113.62773">
        <ele>1535.92</ele>
      </trkpt>
      <trkpt lat="48.78827" lon="-113.62772">
        <ele>1535.81</ele>
      </trkpt>
      <trkpt lat="48.78806" lon="-113.62761">
        <ele>1541.06</ele>
      </trkpt>
      <trkpt lat="48.78797" lon="-113.62757">
        <ele>1543.45</ele>
      </trkpt>
      <trkpt lat="48.78793" lon="-113.62756">
        <ele>1544.34</ele>
      </trkpt>
      <trkpt lat="48.7878" lon="-113.62759">
        <ele>1543.92</ele>
      </trkpt>
      <trkpt lat="48.78766" lon="-113.62759">
        <ele>1546.98</ele>
      </trkpt>
      <trkpt lat="48.7874" lon="-113.62763">
        <ele>1553.52</ele>
      </trkpt>
      <trkpt lat="48.78727" lon="-113.62771">
        <ele>1554.19</ele>
      </trkpt>
      <trkpt lat="48.78725" lon="-113.62772">
        <ele>1554.43</ele>
      </trkpt>
      <trkpt lat="48.78724" lon="-113.62772">
        <ele>1554.9</ele>
      </trkpt>
      <trkpt lat="48.78723" lon="-113.62772">
        <ele>1555.38</ele>
      </trkpt>
      <trkpt lat="48.78723" lon="-113.6277">
        <ele>1556.69</ele>
      </trkpt>
      <trkpt lat="48.78724" lon="-113.62769">
        <ele>1556.91</ele>
      </trkpt>
      <trkpt lat="48.78726" lon="-113.62767">
        <ele>1557.25</ele>
      </trkpt>
      <trkpt lat="48.78742" lon="-113.62753">
        <ele>1558.93</ele>
      </trkpt>
      <trkpt lat="48.78759" lon="-113.62743">
        <ele>1559.6</ele>
      </trkpt>
      <trkpt lat="48.78787" lon="-113.62729">
        <ele>1560.08</ele>
      </trkpt>
      <trkpt lat="48.78798" lon="-113.62722">
        <ele>1560.89</ele>
      </trkpt>
      <trkpt lat="48.788" lon="-113.6272">
        <ele>1561.32</ele>
      </trkpt>
      <trkpt lat="48.78801" lon="-113.62717">
        <ele>1562.18</ele>
      </trkpt>
      <trkpt lat="48.788" lon="-113.62715">
        <ele>1562.94</ele>
      </trkpt>
      <trkpt lat="48.78799" lon="-113.62713">
        <ele>1563.7</ele>
      </trkpt>
      <trkpt lat="48.78797" lon="-113.62712">
        <ele>1564.13</ele>
      </trkpt>
      <trkpt lat="48.78792" lon="-113.62709">
        <ele>1565.59</ele>
      </trkpt>
      <trkpt lat="48.78783" lon="-113.62709">
        <ele>1566.43</ele>
      </trkpt>
      <trkpt lat="48.78764" lon="-113.6271">
        <ele>1566.84</ele>
      </trkpt>
      <trkpt lat="48.78748" lon="-113.62712">
        <ele>1565.02</ele>
      </trkpt>
      <trkpt lat="48.78733" lon="-113.62712">
        <ele>1559.15</ele>
      </trkpt>
      <trkpt lat="48.78723" lon="-113.62713">
        <ele>1555.36</ele>
      </trkpt>
      <trkpt lat="48.7871" lon="-113.62721">
        <ele>1555.7</ele>
      </trkpt>
      <trkpt lat="48.78692" lon="-113.62735">
        <ele>1560.42</ele>
      </trkpt>
      <trkpt lat="48.78678" lon="-113.62746">
        <ele>1563.7</ele>
      </trkpt>
      <trkpt lat="48.78653" lon="-113.62753">
        <ele>1566.65</ele>
      </trkpt>
      <trkpt lat="48.78632" lon="-113.62759">
        <ele>1569.66</ele>
      </trkpt>
      <trkpt lat="48.78619" lon="-113.62766">
        <ele>1575.79</ele>
      </trkpt>
      <trkpt lat="48.78607" lon="-113.62774">
        <ele>1581.67</ele>
      </trkpt>
      <trkpt lat="48.78596" lon="-113.62783">
        <ele>1586.97</ele>
      </trkpt>
      <trkpt lat="48.78589" lon="-113.62793">
        <ele>1588.78</ele>
      </trkpt>
      <trkpt lat="48.78583" lon="-113.62805">
        <ele>1589.04</ele>
      </trkpt>
      <trkpt lat="48.78576" lon="-113.62824">
        <ele>1587.59</ele>
      </trkpt>
      <trkpt lat="48.78563" lon="-113.62864">
        <ele>1584.41</ele>
      </trkpt>
      <trkpt lat="48.78557" lon="-113.62873">
        <ele>1584.96</ele>
      </trkpt>
      <trkpt lat="48.78556" lon="-113.62874">
        <ele>1585.07</ele>
      </trkpt>
      <trkpt lat="48.78555" lon="-113.62877">
        <ele>1584.81</ele>
      </trkpt>
      <trkpt lat="48.78554" lon="-113.62879">
        <ele>1584.81</ele>
      </trkpt>
      <trkpt lat="48.78554" lon="-113.62883">
        <ele>1584.25</ele>
      </trkpt>
      <trkpt lat="48.78554" lon="-113.62894">
        <ele>1582.49</ele>
      </trkpt>
      <trkpt lat="48.78553" lon="-113.629">
        <ele>1581.65</ele>
      </trkpt>
      <trkpt lat="48.78552" lon="-113.62901">
        <ele>1581.8</ele>
      </trkpt>
      <trkpt lat="48.78551" lon="-113.62901">
        <ele>1582.2</ele>
      </trkpt>
      <trkpt lat="48.7855" lon="-113.629">
        <ele>1582.88</ele>
      </trkpt>
      <trkpt lat="48.7855" lon="-113.62898">
        <ele>1583.42</ele>
      </trkpt>
      <trkpt lat="48.78551" lon="-113.62879">
        <ele>1586.1</ele>
      </trkpt>
      <trkpt lat="48.78551" lon="-113.62871">
        <ele>1587.83</ele>
      </trkpt>
      <trkpt lat="48.7855" lon="-113.6287">
        <ele>1588.48</ele>
      </trkpt>
      <trkpt lat="48.78549" lon="-113.6287">
        <ele>1588.91</ele>
      </trkpt>
      <trkpt lat="48.78548" lon="-113.6287">
        <ele>1589.34</ele>
      </trkpt>
      <trkpt lat="48.78547" lon="-113.62872">
        <ele>1589.34</ele>
      </trkpt>
      <trkpt lat="48.78546" lon="-113.62876">
        <ele>1588.94</ele>
      </trkpt>
      <trkpt lat="48.78542" lon="-113.62895">
        <ele>1587.35</ele>
      </trkpt>
      <trkpt lat="48.78527" lon="-113.62924">
        <ele>1585.67</ele>
      </trkpt>
      <trkpt lat="48.78521" lon="-113.62934">
        <ele>1585.22</ele>
      </trkpt>
      <trkpt lat="48.78515" lon="-113.62948">
        <ele>1584.52</ele>
      </trkpt>
      <trkpt lat="48.78514" lon="-113.62948">
        <ele>1584.88</ele>
      </trkpt>
      <trkpt lat="48.78513" lon="-113.62948">
        <ele>1585.25</ele>
      </trkpt>
      <trkpt lat="48.78512" lon="-113.62947">
        <ele>1585.75</ele>
      </trkpt>
      <trkpt lat="48.78511" lon="-113.62945">
        <ele>1586.36</ele>
      </trkpt>
      <trkpt lat="48.78511" lon="-113.62943">
        <ele>1586.75</ele>
      </trkpt>
      <trkpt lat="48.78513" lon="-113.62933">
        <ele>1588.26</ele>
      </trkpt>
      <trkpt lat="48.78514" lon="-113.62923">
        <ele>1590.1</ele>
      </trkpt>
      <trkpt lat="48.78516" lon="-113.62918">
        <ele>1590.53</ele>
      </trkpt>
      <trkpt lat="48.78519" lon="-113.62915">
        <ele>1590.38</ele>
      </trkpt>
      <trkpt lat="48.78519" lon="-113.62913">
        <ele>1591.03</ele>
      </trkpt>
      <trkpt lat="48.78519" lon="-113.62911">
        <ele>1591.68</ele>
      </trkpt>
      <trkpt lat="48.78518" lon="-113.62909">
        <ele>1592.61</ele>
      </trkpt>
      <trkpt lat="48.78517" lon="-113.62907">
        <ele>1593.42</ele>
      </trkpt>
      <trkpt lat="48.78514" lon="-113.62909">
        <ele>1593.54</ele>
      </trkpt>
      <trkpt lat="48.78511" lon="-113.62912">
        <ele>1593.54</ele>
      </trkpt>
      <trkpt lat="48.78507" lon="-113.62917">
        <ele>1593.18</ele>
      </trkpt>
      <trkpt lat="48.78499" lon="-113.62928">
        <ele>1592.79</ele>
      </trkpt>
      <trkpt lat="48.78488" lon="-113.62938">
        <ele>1594.07</ele>
      </trkpt>
      <trkpt lat="48.78476" lon="-113.62953">
        <ele>1595.26</ele>
      </trkpt>
      <trkpt lat="48.78458" lon="-113.6297">
        <ele>1598.5</ele>
      </trkpt>
      <trkpt lat="48.78427" lon="-113.63005">
        <ele>1605.46</ele>
      </trkpt>
      <trkpt lat="48.78422" lon="-113.63009">
        <ele>1606.75</ele>
      </trkpt>
      <trkpt lat="48.78415" lon="-113.63017">
        <ele>1608.05</ele>
      </trkpt>
      <trkpt lat="48.78412" lon="-113.63018">
        <ele>1609.13</ele>
      </trkpt>
      <trkpt lat="48.78411" lon="-113.63017">
        <ele>1609.78</ele>
      </trkpt>
      <trkpt lat="48.7841" lon="-113.63015">
        <ele>1610.64</ele>
      </trkpt>
      <trkpt lat="48.7841" lon="-113.63013">
        <ele>1611.07</ele>
      </trkpt>
      <trkpt lat="48.78412" lon="-113.63004">
        <ele>1611.87</ele>
      </trkpt>
      <trkpt lat="48.78417" lon="-113.62983">
        <ele>1612.7</ele>
      </trkpt>
      <trkpt lat="48.78416" lon="-113.62961">
        <ele>1613.22</ele>
      </trkpt>
      <trkpt lat="48.7842" lon="-113.6295">
        <ele>1611.92</ele>
      </trkpt>
      <trkpt lat="48.78423" lon="-113.62928">
        <ele>1610.7</ele>
      </trkpt>
      <trkpt lat="48.78421" lon="-113.6291">
        <ele>1610.06</ele>
      </trkpt>
      <trkpt lat="48.78418" lon="-113.62897">
        <ele>1609.71</ele>
      </trkpt>
      <trkpt lat="48.78412" lon="-113.62882">
        <ele>1611.01</ele>
      </trkpt>
      <trkpt lat="48.78404" lon="-113.62869">
        <ele>1612.1</ele>
      </trkpt>
      <trkpt lat="48.78389" lon="-113.62855">
        <ele>1617.95</ele>
      </trkpt>
      <trkpt lat="48.78374" lon="-113.62849">
        <ele>1623.82</ele>
      </trkpt>
      <trkpt lat="48.78358" lon="-113.62838">
        <ele>1626.84</ele>
      </trkpt>
      <trkpt lat="48.78354" lon="-113.62833">
        <ele>1626.7</ele>
      </trkpt>
      <trkpt lat="48.78354" lon="-113.62833">
        <ele>1626.7</ele>
      </trkpt>
      <trkpt lat="48.78354" lon="-113.62833">
        <ele>1626.7</ele>
      </trkpt>
      <trkpt lat="48.78343" lon="-113.62822">
        <ele>1625.52</ele>
      </trkpt>
      <trkpt lat="48.78335" lon="-113.62814">
        <ele>1624.64</ele>
      </trkpt>
      <trkpt lat="48.78323" lon="-113.62805">
        <ele>1622.99</ele>
      </trkpt>
      <trkpt lat="48.78313" lon="-113.62804">
        <ele>1623.5</ele>
      </trkpt>
      <trkpt lat="48.78305" lon="-113.62805">
        <ele>1623.88</ele>
      </trkpt>
      <trkpt lat="48.78274" lon="-113.62804">
        <ele>1626.0</ele>
      </trkpt>
      <trkpt lat="48.7826" lon="-113.62796">
        <ele>1624.86</ele>
      </trkpt>
      <trkpt lat="48.78244" lon="-113.62782">
        <ele>1623.02</ele>
      </trkpt>
      <trkpt lat="48.78236" lon="-113.62772">
        <ele>1620.94</ele>
      </trkpt>
      <trkpt lat="48.78227" lon="-113.62764">
        <ele>1619.51</ele>
      </trkpt>
      <trkpt lat="48.78211" lon="-113.62763">
        <ele>1619.89</ele>
      </trkpt>
      <trkpt lat="48.78195" lon="-113.62766">
        <ele>1621.18</ele>
      </trkpt>
      <trkpt lat="48.78182" lon="-113.62772">
        <ele>1623.13</ele>
      </trkpt>
      <trkpt lat="48.78173" lon="-113.62783">
        <ele>1626.13</ele>
      </trkpt>
      <trkpt lat="48.78165" lon="-113.62794">
        <ele>1628.68</ele>
      </trkpt>
      <trkpt lat="48.78158" lon="-113.62798">
        <ele>1630.3</ele>
      </trkpt>
      <trkpt lat="48.78151" lon="-113.62799">
        <ele>1630.58</ele>
      </trkpt>
      <trkpt lat="48.78122" lon="-113.6278">
        <ele>1629.3</ele>
      </trkpt>
      <trkpt lat="48.78107" lon="-113.62765">
        <ele>1627.3</ele>
      </trkpt>
      <trkpt lat="48.78093" lon="-113.62747">
        <ele>1622.67</ele>
      </trkpt>
      <trkpt lat="48.78079" lon="-113.62741">
        <ele>1622.57</ele>
      </trkpt>
      <trkpt lat="48.7807" lon="-113.62738">
        <ele>1622.39</ele>
      </trkpt>
      <trkpt lat="48.7806" lon="-113.62737">
        <ele>1623.62</ele>
      </trkpt>
      <trkpt lat="48.78052" lon="-113.62733">
        <ele>1622.98</ele>
      </trkpt>
      <trkpt lat="48.7805" lon="-113.62731">
        <ele>1622.44</ele>
      </trkpt>
      <trkpt lat="48.78048" lon="-113.62728">
        <ele>1621.69</ele>
      </trkpt>
      <trkpt lat="48.78047" lon="-113.62725">
        <ele>1620.82</ele>
      </trkpt>
      <trkpt lat="48.78045" lon="-113.62723">
        <ele>1620.26</ele>
      </trkpt>
      <trkpt lat="48.78038" lon="-113.62723">
        <ele>1620.33</ele>
      </trkpt>
      <trkpt lat="48.78029" lon="-113.62731">
        <ele>1623.84</ele>
      </trkpt>
      <trkpt lat="48.78022" lon="-113.62738">
        <ele>1626.74</ele>
      </trkpt>
      <trkpt lat="48.78016" lon="-113.62749">
        <ele>1630.95</ele>
      </trkpt>
      <trkpt lat="48.7801" lon="-113.62752">
        <ele>1632.55</ele>
      </trkpt>
      <trkpt lat="48.78004" lon="-113.62754">
        <ele>1634.43</ele>
      </trkpt>
      <trkpt lat="48.78" lon="-113.62753">
        <ele>1634.97</ele>
      </trkpt>
      <trkpt lat="48.77993" lon="-113.6274">
        <ele>1632.21</ele>
      </trkpt>
      <trkpt lat="48.77992" lon="-113.62732">
        <ele>1629.08</ele>
      </trkpt>
      <trkpt lat="48.7799" lon="-113.6273">
        <ele>1628.67</ele>
      </trkpt>
      <trkpt lat="48.77982" lon="-113.62732">
        <ele>1631.06</ele>
      </trkpt>
      <trkpt lat="48.77975" lon="-113.62739">
        <ele>1634.14</ele>
      </trkpt>
      <trkpt lat="48.77966" lon="-113.62738">
        <ele>1634.78</ele>
      </trkpt>
      <trkpt lat="48.77954" lon="-113.62728">
        <ele>1631.87</ele>
      </trkpt>
      <trkpt lat="48.7795" lon="-113.62725">
        <ele>1631.02</ele>
      </trkpt>
      <trkpt lat="48.77935" lon="-113.62722">
        <ele>1630.93</ele>
      </trkpt>
      <trkpt lat="48.77928" lon="-113.62717">
        <ele>1629.75</ele>
      </trkpt>
      <trkpt lat="48.77909" lon="-113.62713">
        <ele>1634.49</ele>
      </trkpt>
      <trkpt lat="48.77904" lon="-113.62705">
        <ele>1635.24</ele>
      </trkpt>
      <trkpt lat="48.77897" lon="-113.62684">
        <ele>1633.12</ele>
      </trkpt>
      <trkpt lat="48.77889" lon="-113.62672">
        <ele>1633.12</ele>
      </trkpt>
      <trkpt lat="48.7788" lon="-113.62665">
        <ele>1633.38</ele>
      </trkpt>
      <trkpt lat="48.77874" lon="-113.62664">
        <ele>1633.92</ele>
      </trkpt>
      <trkpt lat="48.77867" lon="-113.6266">
        <ele>1633.92</ele>
      </trkpt>
      <trkpt lat="48.77863" lon="-113.62655">
        <ele>1633.28</ele>
      </trkpt>
      <trkpt lat="48.7786" lon="-113.62649">
        <ele>1632.3</ele>
      </trkpt>
      <trkpt lat="48.77855" lon="-113.62645">
        <ele>1631.86</ele>
      </trkpt>
      <trkpt lat="48.77843" lon="-113.62642">
        <ele>1631.99</ele>
      </trkpt>
      <trkpt lat="48.7784" lon="-113.62642">
        <ele>1632.19</ele>
      </trkpt>
      <trkpt lat="48.77832" lon="-113.62649">
        <ele>1634.33</ele>
      </trkpt>
      <trkpt lat="48.77828" lon="-113.62649">
        <ele>1634.76</ele>
      </trkpt>
      <trkpt lat="48.77819" lon="-113.6264">
        <ele>1632.36</ele>
      </trkpt>
      <trkpt lat="48.77812" lon="-113.62629">
        <ele>1629.03</ele>
      </trkpt>
      <trkpt lat="48.7781" lon="-113.62625">
        <ele>1627.52</ele>
      </trkpt>
      <trkpt lat="48.77806" lon="-113.62621">
        <ele>1626.22</ele>
      </trkpt>
      <trkpt lat="48.77795" lon="-113.62611">
        <ele>1627.39</ele>
      </trkpt>
      <trkpt lat="48.77787" lon="-113.6261">
        <ele>1629.77</ele>
      </trkpt>
      <trkpt lat="48.77771" lon="-113.62606">
        <ele>1634.42</ele>
      </trkpt>
      <trkpt lat="48.77765" lon="-113.626">
        <ele>1634.54</ele>
      </trkpt>
      <trkpt lat="48.77756" lon="-113.62595">
        <ele>1635.84</ele>
      </trkpt>
      <trkpt lat="48.77749" lon="-113.62586">
        <ele>1634.52</ele>
      </trkpt>
      <trkpt lat="48.77736" lon="-113.62578">
        <ele>1636.01</ele>
      </trkpt>
      <trkpt lat="48.7772" lon="-113.62568">
        <ele>1635.19</ele>
      </trkpt>
      <trkpt lat="48.77715" lon="-113.62563">
        <ele>1634.34</ele>
      </trkpt>
      <trkpt lat="48.77709" lon="-113.62552">
        <ele>1631.89</ele>
      </trkpt>
      <trkpt lat="48.77706" lon="-113.62548">
        <ele>1630.49</ele>
      </trkpt>
      <trkpt lat="48.777" lon="-113.62546">
        <ele>1630.28</ele>
      </trkpt>
      <trkpt lat="48.77692" lon="-113.62547">
        <ele>1631.47</ele>
      </trkpt>
      <trkpt lat="48.77689" lon="-113.62548">
        <ele>1632.03</ele>
      </trkpt>
      <trkpt lat="48.77687" lon="-113.62552">
        <ele>1633.16</ele>
      </trkpt>
      <trkpt lat="48.77684" lon="-113.62557">
        <ele>1634.7</ele>
      </trkpt>
      <trkpt lat="48.77681" lon="-113.62562">
        <ele>1636.68</ele>
      </trkpt>
      <trkpt lat="48.77677" lon="-113.62566">
        <ele>1638.14</ele>
      </trkpt>
      <trkpt lat="48.77674" lon="-113.62565">
        <ele>1638.45</ele>
      </trkpt>
      <trkpt lat="48.77671" lon="-113.62546">
        <ele>1636.0</ele>
      </trkpt>
      <trkpt lat="48.77665" lon="-113.62531">
        <ele>1634.24</ele>
      </trkpt>
      <trkpt lat="48.77645" lon="-113.62524">
        <ele>1637.86</ele>
      </trkpt>
      <trkpt lat="48.77629" lon="-113.62508">
        <ele>1635.85</ele>
      </trkpt>
      <trkpt lat="48.77622" lon="-113.62502">
        <ele>1635.43</ele>
      </trkpt>
      <trkpt lat="48.77607" lon="-113.62494">
        <ele>1634.94</ele>
      </trkpt>
      <trkpt lat="48.77595" lon="-113.62486">
        <ele>1634.94</ele>
      </trkpt>
      <trkpt lat="48.77577" lon="-113.62485">
        <ele>1638.51</ele>
      </trkpt>
      <trkpt lat="48.77572" lon="-113.62483">
        <ele>1638.9</ele>
      </trkpt>
      <trkpt lat="48.77565" lon="-113.62478">
        <ele>1638.83</ele>
      </trkpt>
      <trkpt lat="48.77557" lon="-113.62472">
        <ele>1639.46</ele>
      </trkpt>
      <trkpt lat="48.77546" lon="-113.62462">
        <ele>1639.89</ele>
      </trkpt>
      <trkpt lat="48.77536" lon="-113.62446">
        <ele>1639.56</ele>
      </trkpt>
      <trkpt lat="48.77528" lon="-113.62425">
        <ele>1636.73</ele>
      </trkpt>
      <trkpt lat="48.77521" lon="-113.62416">
        <ele>1636.32</ele>
      </trkpt>
      <trkpt lat="48.77503" lon="-113.62404">
        <ele>1636.82</ele>
      </trkpt>
      <trkpt lat="48.77485" lon="-113.62386">
        <ele>1634.0</ele>
      </trkpt>
      <trkpt lat="48.7746" lon="-113.62375">
        <ele>1632.66</ele>
      </trkpt>
      <trkpt lat="48.7744" lon="-113.62372">
        <ele>1632.35</ele>
      </trkpt>
      <trkpt lat="48.77425" lon="-113.62368">
        <ele>1632.49</ele>
      </trkpt>
      <trkpt lat="48.77418" lon="-113.62368">
        <ele>1632.49</ele>
      </trkpt>
      <trkpt lat="48.77409" lon="-113.62378">
        <ele>1633.82</ele>
      </trkpt>
      <trkpt lat="48.77401" lon="-113.62382">
        <ele>1635.2</ele>
      </trkpt>
      <trkpt lat="48.77389" lon="-113.62382">
        <ele>1635.51</ele>
      </trkpt>
      <trkpt lat="48.77371" lon="-113.6238">
        <ele>1636.08</ele>
      </trkpt>
      <trkpt lat="48.77346" lon="-113.62387">
        <ele>1640.1</ele>
      </trkpt>
      <trkpt lat="48.77344" lon="-113.62386">
        <ele>1639.96</ele>
      </trkpt>
      <trkpt lat="48.77341" lon="-113.62383">
        <ele>1639.09</ele>
      </trkpt>
      <trkpt lat="48.7734" lon="-113.62379">
        <ele>1637.86</ele>
      </trkpt>
      <trkpt lat="48.77339" lon="-113.62373">
        <ele>1636.57</ele>
      </trkpt>
      <trkpt lat="48.77337" lon="-113.62352">
        <ele>1633.42</ele>
      </trkpt>
      <trkpt lat="48.77336" lon="-113.62349">
        <ele>1632.98</ele>
      </trkpt>
      <trkpt lat="48.77335" lon="-113.62347">
        <ele>1632.66</ele>
      </trkpt>
      <trkpt lat="48.77333" lon="-113.62346">
        <ele>1632.37</ele>
      </trkpt>
      <trkpt lat="48.77331" lon="-113.62346">
        <ele>1632.37</ele>
      </trkpt>
      <trkpt lat="48.7732" lon="-113.62346">
        <ele>1632.21</ele>
      </trkpt>
      <trkpt lat="48.77314" lon="-113.62346">
        <ele>1632.0</ele>
      </trkpt>
      <trkpt lat="48.77306" lon="-113.62352">
        <ele>1632.02</ele>
      </trkpt>
      <trkpt lat="48.77288" lon="-113.62369">
        <ele>1633.9</ele>
      </trkpt>
      <trkpt lat="48.77277" lon="-113.62375">
        <ele>1634.08</ele>
      </trkpt>
      <trkpt lat="48.77267" lon="-113.6238">
        <ele>1634.99</ele>
      </trkpt>
      <trkpt lat="48.77242" lon="-113.62389">
        <ele>1634.02</ele>
      </trkpt>
      <trkpt lat="48.77225" lon="-113.62391">
        <ele>1636.32</ele>
      </trkpt>
      <trkpt lat="48.77202" lon="-113.62391">
        <ele>1642.01</ele>
      </trkpt>
      <trkpt lat="48.77161" lon="-113.62392">
        <ele>1647.41</ele>
      </trkpt>
      <trkpt lat="48.77154" lon="-113.6239">
        <ele>1647.28</ele>
      </trkpt>
      <trkpt lat="48.77141" lon="-113.62382">
        <ele>1645.51</ele>
      </trkpt>
      <trkpt lat="48.77127" lon="-113.62367">
        <ele>1644.56</ele>
      </trkpt>
      <trkpt lat="48.77122" lon="-113.62363">
        <ele>1644.23</ele>
      </trkpt>
      <trkpt lat="48.77077" lon="-113.62353">
        <ele>1643.85</ele>
      </trkpt>
      <trkpt lat="48.77046" lon="-113.62351">
        <ele>1647.76</ele>
      </trkpt>
      <trkpt lat="48.77035" lon="-113.62348">
        <ele>1647.97</ele>
      </trkpt>
      <trkpt lat="48.77031" lon="-113.62345">
        <ele>1647.43</ele>
      </trkpt>
      <trkpt lat="48.77026" lon="-113.62338">
        <ele>1646.1</ele>
      </trkpt>
      <trkpt lat="48.77023" lon="-113.62332">
        <ele>1645.52</ele>
      </trkpt>
      <trkpt lat="48.77019" lon="-113.62329">
        <ele>1645.95</ele>
      </trkpt>
      <trkpt lat="48.77016" lon="-113.62326">
        <ele>1646.27</ele>
      </trkpt>
      <trkpt lat="48.77015" lon="-113.62322">
        <ele>1646.24</ele>
      </trkpt>
      <trkpt lat="48.77015" lon="-113.62316">
        <ele>1645.84</ele>
      </trkpt>
      <trkpt lat="48.77015" lon="-113.62312">
        <ele>1645.76</ele>
      </trkpt>
      <trkpt lat="48.77006" lon="-113.62299">
        <ele>1647.35</ele>
      </trkpt>
      <trkpt lat="48.77" lon="-113.62292">
        <ele>1648.54</ele>
      </trkpt>
      <trkpt lat="48.76986" lon="-113.62244">
        <ele>1647.38</ele>
      </trkpt>
      <trkpt lat="48.76971" lon="-113.62202">
        <ele>1649.08</ele>
      </trkpt>
      <trkpt lat="48.76958" lon="-113.62187">
        <ele>1651.18</ele>
      </trkpt>
      <trkpt lat="48.76947" lon="-113.6218">
        <ele>1653.61</ele>
      </trkpt>
      <trkpt lat="48.76935" lon="-113.62168">
        <ele>1655.35</ele>
      </trkpt>
      <trkpt lat="48.7692" lon="-113.62139">
        <ele>1654.66</ele>
      </trkpt>
      <trkpt lat="48.76888" lon="-113.62117">
        <ele>1656.31</ele>
      </trkpt>
      <trkpt lat="48.76879" lon="-113.62114">
        <ele>1656.38</ele>
      </trkpt>
      <trkpt lat="48.76867" lon="-113.62115">
        <ele>1657.42</ele>
      </trkpt>
      <trkpt lat="48.7686" lon="-113.6212">
        <ele>1658.08</ele>
      </trkpt>
      <trkpt lat="48.76847" lon="-113.62123">
        <ele>1659.28</ele>
      </trkpt>
      <trkpt lat="48.76835" lon="-113.62129">
        <ele>1659.88</ele>
      </trkpt>
      <trkpt lat="48.76826" lon="-113.62129">
        <ele>1659.92</ele>
      </trkpt>
      <trkpt lat="48.76821" lon="-113.62127">
        <ele>1659.48</ele>
      </trkpt>
      <trkpt lat="48.7682" lon="-113.6212">
        <ele>1658.98</ele>
      </trkpt>
      <trkpt lat="48.76819" lon="-113.62114">
        <ele>1658.69</ele>
      </trkpt>
      <trkpt lat="48.76822" lon="-113.62112">
        <ele>1658.3</ele>
      </trkpt>
      <trkpt lat="48.76828" lon="-113.62107">
        <ele>1658.0</ele>
      </trkpt>
      <trkpt lat="48.76838" lon="-113.62102">
        <ele>1657.5</ele>
      </trkpt>
      <trkpt lat="48.7684" lon="-113.62096">
        <ele>1657.28</ele>
      </trkpt>
      <trkpt lat="48.76841" lon="-113.62093">
        <ele>1657.17</ele>
      </trkpt>
      <trkpt lat="48.7684" lon="-113.62089">
        <ele>1657.56</ele>
      </trkpt>
      <trkpt lat="48.76838" lon="-113.62088">
        <ele>1657.75</ele>
      </trkpt>
      <trkpt lat="48.76835" lon="-113.6209">
        <ele>1657.87</ele>
      </trkpt>
      <trkpt lat="48.76824" lon="-113.62093">
        <ele>1658.01</ele>
      </trkpt>
      <trkpt lat="48.76811" lon="-113.62093">
        <ele>1659.39</ele>
      </trkpt>
      <trkpt lat="48.76801" lon="-113.62097">
        <ele>1659.52</ele>
      </trkpt>
      <trkpt lat="48.76784" lon="-113.62099">
        <ele>1661.91</ele>
      </trkpt>
      <trkpt lat="48.76776" lon="-113.62101">
        <ele>1664.04</ele>
      </trkpt>
      <trkpt lat="48.76761" lon="-113.6211">
        <ele>1667.77</ele>
      </trkpt>
      <trkpt lat="48.76758" lon="-113.62112">
        <ele>1668.22</ele>
      </trkpt>
      <trkpt lat="48.76755" lon="-113.62117">
        <ele>1668.11</ele>
      </trkpt>
      <trkpt lat="48.76747" lon="-113.62128">
        <ele>1668.0</ele>
      </trkpt>
      <trkpt lat="48.76735" lon="-113.62136">
        <ele>1669.13</ele>
      </trkpt>
      <trkpt lat="48.76719" lon="-113.62145">
        <ele>1669.03</ele>
      </trkpt>
      <trkpt lat="48.76713" lon="-113.62143">
        <ele>1670.11</ele>
      </trkpt>
      <trkpt lat="48.76709" lon="-113.62139">
        <ele>1670.98</ele>
      </trkpt>
      <trkpt lat="48.767" lon="-113.62136">
        <ele>1671.75</ele>
      </trkpt>
      <trkpt lat="48.76693" lon="-113.62137">
        <ele>1671.77</ele>
      </trkpt>
      <trkpt lat="48.76681" lon="-113.62138">
        <ele>1672.74</ele>
      </trkpt>
      <trkpt lat="48.76667" lon="-113.6214">
        <ele>1673.6</ele>
      </trkpt>
      <trkpt lat="48.76652" lon="-113.62135">
        <ele>1677.85</ele>
      </trkpt>
      <trkpt lat="48.76635" lon="-113.6214">
        <ele>1679.53</ele>
      </trkpt>
      <trkpt lat="48.76624" lon="-113.62139">
        <ele>1682.79</ele>
      </trkpt>
      <trkpt lat="48.76614" lon="-113.62142">
        <ele>1685.06</ele>
      </trkpt>
      <trkpt lat="48.76608" lon="-113.62146">
        <ele>1685.96</ele>
      </trkpt>
      <trkpt lat="48.76599" lon="-113.62149">
        <ele>1688.68</ele>
      </trkpt>
      <trkpt lat="48.76597" lon="-113.62158">
        <ele>1686.97</ele>
      </trkpt>
      <trkpt lat="48.76588" lon="-113.62169">
        <ele>1687.98</ele>
      </trkpt>
      <trkpt lat="48.76581" lon="-113.62172">
        <ele>1689.6</ele>
      </trkpt>
      <trkpt lat="48.76571" lon="-113.62173">
        <ele>1692.4</ele>
      </trkpt>
      <trkpt lat="48.7656" lon="-113.62185">
        <ele>1692.09</ele>
      </trkpt>
      <trkpt lat="48.76549" lon="-113.6219">
        <ele>1692.86</ele>
      </trkpt>
      <trkpt lat="48.76534" lon="-113.6221">
        <ele>1688.39</ele>
      </trkpt>
      <trkpt lat="48.76531" lon="-113.62221">
        <ele>1685.61</ele>
      </trkpt>
      <trkpt lat="48.76525" lon="-113.62233">
        <ele>1684.44</ele>
      </trkpt>
      <trkpt lat="48.76523" lon="-113.62235">
        <ele>1684.65</ele>
      </trkpt>
      <trkpt lat="48.76512" lon="-113.62235">
        <ele>1687.46</ele>
      </trkpt>
      <trkpt lat="48.7651" lon="-113.62237">
        <ele>1687.62</ele>
      </trkpt>
      <trkpt lat="48.76508" lon="-113.62241">
        <ele>1687.27</ele>
      </trkpt>
      <trkpt lat="48.76507" lon="-113.62247">
        <ele>1687.49</ele>
      </trkpt>
      <trkpt lat="48.765" lon="-113.62264">
        <ele>1688.49</ele>
      </trkpt>
      <trkpt lat="48.76487" lon="-113.62285">
        <ele>1689.52</ele>
      </trkpt>
      <trkpt lat="48.76461" lon="-113.62318">
        <ele>1689.88</ele>
      </trkpt>
      <trkpt lat="48.76442" lon="-113.6233">
        <ele>1692.25</ele>
      </trkpt>
      <trkpt lat="48.76414" lon="-113.62343">
        <ele>1695.21</ele>
      </trkpt>
      <trkpt lat="48.76399" lon="-113.6235">
        <ele>1696.29</ele>
      </trkpt>
      <trkpt lat="48.7638" lon="-113.62366">
        <ele>1695.9</ele>
      </trkpt>
      <trkpt lat="48.76365" lon="-113.62377">
        <ele>1695.86</ele>
      </trkpt>
      <trkpt lat="48.76345" lon="-113.62396">
        <ele>1694.03</ele>
      </trkpt>
      <trkpt lat="48.76343" lon="-113.62397">
        <ele>1694.09</ele>
      </trkpt>
      <trkpt lat="48.76341" lon="-113.62398">
        <ele>1694.02</ele>
      </trkpt>
      <trkpt lat="48.76339" lon="-113.62399">
        <ele>1693.85</ele>
      </trkpt>
      <trkpt lat="48.76337" lon="-113.62399">
        <ele>1693.87</ele>
      </trkpt>
      <trkpt lat="48.76336" lon="-113.62398">
        <ele>1694.02</ele>
      </trkpt>
      <trkpt lat="48.76336" lon="-113.62397">
        <ele>1694.12</ele>
      </trkpt>
      <trkpt lat="48.76336" lon="-113.62396">
        <ele>1694.23</ele>
      </trkpt>
      <trkpt lat="48.76336" lon="-113.62394">
        <ele>1694.45</ele>
      </trkpt>
      <trkpt lat="48.76337" lon="-113.62393">
        <ele>1694.56</ele>
      </trkpt>
      <trkpt lat="48.76342" lon="-113.62392">
        <ele>1694.66</ele>
      </trkpt>
      <trkpt lat="48.76343" lon="-113.6239">
        <ele>1694.87</ele>
      </trkpt>
      <trkpt lat="48.76345" lon="-113.62388">
        <ele>1695.1</ele>
      </trkpt>
      <trkpt lat="48.76352" lon="-113.62378">
        <ele>1696.18</ele>
      </trkpt>
      <trkpt lat="48.76357" lon="-113.62374">
        <ele>1696.61</ele>
      </trkpt>
      <trkpt lat="48.76359" lon="-113.62366">
        <ele>1697.94</ele>
      </trkpt>
      <trkpt lat="48.76359" lon="-113.62361">
        <ele>1699.03</ele>
      </trkpt>
      <trkpt lat="48.76358" lon="-113.62357">
        <ele>1700.04</ele>
      </trkpt>
      <trkpt lat="48.76352" lon="-113.62355">
        <ele>1700.97</ele>
      </trkpt>
      <trkpt lat="48.76348" lon="-113.62355">
        <ele>1701.12</ele>
      </trkpt>
      <trkpt lat="48.76343" lon="-113.62357">
        <ele>1700.86</ele>
      </trkpt>
      <trkpt lat="48.76338" lon="-113.62359">
        <ele>1700.57</ele>
      </trkpt>
      <trkpt lat="48.76334" lon="-113.62358">
        <ele>1700.98</ele>
      </trkpt>
      <trkpt lat="48.76322" lon="-113.62347">
        <ele>1704.27</ele>
      </trkpt>
      <trkpt lat="48.76317" lon="-113.62344">
        <ele>1705.46</ele>
      </trkpt>
      <trkpt lat="48.76311" lon="-113.62342">
        <ele>1706.54</ele>
      </trkpt>
      <trkpt lat="48.76307" lon="-113.62345">
        <ele>1706.54</ele>
      </trkpt>
      <trkpt lat="48.76302" lon="-113.62354">
        <ele>1706.92</ele>
      </trkpt>
      <trkpt lat="48.76294" lon="-113.62361">
        <ele>1708.76</ele>
      </trkpt>
      <trkpt lat="48.76281" lon="-113.62363">
        <ele>1711.9</ele>
      </trkpt>
      <trkpt lat="48.76272" lon="-113.62365">
        <ele>1713.41</ele>
      </trkpt>
      <trkpt lat="48.76266" lon="-113.62365">
        <ele>1714.7</ele>
      </trkpt>
      <trkpt lat="48.76252" lon="-113.62376">
        <ele>1714.57</ele>
      </trkpt>
      <trkpt lat="48.76245" lon="-113.62377">
        <ele>1715.65</ele>
      </trkpt>
      <trkpt lat="48.76233" lon="-113.6239">
        <ele>1713.76</ele>
      </trkpt>
      <trkpt lat="48.76226" lon="-113.6239">
        <ele>1714.28</ele>
      </trkpt>
      <trkpt lat="48.76217" lon="-113.62391">
        <ele>1714.88</ele>
      </trkpt>
      <trkpt lat="48.76211" lon="-113.62393">
        <ele>1714.76</ele>
      </trkpt>
      <trkpt lat="48.76203" lon="-113.62402">
        <ele>1712.94</ele>
      </trkpt>
      <trkpt lat="48.76195" lon="-113.62408">
        <ele>1713.69</ele>
      </trkpt>
      <trkpt lat="48.76186" lon="-113.62408">
        <ele>1717.52</ele>
      </trkpt>
      <trkpt lat="48.76179" lon="-113.62409">
        <ele>1719.77</ele>
      </trkpt>
      <trkpt lat="48.76168" lon="-113.6242">
        <ele>1721.85</ele>
      </trkpt>
      <trkpt lat="48.76157" lon="-113.62432">
        <ele>1722.78</ele>
      </trkpt>
      <trkpt lat="48.76148" lon="-113.62442">
        <ele>1723.3</ele>
      </trkpt>
      <trkpt lat="48.76133" lon="-113.62451">
        <ele>1724.67</ele>
      </trkpt>
      <trkpt lat="48.76115" lon="-113.62467">
        <ele>1723.71</ele>
      </trkpt>
      <trkpt lat="48.76096" lon="-113.62475">
        <ele>1725.33</ele>
      </trkpt>
      <trkpt lat="48.76072" lon="-113.62484">
        <ele>1727.68</ele>
      </trkpt>
      <trkpt lat="48.76063" lon="-113.6249">
        <ele>1727.36</ele>
      </trkpt>
      <trkpt lat="48.76042" lon="-113.62504">
        <ele>1727.6</ele>
      </trkpt>
      <trkpt lat="48.7603" lon="-113.62511">
        <ele>1727.57</ele>
      </trkpt>
      <trkpt lat="48.76024" lon="-113.62512">
        <ele>1728.11</ele>
      </trkpt>
      <trkpt lat="48.76014" lon="-113.62516">
        <ele>1728.76</ele>
      </trkpt>
      <trkpt lat="48.76002" lon="-113.62521">
        <ele>1729.52</ele>
      </trkpt>
      <trkpt lat="48.75987" lon="-113.62527">
        <ele>1730.49</ele>
      </trkpt>
      <trkpt lat="48.75973" lon="-113.6253">
        <ele>1731.44</ele>
      </trkpt>
      <trkpt lat="48.7596" lon="-113.62534">
        <ele>1733.4</ele>
      </trkpt>
      <trkpt lat="48.75946" lon="-113.62541">
        <ele>1735.28</ele>
      </trkpt>
      <trkpt lat="48.7592" lon="-113.62561">
        <ele>1737.48</ele>
      </trkpt>
      <trkpt lat="48.75905" lon="-113.62569">
        <ele>1739.47</ele>
      </trkpt>
      <trkpt lat="48.75892" lon="-113.62574">
        <ele>1740.68</ele>
      </trkpt>
      <trkpt lat="48.75878" lon="-113.62581">
        <ele>1742.6</ele>
      </trkpt>
      <trkpt lat="48.75862" lon="-113.62587">
        <ele>1745.02</ele>
      </trkpt>
      <trkpt lat="48.75839" lon="-113.62601">
        <ele>1746.92</ele>
      </trkpt>
      <trkpt lat="48.75815" lon="-113.62611">
        <ele>1748.0</ele>
      </trkpt>
      <trkpt lat="48.75807" lon="-113.62613">
        <ele>1749.48</ele>
      </trkpt>
      <trkpt lat="48.758" lon="-113.6261">
        <ele>1751.32</ele>
      </trkpt>
      <trkpt lat="48.75793" lon="-113.62606">
        <ele>1753.26</ele>
      </trkpt>
      <trkpt lat="48.75787" lon="-113.62601">
        <ele>1755.1</ele>
      </trkpt>
      <trkpt lat="48.75784" lon="-113.62601">
        <ele>1756.08</ele>
      </trkpt>
      <trkpt lat="48.75782" lon="-113.62603">
        <ele>1756.51</ele>
      </trkpt>
      <trkpt lat="48.75781" lon="-113.62615">
        <ele>1755.54</ele>
      </trkpt>
      <trkpt lat="48.7578" lon="-113.62625">
        <ele>1754.78</ele>
      </trkpt>
      <trkpt lat="48.75772" lon="-113.62649">
        <ele>1755.78</ele>
      </trkpt>
      <trkpt lat="48.75769" lon="-113.62652">
        <ele>1756.43</ele>
      </trkpt>
      <trkpt lat="48.7576" lon="-113.62652">
        <ele>1758.96</ele>
      </trkpt>
      <trkpt lat="48.75705" lon="-113.62642">
        <ele>1770.38</ele>
      </trkpt>
      <trkpt lat="48.7568" lon="-113.62639">
        <ele>1777.67</ele>
      </trkpt>
      <trkpt lat="48.75662" lon="-113.62641">
        <ele>1781.67</ele>
      </trkpt>
      <trkpt lat="48.75639" lon="-113.62649">
        <ele>1783.99</ele>
      </trkpt>
      <trkpt lat="48.75634" lon="-113.62654">
        <ele>1785.97</ele>
      </trkpt>
      <trkpt lat="48.75633" lon="-113.62661">
        <ele>1785.66</ele>
      </trkpt>
      <trkpt lat="48.75635" lon="-113.62665">
        <ele>1784.92</ele>
      </trkpt>
      <trkpt lat="48.75638" lon="-113.6267">
        <ele>1784.55</ele>
      </trkpt>
      <trkpt lat="48.75643" lon="-113.62685">
        <ele>1784.55</ele>
      </trkpt>
      <trkpt lat="48.75644" lon="-113.62691">
        <ele>1785.08</ele>
      </trkpt>
      <trkpt lat="48.75645" lon="-113.62703">
        <ele>1785.65</ele>
      </trkpt>
      <trkpt lat="48.75643" lon="-113.62709">
        <ele>1786.37</ele>
      </trkpt>
      <trkpt lat="48.75641" lon="-113.62712">
        <ele>1786.75</ele>
      </trkpt>
      <trkpt lat="48.75638" lon="-113.62713">
        <ele>1787.29</ele>
      </trkpt>
      <trkpt lat="48.75634" lon="-113.62711">
        <ele>1788.47</ele>
      </trkpt>
      <trkpt lat="48.75617" lon="-113.62677">
        <ele>1790.69</ele>
      </trkpt>
      <trkpt lat="48.75611" lon="-113.62672">
        <ele>1794.86</ele>
      </trkpt>
      <trkpt lat="48.75603" lon="-113.62669">
        <ele>1796.37</ele>
      </trkpt>
      <trkpt lat="48.75595" lon="-113.62669">
        <ele>1797.05</ele>
      </trkpt>
      <trkpt lat="48.75586" lon="-113.62671">
        <ele>1796.93</ele>
      </trkpt>
      <trkpt lat="48.75583" lon="-113.62672">
        <ele>1796.85</ele>
      </trkpt>
      <trkpt lat="48.75581" lon="-113.62675">
        <ele>1796.2</ele>
      </trkpt>
      <trkpt lat="48.7558" lon="-113.62676">
        <ele>1795.98</ele>
      </trkpt>
      <trkpt lat="48.7558" lon="-113.62677">
        <ele>1795.69</ele>
      </trkpt>
      <trkpt lat="48.75581" lon="-113.62679">
        <ele>1795.09</ele>
      </trkpt>
      <trkpt lat="48.75582" lon="-113.62682">
        <ele>1794.13</ele>
      </trkpt>
      <trkpt lat="48.75582" lon="-113.62685">
        <ele>1793.2</ele>
      </trkpt>
      <trkpt lat="48.75582" lon="-113.62687">
        <ele>1792.75</ele>
      </trkpt>
      <trkpt lat="48.75581" lon="-113.62688">
        <ele>1792.64</ele>
      </trkpt>
      <trkpt lat="48.75576" lon="-113.62691">
        <ele>1792.54</ele>
      </trkpt>
      <trkpt lat="48.7557" lon="-113.62707">
        <ele>1790.61</ele>
      </trkpt>
      <trkpt lat="48.75566" lon="-113.62727">
        <ele>1789.55</ele>
      </trkpt>
      <trkpt lat="48.75558" lon="-113.62747">
        <ele>1791.45</ele>
      </trkpt>
      <trkpt lat="48.75551" lon="-113.62762">
        <ele>1792.82</ele>
      </trkpt>
      <trkpt lat="48.75543" lon="-113.62775">
        <ele>1794.72</ele>
      </trkpt>
      <trkpt lat="48.75526" lon="-113.62831">
        <ele>1793.64</ele>
      </trkpt>
      <trkpt lat="48.75508" lon="-113.6287">
        <ele>1793.44</ele>
      </trkpt>
      <trkpt lat="48.75499" lon="-113.62906">
        <ele>1793.23</ele>
      </trkpt>
      <trkpt lat="48.75493" lon="-113.62928">
        <ele>1793.46</ele>
      </trkpt>
      <trkpt lat="48.75462" lon="-113.63011">
        <ele>1797.02</ele>
      </trkpt>
      <trkpt lat="48.75455" lon="-113.63036">
        <ele>1796.83</ele>
      </trkpt>
      <trkpt lat="48.7545" lon="-113.63051">
        <ele>1796.29</ele>
      </trkpt>
      <trkpt lat="48.75432" lon="-113.63086">
        <ele>1797.3</ele>
      </trkpt>
      <trkpt lat="48.75421" lon="-113.63107">
        <ele>1796.51</ele>
      </trkpt>
      <trkpt lat="48.75419" lon="-113.6311">
        <ele>1796.62</ele>
      </trkpt>
      <trkpt lat="48.75416" lon="-113.63112">
        <ele>1796.89</ele>
      </trkpt>
      <trkpt lat="48.75412" lon="-113.63115">
        <ele>1796.88</ele>
      </trkpt>
      <trkpt lat="48.75405" lon="-113.63123">
        <ele>1797.16</ele>
      </trkpt>
      <trkpt lat="48.75382" lon="-113.63148">
        <ele>1796.76</ele>
      </trkpt>
      <trkpt lat="48.75375" lon="-113.63158">
        <ele>1796.44</ele>
      </trkpt>
      <trkpt lat="48.75364" lon="-113.63177">
        <ele>1794.57</ele>
      </trkpt>
      <trkpt lat="48.75359" lon="-113.63184">
        <ele>1794.58</ele>
      </trkpt>
      <trkpt lat="48.75343" lon="-113.63194">
        <ele>1795.96</ele>
      </trkpt>
      <trkpt lat="48.75335" lon="-113.632">
        <ele>1797.04</ele>
      </trkpt>
      <trkpt lat="48.75329" lon="-113.63207">
        <ele>1796.92</ele>
      </trkpt>
      <trkpt lat="48.75319" lon="-113.63217">
        <ele>1797.66</ele>
      </trkpt>
      <trkpt lat="48.75306" lon="-113.6323">
        <ele>1798.11</ele>
      </trkpt>
      <trkpt lat="48.75303" lon="-113.63232">
        <ele>1798.48</ele>
      </trkpt>
      <trkpt lat="48.75299" lon="-113.63234">
        <ele>1798.95</ele>
      </trkpt>
      <trkpt lat="48.7529" lon="-113.63236">
        <ele>1800.04</ele>
      </trkpt>
      <trkpt lat="48.75282" lon="-113.6324">
        <ele>1800.62</ele>
      </trkpt>
      <trkpt lat="48.75274" lon="-113.63247">
        <ele>1799.92</ele>
      </trkpt>
      <trkpt lat="48.75267" lon="-113.63252">
        <ele>1799.95</ele>
      </trkpt>
      <trkpt lat="48.7526" lon="-113.63254">
        <ele>1800.49</ele>
      </trkpt>
      <trkpt lat="48.75252" lon="-113.63255">
        <ele>1801.24</ele>
      </trkpt>
      <trkpt lat="48.7525" lon="-113.63254">
        <ele>1801.57</ele>
      </trkpt>
      <trkpt lat="48.75248" lon="-113.63253">
        <ele>1801.89</ele>
      </trkpt>
      <trkpt lat="48.75246" lon="-113.63253">
        <ele>1802.11</ele>
      </trkpt>
      <trkpt lat="48.75242" lon="-113.63254">
        <ele>1802.43</ele>
      </trkpt>
      <trkpt lat="48.7524" lon="-113.63255">
        <ele>1802.62</ele>
      </trkpt>
      <trkpt lat="48.75238" lon="-113.63257">
        <ele>1802.84</ele>
      </trkpt>
      <trkpt lat="48.75237" lon="-113.63258">
        <ele>1802.94</ele>
      </trkpt>
      <trkpt lat="48.75235" lon="-113.63259">
        <ele>1803.27</ele>
      </trkpt>
      <trkpt lat="48.75233" lon="-113.63259">
        <ele>1803.7</ele>
      </trkpt>
      <trkpt lat="48.75225" lon="-113.63265">
        <ele>1804.08</ele>
      </trkpt>
      <trkpt lat="48.75219" lon="-113.63268">
        <ele>1804.42</ele>
      </trkpt>
      <trkpt lat="48.75214" lon="-113.63268">
        <ele>1804.99</ele>
      </trkpt>
      <trkpt lat="48.75211" lon="-113.6327">
        <ele>1805.26</ele>
      </trkpt>
      <trkpt lat="48.75201" lon="-113.63272">
        <ele>1807.1</ele>
      </trkpt>
      <trkpt lat="48.75192" lon="-113.63278">
        <ele>1808.03</ele>
      </trkpt>
      <trkpt lat="48.75183" lon="-113.63287">
        <ele>1810.71</ele>
      </trkpt>
      <trkpt lat="48.75176" lon="-113.63305">
        <ele>1811.98</ele>
      </trkpt>
      <trkpt lat="48.75173" lon="-113.63311">
        <ele>1812.04</ele>
      </trkpt>
      <trkpt lat="48.75168" lon="-113.63316">
        <ele>1812.58</ele>
      </trkpt>
      <trkpt lat="48.75157" lon="-113.63324">
        <ele>1814.1</ele>
      </trkpt>
      <trkpt lat="48.75154" lon="-113.63327">
        <ele>1814.42</ele>
      </trkpt>
      <trkpt lat="48.75152" lon="-113.63331">
        <ele>1814.42</ele>
      </trkpt>
      <trkpt lat="48.7515" lon="-113.63337">
        <ele>1814.12</ele>
      </trkpt>
      <trkpt lat="48.75148" lon="-113.63344">
        <ele>1813.9</ele>
      </trkpt>
      <trkpt lat="48.75147" lon="-113.63352">
        <ele>1813.37</ele>
      </trkpt>
      <trkpt lat="48.75148" lon="-113.63355">
        <ele>1813.04</ele>
      </trkpt>
      <trkpt lat="48.7515" lon="-113.63362">
        <ele>1812.1</ele>
      </trkpt>
      <trkpt lat="48.7515" lon="-113.63366">
        <ele>1811.67</ele>
      </trkpt>
      <trkpt lat="48.75149" lon="-113.63369">
        <ele>1811.78</ele>
      </trkpt>
      <trkpt lat="48.75147" lon="-113.63372">
        <ele>1812.2</ele>
      </trkpt>
      <trkpt lat="48.75144" lon="-113.63373">
        <ele>1813.06</ele>
      </trkpt>
      <trkpt lat="48.7514" lon="-113.63373">
        <ele>1814.36</ele>
      </trkpt>
      <trkpt lat="48.75129" lon="-113.63366">
        <ele>1817.68</ele>
      </trkpt>
      <trkpt lat="48.75121" lon="-113.6336">
        <ele>1820.92</ele>
      </trkpt>
      <trkpt lat="48.75117" lon="-113.63359">
        <ele>1821.96</ele>
      </trkpt>
      <trkpt lat="48.75109" lon="-113.6336">
        <ele>1823.58</ele>
      </trkpt>
      <trkpt lat="48.751" lon="-113.63359">
        <ele>1825.47</ele>
      </trkpt>
      <trkpt lat="48.75095" lon="-113.63359">
        <ele>1826.14</ele>
      </trkpt>
      <trkpt lat="48.75092" lon="-113.6336">
        <ele>1826.36</ele>
      </trkpt>
      <trkpt lat="48.75088" lon="-113.63364">
        <ele>1826.68</ele>
      </trkpt>
      <trkpt lat="48.75082" lon="-113.6337">
        <ele>1827.19</ele>
      </trkpt>
      <trkpt lat="48.75079" lon="-113.63376">
        <ele>1826.25</ele>
      </trkpt>
      <trkpt lat="48.75078" lon="-113.6338">
        <ele>1825.5</ele>
      </trkpt>
      <trkpt lat="48.75077" lon="-113.63383">
        <ele>1824.96</ele>
      </trkpt>
      <trkpt lat="48.75075" lon="-113.63384">
        <ele>1824.96</ele>
      </trkpt>
      <trkpt lat="48.75072" lon="-113.63384">
        <ele>1825.28</ele>
      </trkpt>
      <trkpt lat="48.75061" lon="-113.63378">
        <ele>1827.76</ele>
      </trkpt>
      <trkpt lat="48.7506" lon="-113.63378">
        <ele>1827.87</ele>
      </trkpt>
      <trkpt lat="48.75054" lon="-113.63382">
        <ele>1827.66</ele>
      </trkpt>
      <trkpt lat="48.75051" lon="-113.63383">
        <ele>1827.76</ele>
      </trkpt>
      <trkpt lat="48.75048" lon="-113.63384">
        <ele>1827.87</ele>
      </trkpt>
      <trkpt lat="48.75044" lon="-113.63395">
        <ele>1826.84</ele>
      </trkpt>
      <trkpt lat="48.75039" lon="-113.63404">
        <ele>1826.94</ele>
      </trkpt>
      <trkpt lat="48.7503" lon="-113.63422">
        <ele>1827.94</ele>
      </trkpt>
      <trkpt lat="48.7502" lon="-113.63436">
        <ele>1830.43</ele>
      </trkpt>
      <trkpt lat="48.75012" lon="-113.63463">
        <ele>1829.11</ele>
      </trkpt>
      <trkpt lat="48.75005" lon="-113.63477">
        <ele>1828.63</ele>
      </trkpt>
      <trkpt lat="48.74995" lon="-113.63495">
        <ele>1827.87</ele>
      </trkpt>
      <trkpt lat="48.74983" lon="-113.63524">
        <ele>1826.98</ele>
      </trkpt>
      <trkpt lat="48.74977" lon="-113.63532">
        <ele>1827.06</ele>
      </trkpt>
      <trkpt lat="48.74966" lon="-113.63542">
        <ele>1828.12</ele>
      </trkpt>
      <trkpt lat="48.74962" lon="-113.6355">
        <ele>1827.87</ele>
      </trkpt>
      <trkpt lat="48.7496" lon="-113.63557">
        <ele>1827.48</ele>
      </trkpt>
      <trkpt lat="48.74959" lon="-113.63573">
        <ele>1825.97</ele>
      </trkpt>
      <trkpt lat="48.74956" lon="-113.63582">
        <ele>1824.79</ele>
      </trkpt>
      <trkpt lat="48.74951" lon="-113.63591">
        <ele>1824.81</ele>
      </trkpt>
      <trkpt lat="48.74941" lon="-113.63601">
        <ele>1825.84</ele>
      </trkpt>
      <trkpt lat="48.74925" lon="-113.63613">
        <ele>1827.0</ele>
      </trkpt>
      <trkpt lat="48.74918" lon="-113.63619">
        <ele>1827.86</ele>
      </trkpt>
      <trkpt lat="48.74907" lon="-113.63637">
        <ele>1827.26</ele>
      </trkpt>
      <trkpt lat="48.749" lon="-113.6365">
        <ele>1826.4</ele>
      </trkpt>
      <trkpt lat="48.74893" lon="-113.63658">
        <ele>1826.43</ele>
      </trkpt>
      <trkpt lat="48.7489" lon="-113.63666">
        <ele>1825.02</ele>
      </trkpt>
      <trkpt lat="48.74887" lon="-113.63679">
        <ele>1823.87</ele>
      </trkpt>
      <trkpt lat="48.74884" lon="-113.63689">
        <ele>1822.92</ele>
      </trkpt>
      <trkpt lat="48.74878" lon="-113.63697">
        <ele>1823.08</ele>
      </trkpt>
      <trkpt lat="48.74866" lon="-113.63706">
        <ele>1824.7</ele>
      </trkpt>
      <trkpt lat="48.74858" lon="-113.63717">
        <ele>1824.61</ele>
      </trkpt>
      <trkpt lat="48.74837" lon="-113.63741">
        <ele>1824.18</ele>
      </trkpt>
      <trkpt lat="48.74829" lon="-113.63758">
        <ele>1824.07</ele>
      </trkpt>
      <trkpt lat="48.74815" lon="-113.63777">
        <ele>1824.13</ele>
      </trkpt>
      <trkpt lat="48.74809" lon="-113.6379">
        <ele>1823.74</ele>
      </trkpt>
      <trkpt lat="48.74806" lon="-113.638">
        <ele>1822.53</ele>
      </trkpt>
      <trkpt lat="48.74804" lon="-113.63808">
        <ele>1821.68</ele>
      </trkpt>
      <trkpt lat="48.74798" lon="-113.63815">
        <ele>1821.59</ele>
      </trkpt>
      <trkpt lat="48.74792" lon="-113.6382">
        <ele>1821.34</ele>
      </trkpt>
      <trkpt lat="48.74787" lon="-113.63824">
        <ele>1821.02</ele>
      </trkpt>
      <trkpt lat="48.74782" lon="-113.63825">
        <ele>1821.93</ele>
      </trkpt>
      <trkpt lat="48.74762" lon="-113.63825">
        <ele>1824.5</ele>
      </trkpt>
      <trkpt lat="48.74742" lon="-113.63822">
        <ele>1827.98</ele>
      </trkpt>
      <trkpt lat="48.74722" lon="-113.63812">
        <ele>1832.63</ele>
      </trkpt>
      <trkpt lat="48.74718" lon="-113.63812">
        <ele>1833.06</ele>
      </trkpt>
      <trkpt lat="48.74712" lon="-113.63813">
        <ele>1833.58</ele>
      </trkpt>
      <trkpt lat="48.74707" lon="-113.63817">
        <ele>1833.9</ele>
      </trkpt>
      <trkpt lat="48.74702" lon="-113.63823">
        <ele>1833.58</ele>
      </trkpt>
      <trkpt lat="48.74695" lon="-113.6383">
        <ele>1833.64</ele>
      </trkpt>
      <trkpt lat="48.74675" lon="-113.63845">
        <ele>1833.91</ele>
      </trkpt>
      <trkpt lat="48.74661" lon="-113.63852">
        <ele>1835.2</ele>
      </trkpt>
      <trkpt lat="48.7465" lon="-113.6386">
        <ele>1835.74</ele>
      </trkpt>
      <trkpt lat="48.74647" lon="-113.63862">
        <ele>1835.94</ele>
      </trkpt>
      <trkpt lat="48.74641" lon="-113.63881">
        <ele>1833.62</ele>
      </trkpt>
      <trkpt lat="48.74636" lon="-113.63899">
        <ele>1831.13</ele>
      </trkpt>
      <trkpt lat="48.74631" lon="-113.63906">
        <ele>1830.16</ele>
      </trkpt>
      <trkpt lat="48.7463" lon="-113.63909">
        <ele>1829.62</ele>
      </trkpt>
      <trkpt lat="48.7463" lon="-113.63911">
        <ele>1829.18</ele>
      </trkpt>
      <trkpt lat="48.7463" lon="-113.63915">
        <ele>1828.32</ele>
      </trkpt>
      <trkpt lat="48.7463" lon="-113.63917">
        <ele>1827.89</ele>
      </trkpt>
      <trkpt lat="48.74628" lon="-113.63922">
        <ele>1826.95</ele>
      </trkpt>
      <trkpt lat="48.74628" lon="-113.63927">
        <ele>1826.06</ele>
      </trkpt>
      <trkpt lat="48.74628" lon="-113.6393">
        <ele>1825.74</ele>
      </trkpt>
      <trkpt lat="48.74629" lon="-113.63933">
        <ele>1825.3</ele>
      </trkpt>
      <trkpt lat="48.74628" lon="-113.63937">
        <ele>1824.82</ele>
      </trkpt>
      <trkpt lat="48.74626" lon="-113.63945">
        <ele>1823.72</ele>
      </trkpt>
      <trkpt lat="48.74619" lon="-113.6396">
        <ele>1822.94</ele>
      </trkpt>
      <trkpt lat="48.74609" lon="-113.63978">
        <ele>1821.21</ele>
      </trkpt>
      <trkpt lat="48.74587" lon="-113.64002">
        <ele>1819.17</ele>
      </trkpt>
      <trkpt lat="48.74577" lon="-113.6401">
        <ele>1818.52</ele>
      </trkpt>
      <trkpt lat="48.74574" lon="-113.64011">
        <ele>1818.63</ele>
      </trkpt>
      <trkpt lat="48.7457" lon="-113.64012">
        <ele>1818.85</ele>
      </trkpt>
      <trkpt lat="48.74568" lon="-113.64014">
        <ele>1818.63</ele>
      </trkpt>
      <trkpt lat="48.74565" lon="-113.64021">
        <ele>1817.71</ele>
      </trkpt>
      <trkpt lat="48.74545" lon="-113.6404">
        <ele>1816.78</ele>
      </trkpt>
      <trkpt lat="48.74536" lon="-113.64047">
        <ele>1816.03</ele>
      </trkpt>
      <trkpt lat="48.74518" lon="-113.64052">
        <ele>1816.82</ele>
      </trkpt>
      <trkpt lat="48.74511" lon="-113.6405">
        <ele>1818.01</ele>
      </trkpt>
      <trkpt lat="48.7449" lon="-113.64044">
        <ele>1821.64</ele>
      </trkpt>
      <trkpt lat="48.7448" lon="-113.64048">
        <ele>1822.98</ele>
      </trkpt>
      <trkpt lat="48.74469" lon="-113.64061">
        <ele>1823.52</ele>
      </trkpt>
      <trkpt lat="48.74443" lon="-113.64092">
        <ele>1822.66</ele>
      </trkpt>
      <trkpt lat="48.7442" lon="-113.64112">
        <ele>1825.21</ele>
      </trkpt>
      <trkpt lat="48.74407" lon="-113.64118">
        <ele>1826.56</ele>
      </trkpt>
      <trkpt lat="48.74394" lon="-113.64119">
        <ele>1827.3</ele>
      </trkpt>
      <trkpt lat="48.74387" lon="-113.64116">
        <ele>1827.85</ele>
      </trkpt>
      <trkpt lat="48.74382" lon="-113.64126">
        <ele>1825.78</ele>
      </trkpt>
      <trkpt lat="48.74377" lon="-113.6413">
        <ele>1825.53</ele>
      </trkpt>
      <trkpt lat="48.74341" lon="-113.64149">
        <ele>1829.25</ele>
      </trkpt>
      <trkpt lat="48.74333" lon="-113.64161">
        <ele>1829.71</ele>
      </trkpt>
      <trkpt lat="48.74329" lon="-113.64173">
        <ele>1829.25</ele>
      </trkpt>
      <trkpt lat="48.74323" lon="-113.64186">
        <ele>1829.14</ele>
      </trkpt>
      <trkpt lat="48.7432" lon="-113.64197">
        <ele>1828.48</ele>
      </trkpt>
      <trkpt lat="48.74316" lon="-113.64208">
        <ele>1826.94</ele>
      </trkpt>
      <trkpt lat="48.74307" lon="-113.6422">
        <ele>1826.08</ele>
      </trkpt>
      <trkpt lat="48.74296" lon="-113.64227">
        <ele>1827.02</ele>
      </trkpt>
      <trkpt lat="48.7428" lon="-113.64222">
        <ele>1831.31</ele>
      </trkpt>
      <trkpt lat="48.7427" lon="-113.64221">
        <ele>1833.08</ele>
      </trkpt>
      <trkpt lat="48.74266" lon="-113.64224">
        <ele>1832.89</ele>
      </trkpt>
      <trkpt lat="48.74263" lon="-113.64238">
        <ele>1830.19</ele>
      </trkpt>
      <trkpt lat="48.74255" lon="-113.64256">
        <ele>1829.11</ele>
      </trkpt>
      <trkpt lat="48.74245" lon="-113.64268">
        <ele>1829.63</ele>
      </trkpt>
      <trkpt lat="48.7423" lon="-113.64281">
        <ele>1829.46</ele>
      </trkpt>
      <trkpt lat="48.74212" lon="-113.64285">
        <ele>1831.55</ele>
      </trkpt>
      <trkpt lat="48.74193" lon="-113.64275">
        <ele>1840.92</ele>
      </trkpt>
      <trkpt lat="48.7419" lon="-113.64275">
        <ele>1842.22</ele>
      </trkpt>
      <trkpt lat="48.74188" lon="-113.64281">
        <ele>1842.44</ele>
      </trkpt>
      <trkpt lat="48.74187" lon="-113.64288">
        <ele>1842.11</ele>
      </trkpt>
      <trkpt lat="48.74184" lon="-113.6429">
        <ele>1843.19</ele>
      </trkpt>
      <trkpt lat="48.74182" lon="-113.64301">
        <ele>1843.04</ele>
      </trkpt>
      <trkpt lat="48.7418" lon="-113.64305">
        <ele>1843.83</ele>
      </trkpt>
      <trkpt lat="48.74176" lon="-113.64306">
        <ele>1845.86</ele>
      </trkpt>
      <trkpt lat="48.7417" lon="-113.64305">
        <ele>1847.92</ele>
      </trkpt>
      <trkpt lat="48.74169" lon="-113.64322">
        <ele>1845.47</ele>
      </trkpt>
      <trkpt lat="48.74169" lon="-113.64333">
        <ele>1843.56</ele>
      </trkpt>
      <trkpt lat="48.7417" lon="-113.64348">
        <ele>1839.95</ele>
      </trkpt>
      <trkpt lat="48.74167" lon="-113.64357">
        <ele>1837.91</ele>
      </trkpt>
      <trkpt lat="48.7417" lon="-113.64358">
        <ele>1837.91</ele>
      </trkpt>
      <trkpt lat="48.74173" lon="-113.64372">
        <ele>1836.14</ele>
      </trkpt>
      <trkpt lat="48.7417" lon="-113.64384">
        <ele>1833.44</ele>
      </trkpt>
    </trkseg>
  </trk>
  <trk>
    <name><![CDATA[Cracker, Poia, and Elizabeth Lakes, Glacier NP]]></name>
    <src>AllTrails</src>
    <trkseg>
      <trkpt lat="48.74169" lon="-113.64385">
        <ele>1833.03</ele>
      </trkpt>
      <trkpt lat="48.7417" lon="-113.64385">
        <ele>1833.29</ele>
      </trkpt>
      <trkpt lat="48.74173" lon="-113.64372">
        <ele>1836.14</ele>
      </trkpt>
      <trkpt lat="48.7417" lon="-113.64358">
        <ele>1837.91</ele>
      </trkpt>
      <trkpt lat="48.74167" lon="-113.64357">
        <ele>1837.91</ele>
      </trkpt>
      <trkpt lat="48.7417" lon="-113.64348">
        <ele>1839.95</ele>
      </trkpt>
      <trkpt lat="48.74169" lon="-113.64333">
        <ele>1843.56</ele>
      </trkpt>
      <trkpt lat="48.74169" lon="-113.64322">
        <ele>1845.47</ele>
      </trkpt>
      <trkpt lat="48.7417" lon="-113.64305">
        <ele>1847.92</ele>
      </trkpt>
      <trkpt lat="48.74176" lon="-113.64306">
        <ele>1845.86</ele>
      </trkpt>
      <trkpt lat="48.7418" lon="-113.64305">
        <ele>1843.83</ele>
      </trkpt>
      <trkpt lat="48.74182" lon="-113.64301">
        <ele>1843.04</ele>
      </trkpt>
      <trkpt lat="48.74184" lon="-113.6429">
        <ele>1843.19</ele>
      </trkpt>
      <trkpt lat="48.74187" lon="-113.64288">
        <ele>1842.11</ele>
      </trkpt>
      <trkpt lat="48.74188" lon="-113.64281">
        <ele>1842.44</ele>
      </trkpt>
      <trkpt lat="48.7419" lon="-113.64275">
        <ele>1842.22</ele>
      </trkpt>
      <trkpt lat="48.74193" lon="-113.64275">
        <ele>1840.92</ele>
      </trkpt>
      <trkpt lat="48.74212" lon="-113.64285">
        <ele>1831.55</ele>
      </trkpt>
      <trkpt lat="48.7423" lon="-113.64281">
        <ele>1829.46</ele>
      </trkpt>
      <trkpt lat="48.74245" lon="-113.64268">
        <ele>1829.63</ele>
      </trkpt>
      <trkpt lat="48.74255" lon="-113.64256">
        <ele>1829.11</ele>
      </trkpt>
      <trkpt lat="48.74263" lon="-113.64238">
        <ele>1830.19</ele>
      </trkpt>
      <trkpt lat="48.74266" lon="-113.64224">
        <ele>1832.89</ele>
      </trkpt>
      <trkpt lat="48.7427" lon="-113.64221">
        <ele>1833.08</ele>
      </trkpt>
      <trkpt lat="48.7428" lon="-113.64222">
        <ele>1831.31</ele>
      </trkpt>
      <trkpt lat="48.74296" lon="-113.64227">
        <ele>1827.02</ele>
      </trkpt>
      <trkpt lat="48.74307" lon="-113.6422">
        <ele>1826.08</ele>
      </trkpt>
      <trkpt lat="48.74316" lon="-113.64208">
        <ele>1826.94</ele>
      </trkpt>
      <trkpt lat="48.7432" lon="-113.64197">
        <ele>1828.48</ele>
      </trkpt>
      <trkpt lat="48.74323" lon="-113.64186">
        <ele>1829.14</ele>
      </trkpt>
      <trkpt lat="48.74329" lon="-113.64173">
        <ele>1829.25</ele>
      </trkpt>
      <trkpt lat="48.74333" lon="-113.64161">
        <ele>1829.71</ele>
      </trkpt>
      <trkpt lat="48.74341" lon="-113.64149">
        <ele>1829.25</ele>
      </trkpt>
      <trkpt lat="48.74377" lon="-113.6413">
        <ele>1825.53</ele>
      </trkpt>
      <trkpt lat="48.74382" lon="-113.64126">
        <ele>1825.78</ele>
      </trkpt>
      <trkpt lat="48.74387" lon="-113.64116">
        <ele>1827.85</ele>
      </trkpt>
      <trkpt lat="48.74394" lon="-113.64119">
        <ele>1827.3</ele>
      </trkpt>
      <trkpt lat="48.74407" lon="-113.64118">
        <ele>1826.56</ele>
      </trkpt>
      <trkpt lat="48.7442" lon="-113.64112">
        <ele>1825.21</ele>
      </trkpt>
      <trkpt lat="48.74443" lon="-113.64092">
        <ele>1822.66</ele>
      </trkpt>
      <trkpt lat="48.74469" lon="-113.64061">
        <ele>1823.52</ele>
      </trkpt>
      <trkpt lat="48.7448" lon="-113.64048">
        <ele>1822.98</ele>
      </trkpt>
      <trkpt lat="48.7449" lon="-113.64044">
        <ele>1821.64</ele>
      </trkpt>
      <trkpt lat="48.74511" lon="-113.6405">
        <ele>1818.01</ele>
      </trkpt>
      <trkpt lat="48.74518" lon="-113.64052">
        <ele>1816.82</ele>
      </trkpt>
      <trkpt lat="48.74536" lon="-113.64047">
        <ele>1816.03</ele>
      </trkpt>
      <trkpt lat="48.74545" lon="-113.6404">
        <ele>1816.78</ele>
      </trkpt>
      <trkpt lat="48.74565" lon="-113.64021">
        <ele>1817.71</ele>
      </trkpt>
      <trkpt lat="48.74568" lon="-113.64014">
        <ele>1818.63</ele>
      </trkpt>
      <trkpt lat="48.7457" lon="-113.64012">
        <ele>1818.85</ele>
      </trkpt>
      <trkpt lat="48.74574" lon="-113.64011">
        <ele>1818.63</ele>
      </trkpt>
      <trkpt lat="48.74577" lon="-113.6401">
        <ele>1818.52</ele>
      </trkpt>
      <trkpt lat="48.74587" lon="-113.64002">
        <ele>1819.17</ele>
      </trkpt>
      <trkpt lat="48.74609" lon="-113.63978">
        <ele>1821.21</ele>
      </trkpt>
      <trkpt lat="48.74619" lon="-113.6396">
        <ele>1822.94</ele>
      </trkpt>
      <trkpt lat="48.74626" lon="-113.63945">
        <ele>1823.72</ele>
      </trkpt>
      <trkpt lat="48.74628" lon="-113.63937">
        <ele>1824.82</ele>
      </trkpt>
      <trkpt lat="48.74629" lon="-113.63933">
        <ele>1825.3</ele>
      </trkpt>
      <trkpt lat="48.74628" lon="-113.6393">
        <ele>1825.74</ele>
      </trkpt>
      <trkpt lat="48.74628" lon="-113.63927">
        <ele>1826.06</ele>
      </trkpt>
      <trkpt lat="48.74628" lon="-113.63922">
        <ele>1826.95</ele>
      </trkpt>
      <trkpt lat="48.7463" lon="-113.63917">
        <ele>1827.89</ele>
      </trkpt>
      <trkpt lat="48.7463" lon="-113.63915">
        <ele>1828.32</ele>
      </trkpt>
      <trkpt lat="48.7463" lon="-113.63911">
        <ele>1829.18</ele>
      </trkpt>
      <trkpt lat="48.7463" lon="-113.63909">
        <ele>1829.62</ele>
      </trkpt>
      <trkpt lat="48.74631" lon="-113.63906">
        <ele>1830.16</ele>
      </trkpt>
      <trkpt lat="48.74636" lon="-113.63899">
        <ele>1831.13</ele>
      </trkpt>
      <trkpt lat="48.74641" lon="-113.63881">
        <ele>1833.62</ele>
      </trkpt>
      <trkpt lat="48.74647" lon="-113.63862">
        <ele>1835.94</ele>
      </trkpt>
      <trkpt lat="48.7465" lon="-113.6386">
        <ele>1835.74</ele>
      </trkpt>
      <trkpt lat="48.74661" lon="-113.63852">
        <ele>1835.2</ele>
      </trkpt>
      <trkpt lat="48.74675" lon="-113.63845">
        <ele>1833.91</ele>
      </trkpt>
      <trkpt lat="48.74695" lon="-113.6383">
        <ele>1833.64</ele>
      </trkpt>
      <trkpt lat="48.74702" lon="-113.63823">
        <ele>1833.58</ele>
      </trkpt>
      <trkpt lat="48.74707" lon="-113.63817">
        <ele>1833.9</ele>
      </trkpt>
      <trkpt lat="48.74712" lon="-113.63813">
        <ele>1833.58</ele>
      </trkpt>
      <trkpt lat="48.74718" lon="-113.63812">
        <ele>1833.06</ele>
      </trkpt>
      <trkpt lat="48.74722" lon="-113.63812">
        <ele>1832.63</ele>
      </trkpt>
      <trkpt lat="48.74742" lon="-113.63822">
        <ele>1827.98</ele>
      </trkpt>
      <trkpt lat="48.74762" lon="-113.63825">
        <ele>1824.5</ele>
      </trkpt>
      <trkpt lat="48.74782" lon="-113.63825">
        <ele>1821.93</ele>
      </trkpt>
      <trkpt lat="48.74787" lon="-113.63824">
        <ele>1821.02</ele>
      </trkpt>
      <trkpt lat="48.74792" lon="-113.6382">
        <ele>1821.34</ele>
      </trkpt>
      <trkpt lat="48.74798" lon="-113.63815">
        <ele>1821.59</ele>
      </trkpt>
      <trkpt lat="48.74804" lon="-113.63808">
        <ele>1821.68</ele>
      </trkpt>
      <trkpt lat="48.74806" lon="-113.638">
        <ele>1822.53</ele>
      </trkpt>
      <trkpt lat="48.74809" lon="-113.6379">
        <ele>1823.74</ele>
      </trkpt>
      <trkpt lat="48.74815" lon="-113.63777">
        <ele>1824.13</ele>
      </trkpt>
      <trkpt lat="48.74829" lon="-113.63758">
        <ele>1824.07</ele>
      </trkpt>
      <trkpt lat="48.74837" lon="-113.63741">
        <ele>1824.18</ele>
      </trkpt>
      <trkpt lat="48.74858" lon="-113.63717">
        <ele>1824.61</ele>
      </trkpt>
      <trkpt lat="48.74866" lon="-113.63706">
        <ele>1824.7</ele>
      </trkpt>
      <trkpt lat="48.74878" lon="-113.63697">
        <ele>1823.08</ele>
      </trkpt>
      <trkpt lat="48.74884" lon="-113.63689">
        <ele>1822.92</ele>
      </trkpt>
      <trkpt lat="48.74887" lon="-113.63679">
        <ele>1823.87</ele>
      </trkpt>
      <trkpt lat="48.7489" lon="-113.63666">
        <ele>1825.02</ele>
      </trkpt>
      <trkpt lat="48.74893" lon="-113.63658">
        <ele>1826.43</ele>
      </trkpt>
      <trkpt lat="48.749" lon="-113.6365">
        <ele>1826.4</ele>
      </trkpt>
      <trkpt lat="48.74907" lon="-113.63637">
        <ele>1827.26</ele>
      </trkpt>
      <trkpt lat="48.74918" lon="-113.63619">
        <ele>1827.86</ele>
      </trkpt>
      <trkpt lat="48.74925" lon="-113.63613">
        <ele>1827.0</ele>
      </trkpt>
      <trkpt lat="48.74941" lon="-113.63601">
        <ele>1825.84</ele>
      </trkpt>
      <trkpt lat="48.74951" lon="-113.63591">
        <ele>1824.81</ele>
      </trkpt>
      <trkpt lat="48.74956" lon="-113.63582">
        <ele>1824.79</ele>
      </trkpt>
      <trkpt lat="48.74959" lon="-113.63573">
        <ele>1825.97</ele>
      </trkpt>
      <trkpt lat="48.7496" lon="-113.63557">
        <ele>1827.48</ele>
      </trkpt>
      <trkpt lat="48.74962" lon="-113.6355">
        <ele>1827.87</ele>
      </trkpt>
      <trkpt lat="48.74966" lon="-113.63542">
        <ele>1828.12</ele>
      </trkpt>
      <trkpt lat="48.74977" lon="-113.63532">
        <ele>1827.06</ele>
      </trkpt>
      <trkpt lat="48.74983" lon="-113.63524">
        <ele>1826.98</ele>
      </trkpt>
      <trkpt lat="48.74995" lon="-113.63495">
        <ele>1827.87</ele>
      </trkpt>
      <trkpt lat="48.75005" lon="-113.63477">
        <ele>1828.63</ele>
      </trkpt>
      <trkpt lat="48.75012" lon="-113.63463">
        <ele>1829.11</ele>
      </trkpt>
      <trkpt lat="48.7502" lon="-113.63436">
        <ele>1830.43</ele>
      </trkpt>
      <trkpt lat="48.7503" lon="-113.63422">
        <ele>1827.94</ele>
      </trkpt>
      <trkpt lat="48.75039" lon="-113.63404">
        <ele>1826.94</ele>
      </trkpt>
      <trkpt lat="48.75044" lon="-113.63395">
        <ele>1826.84</ele>
      </trkpt>
      <trkpt lat="48.75048" lon="-113.63384">
        <ele>1827.87</ele>
      </trkpt>
      <trkpt lat="48.75051" lon="-113.63383">
        <ele>1827.76</ele>
      </trkpt>
      <trkpt lat="48.75054" lon="-113.63382">
        <ele>1827.66</ele>
      </trkpt>
      <trkpt lat="48.7506" lon="-113.63378">
        <ele>1827.87</ele>
      </trkpt>
      <trkpt lat="48.75061" lon="-113.63378">
        <ele>1827.76</ele>
      </trkpt>
      <trkpt lat="48.75072" lon="-113.63384">
        <ele>1825.28</ele>
      </trkpt>
      <trkpt lat="48.75075" lon="-113.63384">
        <ele>1824.96</ele>
      </trkpt>
      <trkpt lat="48.75077" lon="-113.63383">
        <ele>1824.96</ele>
      </trkpt>
      <trkpt lat="48.75078" lon="-113.6338">
        <ele>1825.5</ele>
      </trkpt>
      <trkpt lat="48.75079" lon="-113.63376">
        <ele>1826.25</ele>
      </trkpt>
      <trkpt lat="48.75082" lon="-113.6337">
        <ele>1827.19</ele>
      </trkpt>
      <trkpt lat="48.75088" lon="-113.63364">
        <ele>1826.68</ele>
      </trkpt>
      <trkpt lat="48.75092" lon="-113.6336">
        <ele>1826.36</ele>
      </trkpt>
      <trkpt lat="48.75095" lon="-113.63359">
        <ele>1826.14</ele>
      </trkpt>
      <trkpt lat="48.751" lon="-113.63359">
        <ele>1825.47</ele>
      </trkpt>
      <trkpt lat="48.75109" lon="-113.6336">
        <ele>1823.58</ele>
      </trkpt>
      <trkpt lat="48.75117" lon="-113.63359">
        <ele>1821.96</ele>
      </trkpt>
      <trkpt lat="48.75121" lon="-113.6336">
        <ele>1820.92</ele>
      </trkpt>
      <trkpt lat="48.75129" lon="-113.63366">
        <ele>1817.68</ele>
      </trkpt>
      <trkpt lat="48.7514" lon="-113.63373">
        <ele>1814.36</ele>
      </trkpt>
      <trkpt lat="48.75144" lon="-113.63373">
        <ele>1813.06</ele>
      </trkpt>
      <trkpt lat="48.75147" lon="-113.63372">
        <ele>1812.2</ele>
      </trkpt>
      <trkpt lat="48.75149" lon="-113.63369">
        <ele>1811.78</ele>
      </trkpt>
      <trkpt lat="48.7515" lon="-113.63366">
        <ele>1811.67</ele>
      </trkpt>
      <trkpt lat="48.7515" lon="-113.63362">
        <ele>1812.1</ele>
      </trkpt>
      <trkpt lat="48.75148" lon="-113.63355">
        <ele>1813.04</ele>
      </trkpt>
      <trkpt lat="48.75147" lon="-113.63352">
        <ele>1813.37</ele>
      </trkpt>
      <trkpt lat="48.75148" lon="-113.63344">
        <ele>1813.9</ele>
      </trkpt>
      <trkpt lat="48.7515" lon="-113.63337">
        <ele>1814.12</ele>
      </trkpt>
      <trkpt lat="48.75152" lon="-113.63331">
        <ele>1814.42</ele>
      </trkpt>
      <trkpt lat="48.75154" lon="-113.63327">
        <ele>1814.42</ele>
      </trkpt>
      <trkpt lat="48.75157" lon="-113.63324">
        <ele>1814.1</ele>
      </trkpt>
      <trkpt lat="48.75168" lon="-113.63316">
        <ele>1812.58</ele>
      </trkpt>
      <trkpt lat="48.75173" lon="-113.63311">
        <ele>1812.04</ele>
      </trkpt>
      <trkpt lat="48.75176" lon="-113.63305">
        <ele>1811.98</ele>
      </trkpt>
      <trkpt lat="48.75183" lon="-113.63287">
        <ele>1810.71</ele>
      </trkpt>
      <trkpt lat="48.75192" lon="-113.63278">
        <ele>1808.03</ele>
      </trkpt>
      <trkpt lat="48.75201" lon="-113.63272">
        <ele>1807.1</ele>
      </trkpt>
      <trkpt lat="48.75211" lon="-113.6327">
        <ele>1805.26</ele>
      </trkpt>
      <trkpt lat="48.75214" lon="-113.63268">
        <ele>1804.99</ele>
      </trkpt>
      <trkpt lat="48.75219" lon="-113.63268">
        <ele>1804.42</ele>
      </trkpt>
      <trkpt lat="48.75225" lon="-113.63265">
        <ele>1804.08</ele>
      </trkpt>
      <trkpt lat="48.75233" lon="-113.63259">
        <ele>1803.7</ele>
      </trkpt>
      <trkpt lat="48.75235" lon="-113.63259">
        <ele>1803.27</ele>
      </trkpt>
      <trkpt lat="48.75237" lon="-113.63258">
        <ele>1802.94</ele>
      </trkpt>
      <trkpt lat="48.75238" lon="-113.63257">
        <ele>1802.84</ele>
      </trkpt>
      <trkpt lat="48.7524" lon="-113.63255">
        <ele>1802.62</ele>
      </trkpt>
      <trkpt lat="48.75242" lon="-113.63254">
        <ele>1802.43</ele>
      </trkpt>
      <trkpt lat="48.75246" lon="-113.63253">
        <ele>1802.11</ele>
      </trkpt>
      <trkpt lat="48.75248" lon="-113.63253">
        <ele>1801.89</ele>
      </trkpt>
      <trkpt lat="48.7525" lon="-113.63254">
        <ele>1801.57</ele>
      </trkpt>
      <trkpt lat="48.75252" lon="-113.63255">
        <ele>1801.24</ele>
      </trkpt>
      <trkpt lat="48.7526" lon="-113.63254">
        <ele>1800.49</ele>
      </trkpt>
      <trkpt lat="48.75267" lon="-113.63252">
        <ele>1799.95</ele>
      </trkpt>
      <trkpt lat="48.75274" lon="-113.63247">
        <ele>1799.92</ele>
      </trkpt>
      <trkpt lat="48.75282" lon="-113.6324">
        <ele>1800.62</ele>
      </trkpt>
      <trkpt lat="48.7529" lon="-113.63236">
        <ele>1800.04</ele>
      </trkpt>
      <trkpt lat="48.75299" lon="-113.63234">
        <ele>1798.95</ele>
      </trkpt>
      <trkpt lat="48.75303" lon="-113.63232">
        <ele>1798.48</ele>
      </trkpt>
      <trkpt lat="48.75306" lon="-113.6323">
        <ele>1798.11</ele>
      </trkpt>
      <trkpt lat="48.75319" lon="-113.63217">
        <ele>1797.66</ele>
      </trkpt>
      <trkpt lat="48.75329" lon="-113.63207">
        <ele>1796.92</ele>
      </trkpt>
      <trkpt lat="48.75335" lon="-113.632">
        <ele>1797.04</ele>
      </trkpt>
      <trkpt lat="48.75343" lon="-113.63194">
        <ele>1795.96</ele>
      </trkpt>
      <trkpt lat="48.75359" lon="-113.63184">
        <ele>1794.58</ele>
      </trkpt>
      <trkpt lat="48.75364" lon="-113.63177">
        <ele>1794.57</ele>
      </trkpt>
      <trkpt lat="48.75375" lon="-113.63158">
        <ele>1796.44</ele>
      </trkpt>
      <trkpt lat="48.75382" lon="-113.63148">
        <ele>1796.76</ele>
      </trkpt>
      <trkpt lat="48.75405" lon="-113.63123">
        <ele>1797.16</ele>
      </trkpt>
      <trkpt lat="48.75412" lon="-113.63115">
        <ele>1796.88</ele>
      </trkpt>
      <trkpt lat="48.75416" lon="-113.63112">
        <ele>1796.89</ele>
      </trkpt>
      <trkpt lat="48.75419" lon="-113.6311">
        <ele>1796.62</ele>
      </trkpt>
      <trkpt lat="48.75421" lon="-113.63107">
        <ele>1796.51</ele>
      </trkpt>
      <trkpt lat="48.75432" lon="-113.63086">
        <ele>1797.3</ele>
      </trkpt>
      <trkpt lat="48.7545" lon="-113.63051">
        <ele>1796.29</ele>
      </trkpt>
      <trkpt lat="48.75455" lon="-113.63036">
        <ele>1796.83</ele>
      </trkpt>
      <trkpt lat="48.75462" lon="-113.63011">
        <ele>1797.02</ele>
      </trkpt>
      <trkpt lat="48.75493" lon="-113.62928">
        <ele>1793.46</ele>
      </trkpt>
      <trkpt lat="48.75499" lon="-113.62906">
        <ele>1793.23</ele>
      </trkpt>
      <trkpt lat="48.75508" lon="-113.6287">
        <ele>1793.44</ele>
      </trkpt>
      <trkpt lat="48.75526" lon="-113.62831">
        <ele>1793.64</ele>
      </trkpt>
      <trkpt lat="48.75543" lon="-113.62775">
        <ele>1794.72</ele>
      </trkpt>
      <trkpt lat="48.75551" lon="-113.62762">
        <ele>1792.82</ele>
      </trkpt>
      <trkpt lat="48.75558" lon="-113.62747">
        <ele>1791.45</ele>
      </trkpt>
      <trkpt lat="48.75566" lon="-113.62727">
        <ele>1789.55</ele>
      </trkpt>
      <trkpt lat="48.7557" lon="-113.62707">
        <ele>1790.61</ele>
      </trkpt>
      <trkpt lat="48.75576" lon="-113.62691">
        <ele>1792.54</ele>
      </trkpt>
      <trkpt lat="48.75581" lon="-113.62688">
        <ele>1792.64</ele>
      </trkpt>
      <trkpt lat="48.75582" lon="-113.62687">
        <ele>1792.75</ele>
      </trkpt>
      <trkpt lat="48.75582" lon="-113.62685">
        <ele>1793.2</ele>
      </trkpt>
      <trkpt lat="48.75582" lon="-113.62682">
        <ele>1794.13</ele>
      </trkpt>
      <trkpt lat="48.75581" lon="-113.62679">
        <ele>1795.09</ele>
      </trkpt>
      <trkpt lat="48.7558" lon="-113.62677">
        <ele>1795.69</ele>
      </trkpt>
      <trkpt lat="48.7558" lon="-113.62676">
        <ele>1795.98</ele>
      </trkpt>
      <trkpt lat="48.75581" lon="-113.62675">
        <ele>1796.2</ele>
      </trkpt>
      <trkpt lat="48.75583" lon="-113.62672">
        <ele>1796.85</ele>
      </trkpt>
      <trkpt lat="48.75586" lon="-113.62671">
        <ele>1796.93</ele>
      </trkpt>
      <trkpt lat="48.75595" lon="-113.62669">
        <ele>1797.05</ele>
      </trkpt>
      <trkpt lat="48.75603" lon="-113.62669">
        <ele>1796.37</ele>
      </trkpt>
      <trkpt lat="48.75611" lon="-113.62672">
        <ele>1794.86</ele>
      </trkpt>
      <trkpt lat="48.75617" lon="-113.62677">
        <ele>1790.69</ele>
      </trkpt>
      <trkpt lat="48.75634" lon="-113.62711">
        <ele>1788.47</ele>
      </trkpt>
      <trkpt lat="48.75638" lon="-113.62713">
        <ele>1787.29</ele>
      </trkpt>
      <trkpt lat="48.75641" lon="-113.62712">
        <ele>1786.75</ele>
      </trkpt>
      <trkpt lat="48.75643" lon="-113.62709">
        <ele>1786.37</ele>
      </trkpt>
      <trkpt lat="48.75645" lon="-113.62703">
        <ele>1785.65</ele>
      </trkpt>
      <trkpt lat="48.75644" lon="-113.62691">
        <ele>1785.08</ele>
      </trkpt>
      <trkpt lat="48.75643" lon="-113.62685">
        <ele>1784.55</ele>
      </trkpt>
      <trkpt lat="48.75638" lon="-113.6267">
        <ele>1784.55</ele>
      </trkpt>
      <trkpt lat="48.75635" lon="-113.62665">
        <ele>1784.92</ele>
      </trkpt>
      <trkpt lat="48.75633" lon="-113.62661">
        <ele>1785.66</ele>
      </trkpt>
      <trkpt lat="48.75634" lon="-113.62654">
        <ele>1785.97</ele>
      </trkpt>
      <trkpt lat="48.75639" lon="-113.62649">
        <ele>1783.99</ele>
      </trkpt>
      <trkpt lat="48.75662" lon="-113.62641">
        <ele>1781.67</ele>
      </trkpt>
      <trkpt lat="48.7568" lon="-113.62639">
        <ele>1777.67</ele>
      </trkpt>
      <trkpt lat="48.75705" lon="-113.62642">
        <ele>1770.38</ele>
      </trkpt>
      <trkpt lat="48.7576" lon="-113.62652">
        <ele>1758.96</ele>
      </trkpt>
      <trkpt lat="48.75769" lon="-113.62652">
        <ele>1756.43</ele>
      </trkpt>
      <trkpt lat="48.75772" lon="-113.62649">
        <ele>1755.78</ele>
      </trkpt>
      <trkpt lat="48.7578" lon="-113.62625">
        <ele>1754.78</ele>
      </trkpt>
      <trkpt lat="48.75781" lon="-113.62615">
        <ele>1755.54</ele>
      </trkpt>
      <trkpt lat="48.75782" lon="-113.62603">
        <ele>1756.51</ele>
      </trkpt>
      <trkpt lat="48.75784" lon="-113.62601">
        <ele>1756.08</ele>
      </trkpt>
      <trkpt lat="48.75787" lon="-113.62601">
        <ele>1755.1</ele>
      </trkpt>
      <trkpt lat="48.75793" lon="-113.62606">
        <ele>1753.26</ele>
      </trkpt>
      <trkpt lat="48.758" lon="-113.6261">
        <ele>1751.32</ele>
      </trkpt>
      <trkpt lat="48.75807" lon="-113.62613">
        <ele>1749.48</ele>
      </trkpt>
      <trkpt lat="48.75815" lon="-113.62611">
        <ele>1748.0</ele>
      </trkpt>
      <trkpt lat="48.75839" lon="-113.62601">
        <ele>1746.92</ele>
      </trkpt>
      <trkpt lat="48.75862" lon="-113.62587">
        <ele>1745.02</ele>
      </trkpt>
      <trkpt lat="48.75878" lon="-113.62581">
        <ele>1742.6</ele>
      </trkpt>
      <trkpt lat="48.75892" lon="-113.62574">
        <ele>1740.68</ele>
      </trkpt>
      <trkpt lat="48.75905" lon="-113.62569">
        <ele>1739.47</ele>
      </trkpt>
      <trkpt lat="48.7592" lon="-113.62561">
        <ele>1737.48</ele>
      </trkpt>
      <trkpt lat="48.75946" lon="-113.62541">
        <ele>1735.28</ele>
      </trkpt>
      <trkpt lat="48.7596" lon="-113.62534">
        <ele>1733.4</ele>
      </trkpt>
      <trkpt lat="48.75973" lon="-113.6253">
        <ele>1731.44</ele>
      </trkpt>
      <trkpt lat="48.75987" lon="-113.62527">
        <ele>1730.49</ele>
      </trkpt>
      <trkpt lat="48.76002" lon="-113.62521">
        <ele>1729.52</ele>
      </trkpt>
      <trkpt lat="48.76014" lon="-113.62516">
        <ele>1728.76</ele>
      </trkpt>
      <trkpt lat="48.76024" lon="-113.62512">
        <ele>1728.11</ele>
      </trkpt>
      <trkpt lat="48.7603" lon="-113.62511">
        <ele>1727.57</ele>
      </trkpt>
      <trkpt lat="48.76042" lon="-113.62504">
        <ele>1727.6</ele>
      </trkpt>
      <trkpt lat="48.76063" lon="-113.6249">
        <ele>1727.36</ele>
      </trkpt>
      <trkpt lat="48.76072" lon="-113.62484">
        <ele>1727.68</ele>
      </trkpt>
      <trkpt lat="48.76096" lon="-113.62475">
        <ele>1725.33</ele>
      </trkpt>
      <trkpt lat="48.76115" lon="-113.62467">
        <ele>1723.71</ele>
      </trkpt>
      <trkpt lat="48.76133" lon="-113.62451">
        <ele>1724.67</ele>
      </trkpt>
      <trkpt lat="48.76148" lon="-113.62442">
        <ele>1723.3</ele>
      </trkpt>
      <trkpt lat="48.76157" lon="-113.62432">
        <ele>1722.78</ele>
      </trkpt>
      <trkpt lat="48.76168" lon="-113.6242">
        <ele>1721.85</ele>
      </trkpt>
      <trkpt lat="48.76179" lon="-113.62409">
        <ele>1719.77</ele>
      </trkpt>
      <trkpt lat="48.76186" lon="-113.62408">
        <ele>1717.52</ele>
      </trkpt>
      <trkpt lat="48.76195" lon="-113.62408">
        <ele>1713.69</ele>
      </trkpt>
      <trkpt lat="48.76203" lon="-113.62402">
        <ele>1712.94</ele>
      </trkpt>
      <trkpt lat="48.76211" lon="-113.62393">
        <ele>1714.76</ele>
      </trkpt>
      <trkpt lat="48.76217" lon="-113.62391">
        <ele>1714.88</ele>
      </trkpt>
      <trkpt lat="48.76226" lon="-113.6239">
        <ele>1714.28</ele>
      </trkpt>
      <trkpt lat="48.76233" lon="-113.6239">
        <ele>1713.76</ele>
      </trkpt>
      <trkpt lat="48.76245" lon="-113.62377">
        <ele>1715.65</ele>
      </trkpt>
      <trkpt lat="48.76252" lon="-113.62376">
        <ele>1714.57</ele>
      </trkpt>
      <trkpt lat="48.76266" lon="-113.62365">
        <ele>1714.7</ele>
      </trkpt>
      <trkpt lat="48.76272" lon="-113.62365">
        <ele>1713.41</ele>
      </trkpt>
      <trkpt lat="48.76281" lon="-113.62363">
        <ele>1711.9</ele>
      </trkpt>
      <trkpt lat="48.76294" lon="-113.62361">
        <ele>1708.76</ele>
      </trkpt>
      <trkpt lat="48.76302" lon="-113.62354">
        <ele>1706.92</ele>
      </trkpt>
      <trkpt lat="48.76307" lon="-113.62345">
        <ele>1706.54</ele>
      </trkpt>
      <trkpt lat="48.76311" lon="-113.62342">
        <ele>1706.54</ele>
      </trkpt>
      <trkpt lat="48.76317" lon="-113.62344">
        <ele>1705.46</ele>
      </trkpt>
      <trkpt lat="48.76322" lon="-113.62347">
        <ele>1704.27</ele>
      </trkpt>
      <trkpt lat="48.76334" lon="-113.62358">
        <ele>1700.98</ele>
      </trkpt>
      <trkpt lat="48.76338" lon="-113.62359">
        <ele>1700.57</ele>
      </trkpt>
      <trkpt lat="48.76343" lon="-113.62357">
        <ele>1700.86</ele>
      </trkpt>
      <trkpt lat="48.76348" lon="-113.62355">
        <ele>1701.12</ele>
      </trkpt>
      <trkpt lat="48.76352" lon="-113.62355">
        <ele>1700.97</ele>
      </trkpt>
      <trkpt lat="48.76358" lon="-113.62357">
        <ele>1700.04</ele>
      </trkpt>
      <trkpt lat="48.76359" lon="-113.62361">
        <ele>1699.03</ele>
      </trkpt>
      <trkpt lat="48.76359" lon="-113.62366">
        <ele>1697.94</ele>
      </trkpt>
      <trkpt lat="48.76357" lon="-113.62374">
        <ele>1696.61</ele>
      </trkpt>
      <trkpt lat="48.76352" lon="-113.62378">
        <ele>1696.18</ele>
      </trkpt>
      <trkpt lat="48.76345" lon="-113.62388">
        <ele>1695.1</ele>
      </trkpt>
      <trkpt lat="48.76343" lon="-113.6239">
        <ele>1694.87</ele>
      </trkpt>
      <trkpt lat="48.76342" lon="-113.62392">
        <ele>1694.66</ele>
      </trkpt>
      <trkpt lat="48.76337" lon="-113.62393">
        <ele>1694.56</ele>
      </trkpt>
      <trkpt lat="48.76336" lon="-113.62394">
        <ele>1694.45</ele>
      </trkpt>
      <trkpt lat="48.76336" lon="-113.62396">
        <ele>1694.23</ele>
      </trkpt>
      <trkpt lat="48.76336" lon="-113.62397">
        <ele>1694.12</ele>
      </trkpt>
      <trkpt lat="48.76336" lon="-113.62398">
        <ele>1694.02</ele>
      </trkpt>
      <trkpt lat="48.76337" lon="-113.62399">
        <ele>1693.87</ele>
      </trkpt>
      <trkpt lat="48.76339" lon="-113.62399">
        <ele>1693.85</ele>
      </trkpt>
      <trkpt lat="48.76341" lon="-113.62398">
        <ele>1694.02</ele>
      </trkpt>
      <trkpt lat="48.76343" lon="-113.62397">
        <ele>1694.09</ele>
      </trkpt>
      <trkpt lat="48.76345" lon="-113.62396">
        <ele>1694.03</ele>
      </trkpt>
      <trkpt lat="48.76365" lon="-113.62377">
        <ele>1695.86</ele>
      </trkpt>
      <trkpt lat="48.7638" lon="-113.62366">
        <ele>1695.9</ele>
      </trkpt>
      <trkpt lat="48.76399" lon="-113.6235">
        <ele>1696.29</ele>
      </trkpt>
      <trkpt lat="48.76414" lon="-113.62343">
        <ele>1695.21</ele>
      </trkpt>
      <trkpt lat="48.76442" lon="-113.6233">
        <ele>1692.25</ele>
      </trkpt>
      <trkpt lat="48.76461" lon="-113.62318">
        <ele>1689.88</ele>
      </trkpt>
      <trkpt lat="48.76487" lon="-113.62285">
        <ele>1689.52</ele>
      </trkpt>
      <trkpt lat="48.765" lon="-113.62264">
        <ele>1688.49</ele>
      </trkpt>
      <trkpt lat="48.76507" lon="-113.62247">
        <ele>1687.49</ele>
      </trkpt>
      <trkpt lat="48.76508" lon="-113.62241">
        <ele>1687.27</ele>
      </trkpt>
      <trkpt lat="48.7651" lon="-113.62237">
        <ele>1687.62</ele>
      </trkpt>
      <trkpt lat="48.76512" lon="-113.62235">
        <ele>1687.46</ele>
      </trkpt>
      <trkpt lat="48.76523" lon="-113.62235">
        <ele>1684.65</ele>
      </trkpt>
      <trkpt lat="48.76525" lon="-113.62233">
        <ele>1684.44</ele>
      </trkpt>
      <trkpt lat="48.76531" lon="-113.62221">
        <ele>1685.61</ele>
      </trkpt>
      <trkpt lat="48.76534" lon="-113.6221">
        <ele>1688.39</ele>
      </trkpt>
      <trkpt lat="48.76549" lon="-113.6219">
        <ele>1692.86</ele>
      </trkpt>
      <trkpt lat="48.7656" lon="-113.62185">
        <ele>1692.09</ele>
      </trkpt>
      <trkpt lat="48.76571" lon="-113.62173">
        <ele>1692.4</ele>
      </trkpt>
      <trkpt lat="48.76581" lon="-113.62172">
        <ele>1689.6</ele>
      </trkpt>
      <trkpt lat="48.76588" lon="-113.62169">
        <ele>1687.98</ele>
      </trkpt>
      <trkpt lat="48.76597" lon="-113.62158">
        <ele>1686.97</ele>
      </trkpt>
      <trkpt lat="48.76599" lon="-113.62149">
        <ele>1688.68</ele>
      </trkpt>
      <trkpt lat="48.76608" lon="-113.62146">
        <ele>1685.96</ele>
      </trkpt>
      <trkpt lat="48.76614" lon="-113.62142">
        <ele>1685.06</ele>
      </trkpt>
      <trkpt lat="48.76624" lon="-113.62139">
        <ele>1682.79</ele>
      </trkpt>
      <trkpt lat="48.76635" lon="-113.6214">
        <ele>1679.53</ele>
      </trkpt>
      <trkpt lat="48.76652" lon="-113.62135">
        <ele>1677.85</ele>
      </trkpt>
      <trkpt lat="48.76667" lon="-113.6214">
        <ele>1673.6</ele>
      </trkpt>
      <trkpt lat="48.76681" lon="-113.62138">
        <ele>1672.74</ele>
      </trkpt>
      <trkpt lat="48.76693" lon="-113.62137">
        <ele>1671.77</ele>
      </trkpt>
      <trkpt lat="48.767" lon="-113.62136">
        <ele>1671.75</ele>
      </trkpt>
      <trkpt lat="48.76709" lon="-113.62139">
        <ele>1670.98</ele>
      </trkpt>
      <trkpt lat="48.76713" lon="-113.62143">
        <ele>1670.11</ele>
      </trkpt>
      <trkpt lat="48.76719" lon="-113.62145">
        <ele>1669.03</ele>
      </trkpt>
      <trkpt lat="48.76735" lon="-113.62136">
        <ele>1669.13</ele>
      </trkpt>
      <trkpt lat="48.76747" lon="-113.62128">
        <ele>1668.0</ele>
      </trkpt>
      <trkpt lat="48.76755" lon="-113.62117">
        <ele>1668.11</ele>
      </trkpt>
      <trkpt lat="48.76758" lon="-113.62112">
        <ele>1668.22</ele>
      </trkpt>
      <trkpt lat="48.76761" lon="-113.6211">
        <ele>1667.77</ele>
      </trkpt>
      <trkpt lat="48.76776" lon="-113.62101">
        <ele>1664.04</ele>
      </trkpt>
      <trkpt lat="48.76784" lon="-113.62099">
        <ele>1661.91</ele>
      </trkpt>
      <trkpt lat="48.76801" lon="-113.62097">
        <ele>1659.52</ele>
      </trkpt>
      <trkpt lat="48.76811" lon="-113.62093">
        <ele>1659.39</ele>
      </trkpt>
      <trkpt lat="48.76824" lon="-113.62093">
        <ele>1658.01</ele>
      </trkpt>
      <trkpt lat="48.76835" lon="-113.6209">
        <ele>1657.87</ele>
      </trkpt>
      <trkpt lat="48.76838" lon="-113.62088">
        <ele>1657.75</ele>
      </trkpt>
      <trkpt lat="48.7684" lon="-113.62089">
        <ele>1657.56</ele>
      </trkpt>
      <trkpt lat="48.76841" lon="-113.62093">
        <ele>1657.17</ele>
      </trkpt>
      <trkpt lat="48.7684" lon="-113.62096">
        <ele>1657.28</ele>
      </trkpt>
      <trkpt lat="48.76838" lon="-113.62102">
        <ele>1657.5</ele>
      </trkpt>
      <trkpt lat="48.76828" lon="-113.62107">
        <ele>1658.0</ele>
      </trkpt>
      <trkpt lat="48.76822" lon="-113.62112">
        <ele>1658.3</ele>
      </trkpt>
      <trkpt lat="48.76819" lon="-113.62114">
        <ele>1658.69</ele>
      </trkpt>
      <trkpt lat="48.7682" lon="-113.6212">
        <ele>1658.98</ele>
      </trkpt>
      <trkpt lat="48.76821" lon="-113.62127">
        <ele>1659.48</ele>
      </trkpt>
      <trkpt lat="48.76826" lon="-113.62129">
        <ele>1659.92</ele>
      </trkpt>
      <trkpt lat="48.76835" lon="-113.62129">
        <ele>1659.88</ele>
      </trkpt>
      <trkpt lat="48.76847" lon="-113.62123">
        <ele>1659.28</ele>
      </trkpt>
      <trkpt lat="48.7686" lon="-113.6212">
        <ele>1658.08</ele>
      </trkpt>
      <trkpt lat="48.76867" lon="-113.62115">
        <ele>1657.42</ele>
      </trkpt>
      <trkpt lat="48.76879" lon="-113.62114">
        <ele>1656.38</ele>
      </trkpt>
      <trkpt lat="48.76888" lon="-113.62117">
        <ele>1656.31</ele>
      </trkpt>
      <trkpt lat="48.7692" lon="-113.62139">
        <ele>1654.66</ele>
      </trkpt>
      <trkpt lat="48.76935" lon="-113.62168">
        <ele>1655.35</ele>
      </trkpt>
      <trkpt lat="48.76947" lon="-113.6218">
        <ele>1653.61</ele>
      </trkpt>
      <trkpt lat="48.76958" lon="-113.62187">
        <ele>1651.18</ele>
      </trkpt>
      <trkpt lat="48.76971" lon="-113.62202">
        <ele>1649.08</ele>
      </trkpt>
      <trkpt lat="48.76986" lon="-113.62244">
        <ele>1647.38</ele>
      </trkpt>
      <trkpt lat="48.77" lon="-113.62292">
        <ele>1648.54</ele>
      </trkpt>
      <trkpt lat="48.77006" lon="-113.62299">
        <ele>1647.35</ele>
      </trkpt>
      <trkpt lat="48.77015" lon="-113.62312">
        <ele>1645.76</ele>
      </trkpt>
      <trkpt lat="48.77015" lon="-113.62316">
        <ele>1645.84</ele>
      </trkpt>
      <trkpt lat="48.77015" lon="-113.62322">
        <ele>1646.24</ele>
      </trkpt>
      <trkpt lat="48.77016" lon="-113.62326">
        <ele>1646.27</ele>
      </trkpt>
      <trkpt lat="48.77019" lon="-113.62329">
        <ele>1645.95</ele>
      </trkpt>
      <trkpt lat="48.77023" lon="-113.62332">
        <ele>1645.52</ele>
      </trkpt>
      <trkpt lat="48.77026" lon="-113.62338">
        <ele>1646.1</ele>
      </trkpt>
      <trkpt lat="48.77031" lon="-113.62345">
        <ele>1647.43</ele>
      </trkpt>
      <trkpt lat="48.77035" lon="-113.62348">
        <ele>1647.97</ele>
      </trkpt>
      <trkpt lat="48.77046" lon="-113.62351">
        <ele>1647.76</ele>
      </trkpt>
      <trkpt lat="48.77077" lon="-113.62353">
        <ele>1643.85</ele>
      </trkpt>
      <trkpt lat="48.77122" lon="-113.62363">
        <ele>1644.23</ele>
      </trkpt>
      <trkpt lat="48.77127" lon="-113.62367">
        <ele>1644.56</ele>
      </trkpt>
      <trkpt lat="48.77141" lon="-113.62382">
        <ele>1645.51</ele>
      </trkpt>
      <trkpt lat="48.77154" lon="-113.6239">
        <ele>1647.28</ele>
      </trkpt>
      <trkpt lat="48.77161" lon="-113.62392">
        <ele>1647.41</ele>
      </trkpt>
      <trkpt lat="48.77202" lon="-113.62391">
        <ele>1642.01</ele>
      </trkpt>
      <trkpt lat="48.77225" lon="-113.62391">
        <ele>1636.32</ele>
      </trkpt>
      <trkpt lat="48.77242" lon="-113.62389">
        <ele>1634.02</ele>
      </trkpt>
      <trkpt lat="48.77267" lon="-113.6238">
        <ele>1634.99</ele>
      </trkpt>
      <trkpt lat="48.77277" lon="-113.62375">
        <ele>1634.08</ele>
      </trkpt>
      <trkpt lat="48.77288" lon="-113.62369">
        <ele>1633.9</ele>
      </trkpt>
      <trkpt lat="48.77306" lon="-113.62352">
        <ele>1632.02</ele>
      </trkpt>
      <trkpt lat="48.77314" lon="-113.62346">
        <ele>1632.0</ele>
      </trkpt>
      <trkpt lat="48.7732" lon="-113.62346">
        <ele>1632.21</ele>
      </trkpt>
      <trkpt lat="48.77331" lon="-113.62346">
        <ele>1632.37</ele>
      </trkpt>
      <trkpt lat="48.77333" lon="-113.62346">
        <ele>1632.37</ele>
      </trkpt>
      <trkpt lat="48.77335" lon="-113.62347">
        <ele>1632.66</ele>
      </trkpt>
      <trkpt lat="48.77336" lon="-113.62349">
        <ele>1632.98</ele>
      </trkpt>
      <trkpt lat="48.77337" lon="-113.62352">
        <ele>1633.42</ele>
      </trkpt>
      <trkpt lat="48.77339" lon="-113.62373">
        <ele>1636.57</ele>
      </trkpt>
      <trkpt lat="48.7734" lon="-113.62379">
        <ele>1637.86</ele>
      </trkpt>
      <trkpt lat="48.77341" lon="-113.62383">
        <ele>1639.09</ele>
      </trkpt>
      <trkpt lat="48.77344" lon="-113.62386">
        <ele>1639.96</ele>
      </trkpt>
      <trkpt lat="48.77346" lon="-113.62387">
        <ele>1640.1</ele>
      </trkpt>
      <trkpt lat="48.77371" lon="-113.6238">
        <ele>1636.08</ele>
      </trkpt>
      <trkpt lat="48.77389" lon="-113.62382">
        <ele>1635.51</ele>
      </trkpt>
      <trkpt lat="48.77401" lon="-113.62382">
        <ele>1635.2</ele>
      </trkpt>
      <trkpt lat="48.77409" lon="-113.62378">
        <ele>1633.82</ele>
      </trkpt>
      <trkpt lat="48.77418" lon="-113.62368">
        <ele>1632.49</ele>
      </trkpt>
      <trkpt lat="48.77425" lon="-113.62368">
        <ele>1632.49</ele>
      </trkpt>
      <trkpt lat="48.7744" lon="-113.62372">
        <ele>1632.35</ele>
      </trkpt>
      <trkpt lat="48.7746" lon="-113.62375">
        <ele>1632.66</ele>
      </trkpt>
      <trkpt lat="48.77485" lon="-113.62386">
        <ele>1634.0</ele>
      </trkpt>
      <trkpt lat="48.77503" lon="-113.62404">
        <ele>1636.82</ele>
      </trkpt>
      <trkpt lat="48.77521" lon="-113.62416">
        <ele>1636.32</ele>
      </trkpt>
      <trkpt lat="48.77528" lon="-113.62425">
        <ele>1636.73</ele>
      </trkpt>
      <trkpt lat="48.77536" lon="-113.62446">
        <ele>1639.56</ele>
      </trkpt>
      <trkpt lat="48.77546" lon="-113.62462">
        <ele>1639.89</ele>
      </trkpt>
      <trkpt lat="48.77557" lon="-113.62472">
        <ele>1639.46</ele>
      </trkpt>
      <trkpt lat="48.77565" lon="-113.62478">
        <ele>1638.83</ele>
      </trkpt>
      <trkpt lat="48.77572" lon="-113.62483">
        <ele>1638.9</ele>
      </trkpt>
      <trkpt lat="48.77577" lon="-113.62485">
        <ele>1638.51</ele>
      </trkpt>
      <trkpt lat="48.77595" lon="-113.62486">
        <ele>1634.94</ele>
      </trkpt>
      <trkpt lat="48.77607" lon="-113.62494">
        <ele>1634.94</ele>
      </trkpt>
      <trkpt lat="48.77622" lon="-113.62502">
        <ele>1635.43</ele>
      </trkpt>
      <trkpt lat="48.77629" lon="-113.62508">
        <ele>1635.85</ele>
      </trkpt>
      <trkpt lat="48.77645" lon="-113.62524">
        <ele>1637.86</ele>
      </trkpt>
      <trkpt lat="48.77665" lon="-113.62531">
        <ele>1634.24</ele>
      </trkpt>
      <trkpt lat="48.77671" lon="-113.62546">
        <ele>1636.0</ele>
      </trkpt>
      <trkpt lat="48.77674" lon="-113.62565">
        <ele>1638.45</ele>
      </trkpt>
      <trkpt lat="48.77677" lon="-113.62566">
        <ele>1638.14</ele>
      </trkpt>
      <trkpt lat="48.77681" lon="-113.62562">
        <ele>1636.68</ele>
      </trkpt>
      <trkpt lat="48.77684" lon="-113.62557">
        <ele>1634.7</ele>
      </trkpt>
      <trkpt lat="48.77687" lon="-113.62552">
        <ele>1633.16</ele>
      </trkpt>
      <trkpt lat="48.77689" lon="-113.62548">
        <ele>1632.03</ele>
      </trkpt>
      <trkpt lat="48.77692" lon="-113.62547">
        <ele>1631.47</ele>
      </trkpt>
      <trkpt lat="48.777" lon="-113.62546">
        <ele>1630.28</ele>
      </trkpt>
      <trkpt lat="48.77706" lon="-113.62548">
        <ele>1630.49</ele>
      </trkpt>
      <trkpt lat="48.77709" lon="-113.62552">
        <ele>1631.89</ele>
      </trkpt>
      <trkpt lat="48.77715" lon="-113.62563">
        <ele>1634.34</ele>
      </trkpt>
      <trkpt lat="48.7772" lon="-113.62568">
        <ele>1635.19</ele>
      </trkpt>
      <trkpt lat="48.77736" lon="-113.62578">
        <ele>1636.01</ele>
      </trkpt>
      <trkpt lat="48.77749" lon="-113.62586">
        <ele>1634.52</ele>
      </trkpt>
      <trkpt lat="48.77756" lon="-113.62595">
        <ele>1635.84</ele>
      </trkpt>
      <trkpt lat="48.77765" lon="-113.626">
        <ele>1634.54</ele>
      </trkpt>
      <trkpt lat="48.77771" lon="-113.62606">
        <ele>1634.42</ele>
      </trkpt>
      <trkpt lat="48.77787" lon="-113.6261">
        <ele>1629.77</ele>
      </trkpt>
      <trkpt lat="48.77795" lon="-113.62611">
        <ele>1627.39</ele>
      </trkpt>
      <trkpt lat="48.77806" lon="-113.62621">
        <ele>1626.22</ele>
      </trkpt>
      <trkpt lat="48.7781" lon="-113.62625">
        <ele>1627.52</ele>
      </trkpt>
      <trkpt lat="48.77812" lon="-113.62629">
        <ele>1629.03</ele>
      </trkpt>
      <trkpt lat="48.77819" lon="-113.6264">
        <ele>1632.36</ele>
      </trkpt>
      <trkpt lat="48.77828" lon="-113.62649">
        <ele>1634.76</ele>
      </trkpt>
      <trkpt lat="48.77832" lon="-113.62649">
        <ele>1634.33</ele>
      </trkpt>
      <trkpt lat="48.7784" lon="-113.62642">
        <ele>1632.19</ele>
      </trkpt>
      <trkpt lat="48.77843" lon="-113.62642">
        <ele>1631.99</ele>
      </trkpt>
      <trkpt lat="48.77855" lon="-113.62645">
        <ele>1631.86</ele>
      </trkpt>
      <trkpt lat="48.7786" lon="-113.62649">
        <ele>1632.3</ele>
      </trkpt>
      <trkpt lat="48.77863" lon="-113.62655">
        <ele>1633.28</ele>
      </trkpt>
      <trkpt lat="48.77867" lon="-113.6266">
        <ele>1633.92</ele>
      </trkpt>
      <trkpt lat="48.77874" lon="-113.62664">
        <ele>1633.92</ele>
      </trkpt>
      <trkpt lat="48.7788" lon="-113.62665">
        <ele>1633.38</ele>
      </trkpt>
      <trkpt lat="48.77889" lon="-113.62672">
        <ele>1633.12</ele>
      </trkpt>
      <trkpt lat="48.77897" lon="-113.62684">
        <ele>1633.12</ele>
      </trkpt>
      <trkpt lat="48.77904" lon="-113.62705">
        <ele>1635.24</ele>
      </trkpt>
      <trkpt lat="48.77909" lon="-113.62713">
        <ele>1634.49</ele>
      </trkpt>
      <trkpt lat="48.77928" lon="-113.62717">
        <ele>1629.75</ele>
      </trkpt>
      <trkpt lat="48.77935" lon="-113.62722">
        <ele>1630.93</ele>
      </trkpt>
      <trkpt lat="48.7795" lon="-113.62725">
        <ele>1631.02</ele>
      </trkpt>
      <trkpt lat="48.77954" lon="-113.62728">
        <ele>1631.87</ele>
      </trkpt>
      <trkpt lat="48.77966" lon="-113.62738">
        <ele>1634.78</ele>
      </trkpt>
      <trkpt lat="48.77975" lon="-113.62739">
        <ele>1634.14</ele>
      </trkpt>
      <trkpt lat="48.77982" lon="-113.62732">
        <ele>1631.06</ele>
      </trkpt>
      <trkpt lat="48.7799" lon="-113.6273">
        <ele>1628.67</ele>
      </trkpt>
      <trkpt lat="48.77992" lon="-113.62732">
        <ele>1629.08</ele>
      </trkpt>
      <trkpt lat="48.77993" lon="-113.6274">
        <ele>1632.21</ele>
      </trkpt>
      <trkpt lat="48.78" lon="-113.62753">
        <ele>1634.97</ele>
      </trkpt>
      <trkpt lat="48.78004" lon="-113.62754">
        <ele>1634.43</ele>
      </trkpt>
      <trkpt lat="48.7801" lon="-113.62752">
        <ele>1632.55</ele>
      </trkpt>
      <trkpt lat="48.78016" lon="-113.62749">
        <ele>1630.95</ele>
      </trkpt>
      <trkpt lat="48.78022" lon="-113.62738">
        <ele>1626.74</ele>
      </trkpt>
      <trkpt lat="48.78029" lon="-113.62731">
        <ele>1623.84</ele>
      </trkpt>
      <trkpt lat="48.78038" lon="-113.62723">
        <ele>1620.33</ele>
      </trkpt>
      <trkpt lat="48.78045" lon="-113.62723">
        <ele>1620.26</ele>
      </trkpt>
      <trkpt lat="48.78047" lon="-113.62725">
        <ele>1620.82</ele>
      </trkpt>
      <trkpt lat="48.78048" lon="-113.62728">
        <ele>1621.69</ele>
      </trkpt>
      <trkpt lat="48.7805" lon="-113.62731">
        <ele>1622.44</ele>
      </trkpt>
      <trkpt lat="48.78052" lon="-113.62733">
        <ele>1622.98</ele>
      </trkpt>
      <trkpt lat="48.7806" lon="-113.62737">
        <ele>1623.62</ele>
      </trkpt>
      <trkpt lat="48.7807" lon="-113.62738">
        <ele>1622.39</ele>
      </trkpt>
      <trkpt lat="48.78079" lon="-113.62741">
        <ele>1622.57</ele>
      </trkpt>
      <trkpt lat="48.78093" lon="-113.62747">
        <ele>1622.67</ele>
      </trkpt>
      <trkpt lat="48.78107" lon="-113.62765">
        <ele>1627.3</ele>
      </trkpt>
      <trkpt lat="48.78122" lon="-113.6278">
        <ele>1629.3</ele>
      </trkpt>
      <trkpt lat="48.78151" lon="-113.62799">
        <ele>1630.58</ele>
      </trkpt>
      <trkpt lat="48.78158" lon="-113.62798">
        <ele>1630.3</ele>
      </trkpt>
      <trkpt lat="48.78165" lon="-113.62794">
        <ele>1628.68</ele>
      </trkpt>
      <trkpt lat="48.78173" lon="-113.62783">
        <ele>1626.13</ele>
      </trkpt>
      <trkpt lat="48.78182" lon="-113.62772">
        <ele>1623.13</ele>
      </trkpt>
      <trkpt lat="48.78195" lon="-113.62766">
        <ele>1621.18</ele>
      </trkpt>
      <trkpt lat="48.78211" lon="-113.62763">
        <ele>1619.89</ele>
      </trkpt>
      <trkpt lat="48.78227" lon="-113.62764">
        <ele>1619.51</ele>
      </trkpt>
      <trkpt lat="48.78236" lon="-113.62772">
        <ele>1620.94</ele>
      </trkpt>
      <trkpt lat="48.78244" lon="-113.62782">
        <ele>1623.02</ele>
      </trkpt>
      <trkpt lat="48.7826" lon="-113.62796">
        <ele>1624.86</ele>
      </trkpt>
      <trkpt lat="48.78274" lon="-113.62804">
        <ele>1626.0</ele>
      </trkpt>
      <trkpt lat="48.78305" lon="-113.62805">
        <ele>1623.88</ele>
      </trkpt>
      <trkpt lat="48.78313" lon="-113.62804">
        <ele>1623.5</ele>
      </trkpt>
      <trkpt lat="48.78323" lon="-113.62805">
        <ele>1622.99</ele>
      </trkpt>
      <trkpt lat="48.78335" lon="-113.62814">
        <ele>1624.64</ele>
      </trkpt>
      <trkpt lat="48.78343" lon="-113.62822">
        <ele>1625.52</ele>
      </trkpt>
      <trkpt lat="48.78358" lon="-113.62838">
        <ele>1626.84</ele>
      </trkpt>
      <trkpt lat="48.78374" lon="-113.62849">
        <ele>1623.82</ele>
      </trkpt>
      <trkpt lat="48.78389" lon="-113.62855">
        <ele>1617.95</ele>
      </trkpt>
      <trkpt lat="48.78404" lon="-113.62869">
        <ele>1612.1</ele>
      </trkpt>
      <trkpt lat="48.78412" lon="-113.62882">
        <ele>1611.01</ele>
      </trkpt>
      <trkpt lat="48.78418" lon="-113.62897">
        <ele>1609.71</ele>
      </trkpt>
      <trkpt lat="48.78421" lon="-113.6291">
        <ele>1610.06</ele>
      </trkpt>
      <trkpt lat="48.78423" lon="-113.62928">
        <ele>1610.7</ele>
      </trkpt>
      <trkpt lat="48.7842" lon="-113.6295">
        <ele>1611.92</ele>
      </trkpt>
      <trkpt lat="48.78416" lon="-113.62961">
        <ele>1613.22</ele>
      </trkpt>
      <trkpt lat="48.78417" lon="-113.62983">
        <ele>1612.7</ele>
      </trkpt>
      <trkpt lat="48.78412" lon="-113.63004">
        <ele>1611.87</ele>
      </trkpt>
      <trkpt lat="48.7841" lon="-113.63013">
        <ele>1611.07</ele>
      </trkpt>
      <trkpt lat="48.7841" lon="-113.63015">
        <ele>1610.64</ele>
      </trkpt>
      <trkpt lat="48.78411" lon="-113.63017">
        <ele>1609.78</ele>
      </trkpt>
      <trkpt lat="48.78412" lon="-113.63018">
        <ele>1609.13</ele>
      </trkpt>
      <trkpt lat="48.78415" lon="-113.63017">
        <ele>1608.05</ele>
      </trkpt>
      <trkpt lat="48.78422" lon="-113.63009">
        <ele>1606.75</ele>
      </trkpt>
      <trkpt lat="48.78427" lon="-113.63005">
        <ele>1605.46</ele>
      </trkpt>
      <trkpt lat="48.78458" lon="-113.6297">
        <ele>1598.5</ele>
      </trkpt>
      <trkpt lat="48.78476" lon="-113.62953">
        <ele>1595.26</ele>
      </trkpt>
      <trkpt lat="48.78488" lon="-113.62938">
        <ele>1594.07</ele>
      </trkpt>
      <trkpt lat="48.78499" lon="-113.62928">
        <ele>1592.79</ele>
      </trkpt>
      <trkpt lat="48.78507" lon="-113.62917">
        <ele>1593.18</ele>
      </trkpt>
      <trkpt lat="48.78511" lon="-113.62912">
        <ele>1593.54</ele>
      </trkpt>
      <trkpt lat="48.78514" lon="-113.62909">
        <ele>1593.54</ele>
      </trkpt>
      <trkpt lat="48.78517" lon="-113.62907">
        <ele>1593.42</ele>
      </trkpt>
      <trkpt lat="48.78518" lon="-113.62909">
        <ele>1592.61</ele>
      </trkpt>
      <trkpt lat="48.78519" lon="-113.62911">
        <ele>1591.68</ele>
      </trkpt>
      <trkpt lat="48.78519" lon="-113.62913">
        <ele>1591.03</ele>
      </trkpt>
      <trkpt lat="48.78519" lon="-113.62915">
        <ele>1590.38</ele>
      </trkpt>
      <trkpt lat="48.78516" lon="-113.62918">
        <ele>1590.53</ele>
      </trkpt>
      <trkpt lat="48.78514" lon="-113.62923">
        <ele>1590.1</ele>
      </trkpt>
      <trkpt lat="48.78513" lon="-113.62933">
        <ele>1588.26</ele>
      </trkpt>
      <trkpt lat="48.78511" lon="-113.62943">
        <ele>1586.75</ele>
      </trkpt>
      <trkpt lat="48.78511" lon="-113.62945">
        <ele>1586.36</ele>
      </trkpt>
      <trkpt lat="48.78512" lon="-113.62947">
        <ele>1585.75</ele>
      </trkpt>
      <trkpt lat="48.78513" lon="-113.62948">
        <ele>1585.25</ele>
      </trkpt>
      <trkpt lat="48.78514" lon="-113.62948">
        <ele>1584.88</ele>
      </trkpt>
      <trkpt lat="48.78515" lon="-113.62948">
        <ele>1584.52</ele>
      </trkpt>
      <trkpt lat="48.78521" lon="-113.62934">
        <ele>1585.22</ele>
      </trkpt>
      <trkpt lat="48.78527" lon="-113.62924">
        <ele>1585.67</ele>
      </trkpt>
      <trkpt lat="48.78542" lon="-113.62895">
        <ele>1587.35</ele>
      </trkpt>
      <trkpt lat="48.78546" lon="-113.62876">
        <ele>1588.94</ele>
      </trkpt>
      <trkpt lat="48.78547" lon="-113.62872">
        <ele>1589.34</ele>
      </trkpt>
      <trkpt lat="48.78548" lon="-113.6287">
        <ele>1589.34</ele>
      </trkpt>
      <trkpt lat="48.78549" lon="-113.6287">
        <ele>1588.91</ele>
      </trkpt>
      <trkpt lat="48.7855" lon="-113.6287">
        <ele>1588.48</ele>
      </trkpt>
      <trkpt lat="48.78551" lon="-113.62871">
        <ele>1587.83</ele>
      </trkpt>
      <trkpt lat="48.78551" lon="-113.62879">
        <ele>1586.1</ele>
      </trkpt>
      <trkpt lat="48.7855" lon="-113.62898">
        <ele>1583.42</ele>
      </trkpt>
      <trkpt lat="48.7855" lon="-113.629">
        <ele>1582.88</ele>
      </trkpt>
      <trkpt lat="48.78551" lon="-113.62901">
        <ele>1582.2</ele>
      </trkpt>
      <trkpt lat="48.78552" lon="-113.62901">
        <ele>1581.8</ele>
      </trkpt>
      <trkpt lat="48.78553" lon="-113.629">
        <ele>1581.65</ele>
      </trkpt>
      <trkpt lat="48.78554" lon="-113.62894">
        <ele>1582.49</ele>
      </trkpt>
      <trkpt lat="48.78554" lon="-113.62883">
        <ele>1584.25</ele>
      </trkpt>
      <trkpt lat="48.78554" lon="-113.62879">
        <ele>1584.81</ele>
      </trkpt>
      <trkpt lat="48.78555" lon="-113.62877">
        <ele>1584.81</ele>
      </trkpt>
      <trkpt lat="48.78556" lon="-113.62874">
        <ele>1585.07</ele>
      </trkpt>
      <trkpt lat="48.78557" lon="-113.62873">
        <ele>1584.96</ele>
      </trkpt>
      <trkpt lat="48.78563" lon="-113.62864">
        <ele>1584.41</ele>
      </trkpt>
      <trkpt lat="48.78576" lon="-113.62824">
        <ele>1587.59</ele>
      </trkpt>
      <trkpt lat="48.78583" lon="-113.62805">
        <ele>1589.04</ele>
      </trkpt>
      <trkpt lat="48.78589" lon="-113.62793">
        <ele>1588.78</ele>
      </trkpt>
      <trkpt lat="48.78596" lon="-113.62783">
        <ele>1586.97</ele>
      </trkpt>
      <trkpt lat="48.78607" lon="-113.62774">
        <ele>1581.67</ele>
      </trkpt>
      <trkpt lat="48.78619" lon="-113.62766">
        <ele>1575.79</ele>
      </trkpt>
      <trkpt lat="48.78632" lon="-113.62759">
        <ele>1569.66</ele>
      </trkpt>
      <trkpt lat="48.78653" lon="-113.62753">
        <ele>1566.65</ele>
      </trkpt>
      <trkpt lat="48.78678" lon="-113.62746">
        <ele>1563.7</ele>
      </trkpt>
      <trkpt lat="48.78692" lon="-113.62735">
        <ele>1560.42</ele>
      </trkpt>
      <trkpt lat="48.7871" lon="-113.62721">
        <ele>1555.7</ele>
      </trkpt>
      <trkpt lat="48.78723" lon="-113.62713">
        <ele>1555.36</ele>
      </trkpt>
      <trkpt lat="48.78733" lon="-113.62712">
        <ele>1559.15</ele>
      </trkpt>
      <trkpt lat="48.78748" lon="-113.62712">
        <ele>1565.02</ele>
      </trkpt>
      <trkpt lat="48.78764" lon="-113.6271">
        <ele>1566.84</ele>
      </trkpt>
      <trkpt lat="48.78783" lon="-113.62709">
        <ele>1566.43</ele>
      </trkpt>
      <trkpt lat="48.78792" lon="-113.62709">
        <ele>1565.59</ele>
      </trkpt>
      <trkpt lat="48.78797" lon="-113.62712">
        <ele>1564.13</ele>
      </trkpt>
      <trkpt lat="48.78799" lon="-113.62713">
        <ele>1563.7</ele>
      </trkpt>
      <trkpt lat="48.788" lon="-113.62715">
        <ele>1562.94</ele>
      </trkpt>
      <trkpt lat="48.78801" lon="-113.62717">
        <ele>1562.18</ele>
      </trkpt>
      <trkpt lat="48.788" lon="-113.6272">
        <ele>1561.32</ele>
      </trkpt>
      <trkpt lat="48.78798" lon="-113.62722">
        <ele>1560.89</ele>
      </trkpt>
      <trkpt lat="48.78787" lon="-113.62729">
        <ele>1560.08</ele>
      </trkpt>
      <trkpt lat="48.78759" lon="-113.62743">
        <ele>1559.6</ele>
      </trkpt>
      <trkpt lat="48.78742" lon="-113.62753">
        <ele>1558.93</ele>
      </trkpt>
      <trkpt lat="48.78726" lon="-113.62767">
        <ele>1557.25</ele>
      </trkpt>
      <trkpt lat="48.78724" lon="-113.62769">
        <ele>1556.91</ele>
      </trkpt>
      <trkpt lat="48.78723" lon="-113.6277">
        <ele>1556.69</ele>
      </trkpt>
      <trkpt lat="48.78723" lon="-113.62772">
        <ele>1555.38</ele>
      </trkpt>
      <trkpt lat="48.78724" lon="-113.62772">
        <ele>1554.9</ele>
      </trkpt>
      <trkpt lat="48.78725" lon="-113.62772">
        <ele>1554.43</ele>
      </trkpt>
      <trkpt lat="48.78727" lon="-113.62771">
        <ele>1554.19</ele>
      </trkpt>
      <trkpt lat="48.7874" lon="-113.62763">
        <ele>1553.52</ele>
      </trkpt>
      <trkpt lat="48.78766" lon="-113.62759">
        <ele>1546.98</ele>
      </trkpt>
      <trkpt lat="48.7878" lon="-113.62759">
        <ele>1543.92</ele>
      </trkpt>
      <trkpt lat="48.78793" lon="-113.62756">
        <ele>1544.34</ele>
      </trkpt>
      <trkpt lat="48.78797" lon="-113.62757">
        <ele>1543.45</ele>
      </trkpt>
      <trkpt lat="48.78806" lon="-113.62761">
        <ele>1541.06</ele>
      </trkpt>
      <trkpt lat="48.78827" lon="-113.62772">
        <ele>1535.81</ele>
      </trkpt>
      <trkpt lat="48.78832" lon="-113.62773">
        <ele>1535.92</ele>
      </trkpt>
      <trkpt lat="48.78837" lon="-113.62775">
        <ele>1535.2</ele>
      </trkpt>
      <trkpt lat="48.78842" lon="-113.62776">
        <ele>1534.77</ele>
      </trkpt>
      <trkpt lat="48.78849" lon="-113.62776">
        <ele>1533.94</ele>
      </trkpt>
      <trkpt lat="48.78852" lon="-113.62773">
        <ele>1534.48</ele>
      </trkpt>
      <trkpt lat="48.78855" lon="-113.62767">
        <ele>1535.08</ele>
      </trkpt>
      <trkpt lat="48.78855" lon="-113.62762">
        <ele>1536.51</ele>
      </trkpt>
      <trkpt lat="48.78856" lon="-113.62759">
        <ele>1536.82</ele>
      </trkpt>
      <trkpt lat="48.78857" lon="-113.62756">
        <ele>1536.92</ele>
      </trkpt>
      <trkpt lat="48.78859" lon="-113.6275">
        <ele>1537.14</ele>
      </trkpt>
      <trkpt lat="48.78859" lon="-113.62748">
        <ele>1537.36</ele>
      </trkpt>
      <trkpt lat="48.7886" lon="-113.62747">
        <ele>1536.92</ele>
      </trkpt>
      <trkpt lat="48.78861" lon="-113.62747">
        <ele>1536.38</ele>
      </trkpt>
      <trkpt lat="48.78861" lon="-113.62748">
        <ele>1536.28</ele>
      </trkpt>
      <trkpt lat="48.78862" lon="-113.62749">
        <ele>1535.53</ele>
      </trkpt>
      <trkpt lat="48.78862" lon="-113.62752">
        <ele>1534.99</ele>
      </trkpt>
      <trkpt lat="48.78863" lon="-113.62759">
        <ele>1532.83</ele>
      </trkpt>
      <trkpt lat="48.78864" lon="-113.62766">
        <ele>1530.67</ele>
      </trkpt>
      <trkpt lat="48.78864" lon="-113.62774">
        <ele>1528.54</ele>
      </trkpt>
      <trkpt lat="48.78863" lon="-113.62782">
        <ele>1526.61</ele>
      </trkpt>
      <trkpt lat="48.7886" lon="-113.62789">
        <ele>1525.7</ele>
      </trkpt>
      <trkpt lat="48.78857" lon="-113.62796">
        <ele>1524.0</ele>
      </trkpt>
      <trkpt lat="48.78854" lon="-113.62799">
        <ele>1523.44</ele>
      </trkpt>
      <trkpt lat="48.78846" lon="-113.62802">
        <ele>1522.15</ele>
      </trkpt>
      <trkpt lat="48.78838" lon="-113.62804">
        <ele>1519.93</ele>
      </trkpt>
      <trkpt lat="48.78833" lon="-113.62805">
        <ele>1518.32</ele>
      </trkpt>
      <trkpt lat="48.78829" lon="-113.62804">
        <ele>1518.46</ele>
      </trkpt>
      <trkpt lat="48.78823" lon="-113.62801">
        <ele>1519.34</ele>
      </trkpt>
      <trkpt lat="48.7882" lon="-113.62801">
        <ele>1519.02</ele>
      </trkpt>
      <trkpt lat="48.78819" lon="-113.628">
        <ele>1519.45</ele>
      </trkpt>
      <trkpt lat="48.78818" lon="-113.62801">
        <ele>1518.8</ele>
      </trkpt>
      <trkpt lat="48.78818" lon="-113.62801">
        <ele>1518.8</ele>
      </trkpt>
      <trkpt lat="48.78818" lon="-113.62802">
        <ele>1518.26</ele>
      </trkpt>
      <trkpt lat="48.78818" lon="-113.62803">
        <ele>1517.72</ele>
      </trkpt>
      <trkpt lat="48.78819" lon="-113.62804">
        <ele>1517.29</ele>
      </trkpt>
      <trkpt lat="48.7882" lon="-113.62805">
        <ele>1516.86</ele>
      </trkpt>
      <trkpt lat="48.78829" lon="-113.62811">
        <ele>1514.9</ele>
      </trkpt>
      <trkpt lat="48.7884" lon="-113.62815">
        <ele>1514.64</ele>
      </trkpt>
      <trkpt lat="48.78845" lon="-113.62818">
        <ele>1514.05</ele>
      </trkpt>
      <trkpt lat="48.7885" lon="-113.62818">
        <ele>1514.95</ele>
      </trkpt>
      <trkpt lat="48.78858" lon="-113.62817">
        <ele>1515.66</ele>
      </trkpt>
      <trkpt lat="48.78861" lon="-113.62817">
        <ele>1515.59</ele>
      </trkpt>
      <trkpt lat="48.78863" lon="-113.62815">
        <ele>1516.47</ele>
      </trkpt>
      <trkpt lat="48.78866" lon="-113.62813">
        <ele>1516.53</ele>
      </trkpt>
      <trkpt lat="48.78872" lon="-113.62808">
        <ele>1516.41</ele>
      </trkpt>
      <trkpt lat="48.78877" lon="-113.62803">
        <ele>1515.69</ele>
      </trkpt>
      <trkpt lat="48.7888" lon="-113.628">
        <ele>1515.04</ele>
      </trkpt>
      <trkpt lat="48.78881" lon="-113.62796">
        <ele>1515.44</ele>
      </trkpt>
      <trkpt lat="48.7889" lon="-113.6276">
        <ele>1516.45</ele>
      </trkpt>
      <trkpt lat="48.78892" lon="-113.62755">
        <ele>1515.81</ele>
      </trkpt>
      <trkpt lat="48.78895" lon="-113.62752">
        <ele>1514.88</ele>
      </trkpt>
      <trkpt lat="48.78898" lon="-113.62751">
        <ele>1513.94</ele>
      </trkpt>
      <trkpt lat="48.78901" lon="-113.62753">
        <ele>1513.06</ele>
      </trkpt>
      <trkpt lat="48.78904" lon="-113.62756">
        <ele>1512.09</ele>
      </trkpt>
      <trkpt lat="48.78903" lon="-113.62763">
        <ele>1511.95</ele>
      </trkpt>
      <trkpt lat="48.78903" lon="-113.62766">
        <ele>1511.95</ele>
      </trkpt>
      <trkpt lat="48.78903" lon="-113.62769">
        <ele>1511.95</ele>
      </trkpt>
      <trkpt lat="48.78905" lon="-113.62783">
        <ele>1510.96</ele>
      </trkpt>
      <trkpt lat="48.78907" lon="-113.6279">
        <ele>1509.45</ele>
      </trkpt>
      <trkpt lat="48.78911" lon="-113.62797">
        <ele>1506.59</ele>
      </trkpt>
      <trkpt lat="48.78916" lon="-113.62806">
        <ele>1502.97</ele>
      </trkpt>
      <trkpt lat="48.7892" lon="-113.62809">
        <ele>1502.03</ele>
      </trkpt>
      <trkpt lat="48.7893" lon="-113.62812">
        <ele>1500.86</ele>
      </trkpt>
      <trkpt lat="48.78936" lon="-113.62817">
        <ele>1499.76</ele>
      </trkpt>
      <trkpt lat="48.7894" lon="-113.62823">
        <ele>1499.12</ele>
      </trkpt>
      <trkpt lat="48.78944" lon="-113.6283">
        <ele>1498.36</ele>
      </trkpt>
      <trkpt lat="48.78947" lon="-113.62838">
        <ele>1497.5</ele>
      </trkpt>
      <trkpt lat="48.7895" lon="-113.62854">
        <ele>1496.31</ele>
      </trkpt>
      <trkpt lat="48.78949" lon="-113.6286">
        <ele>1496.06</ele>
      </trkpt>
      <trkpt lat="48.78946" lon="-113.62871">
        <ele>1495.0</ele>
      </trkpt>
      <trkpt lat="48.78941" lon="-113.62885">
        <ele>1495.0</ele>
      </trkpt>
      <trkpt lat="48.78935" lon="-113.62892">
        <ele>1494.67</ele>
      </trkpt>
      <trkpt lat="48.78934" lon="-113.62893">
        <ele>1494.61</ele>
      </trkpt>
      <trkpt lat="48.78932" lon="-113.62895">
        <ele>1494.57</ele>
      </trkpt>
      <trkpt lat="48.78931" lon="-113.62898">
        <ele>1494.46</ele>
      </trkpt>
      <trkpt lat="48.78929" lon="-113.62905">
        <ele>1494.17</ele>
      </trkpt>
      <trkpt lat="48.78928" lon="-113.62912">
        <ele>1494.0</ele>
      </trkpt>
      <trkpt lat="48.7893" lon="-113.62916">
        <ele>1494.0</ele>
      </trkpt>
      <trkpt lat="48.78932" lon="-113.62921">
        <ele>1493.69</ele>
      </trkpt>
      <trkpt lat="48.78933" lon="-113.62925">
        <ele>1493.31</ele>
      </trkpt>
      <trkpt lat="48.78935" lon="-113.62934">
        <ele>1493.0</ele>
      </trkpt>
      <trkpt lat="48.78935" lon="-113.62937">
        <ele>1492.81</ele>
      </trkpt>
      <trkpt lat="48.78935" lon="-113.6294">
        <ele>1492.49</ele>
      </trkpt>
      <trkpt lat="48.78932" lon="-113.62953">
        <ele>1492.34</ele>
      </trkpt>
      <trkpt lat="48.7893" lon="-113.62963">
        <ele>1492.0</ele>
      </trkpt>
      <trkpt lat="48.78929" lon="-113.62978">
        <ele>1491.67</ele>
      </trkpt>
      <trkpt lat="48.78932" lon="-113.62995">
        <ele>1491.34</ele>
      </trkpt>
      <trkpt lat="48.78936" lon="-113.63018">
        <ele>1489.91</ele>
      </trkpt>
      <trkpt lat="48.78938" lon="-113.63043">
        <ele>1489.05</ele>
      </trkpt>
      <trkpt lat="48.7894" lon="-113.63071">
        <ele>1488.16</ele>
      </trkpt>
      <trkpt lat="48.7894" lon="-113.63077">
        <ele>1487.84</ele>
      </trkpt>
      <trkpt lat="48.78942" lon="-113.63082">
        <ele>1487.37</ele>
      </trkpt>
      <trkpt lat="48.78945" lon="-113.63089">
        <ele>1487.0</ele>
      </trkpt>
      <trkpt lat="48.78949" lon="-113.6311">
        <ele>1487.0</ele>
      </trkpt>
      <trkpt lat="48.78949" lon="-113.63118">
        <ele>1486.63</ele>
      </trkpt>
      <trkpt lat="48.78949" lon="-113.63139">
        <ele>1486.51</ele>
      </trkpt>
      <trkpt lat="48.78954" lon="-113.63159">
        <ele>1485.99</ele>
      </trkpt>
      <trkpt lat="48.78956" lon="-113.63163">
        <ele>1485.85</ele>
      </trkpt>
      <trkpt lat="48.78956" lon="-113.63167">
        <ele>1485.75</ele>
      </trkpt>
      <trkpt lat="48.78956" lon="-113.63177">
        <ele>1485.75</ele>
      </trkpt>
      <trkpt lat="48.78958" lon="-113.63194">
        <ele>1485.03</ele>
      </trkpt>
      <trkpt lat="48.78959" lon="-113.63207">
        <ele>1485.0</ele>
      </trkpt>
      <trkpt lat="48.78959" lon="-113.63212">
        <ele>1485.0</ele>
      </trkpt>
      <trkpt lat="48.78957" lon="-113.6322">
        <ele>1485.0</ele>
      </trkpt>
      <trkpt lat="48.78949" lon="-113.63226">
        <ele>1485.51</ele>
      </trkpt>
      <trkpt lat="48.78947" lon="-113.63229">
        <ele>1485.72</ele>
      </trkpt>
      <trkpt lat="48.78945" lon="-113.63236">
        <ele>1485.94</ele>
      </trkpt>
      <trkpt lat="48.78942" lon="-113.63243">
        <ele>1485.82</ele>
      </trkpt>
      <trkpt lat="48.78942" lon="-113.63249">
        <ele>1485.34</ele>
      </trkpt>
      <trkpt lat="48.78942" lon="-113.63258">
        <ele>1485.26</ele>
      </trkpt>
      <trkpt lat="48.7895" lon="-113.633">
        <ele>1484.24</ele>
      </trkpt>
      <trkpt lat="48.78957" lon="-113.63332">
        <ele>1482.64</ele>
      </trkpt>
      <trkpt lat="48.78962" lon="-113.63343">
        <ele>1481.96</ele>
      </trkpt>
      <trkpt lat="48.78966" lon="-113.63362">
        <ele>1480.67</ele>
      </trkpt>
      <trkpt lat="48.78969" lon="-113.63375">
        <ele>1480.17</ele>
      </trkpt>
      <trkpt lat="48.7897" lon="-113.63382">
        <ele>1479.81</ele>
      </trkpt>
      <trkpt lat="48.7897" lon="-113.63388">
        <ele>1479.31</ele>
      </trkpt>
      <trkpt lat="48.78968" lon="-113.63393">
        <ele>1479.25</ele>
      </trkpt>
      <trkpt lat="48.78964" lon="-113.634">
        <ele>1479.0</ele>
      </trkpt>
      <trkpt lat="48.78957" lon="-113.63411">
        <ele>1478.86</ele>
      </trkpt>
      <trkpt lat="48.7895" lon="-113.63432">
        <ele>1478.4</ele>
      </trkpt>
      <trkpt lat="48.78944" lon="-113.63442">
        <ele>1478.3</ele>
      </trkpt>
      <trkpt lat="48.78938" lon="-113.63452">
        <ele>1478.13</ele>
      </trkpt>
      <trkpt lat="48.78925" lon="-113.63456">
        <ele>1479.1</ele>
      </trkpt>
      <trkpt lat="48.78912" lon="-113.63461">
        <ele>1480.5</ele>
      </trkpt>
      <trkpt lat="48.78903" lon="-113.63462">
        <ele>1481.48</ele>
      </trkpt>
      <trkpt lat="48.78894" lon="-113.63469">
        <ele>1482.09</ele>
      </trkpt>
      <trkpt lat="48.78886" lon="-113.6348">
        <ele>1482.73</ele>
      </trkpt>
      <trkpt lat="48.7888" lon="-113.63488">
        <ele>1483.24</ele>
      </trkpt>
      <trkpt lat="48.78869" lon="-113.63498">
        <ele>1484.48</ele>
      </trkpt>
      <trkpt lat="48.78868" lon="-113.635">
        <ele>1484.51</ele>
      </trkpt>
      <trkpt lat="48.78867" lon="-113.63503">
        <ele>1484.61</ele>
      </trkpt>
      <trkpt lat="48.78867" lon="-113.63506">
        <ele>1484.49</ele>
      </trkpt>
      <trkpt lat="48.78867" lon="-113.6351">
        <ele>1484.31</ele>
      </trkpt>
      <trkpt lat="48.78869" lon="-113.63514">
        <ele>1483.71</ele>
      </trkpt>
      <trkpt lat="48.78873" lon="-113.6352">
        <ele>1482.72</ele>
      </trkpt>
      <trkpt lat="48.78876" lon="-113.63527">
        <ele>1482.39</ele>
      </trkpt>
      <trkpt lat="48.78878" lon="-113.63536">
        <ele>1481.44</ele>
      </trkpt>
      <trkpt lat="48.78879" lon="-113.63556">
        <ele>1480.14</ele>
      </trkpt>
      <trkpt lat="48.78878" lon="-113.63572">
        <ele>1480.22</ele>
      </trkpt>
      <trkpt lat="48.78876" lon="-113.63582">
        <ele>1479.87</ele>
      </trkpt>
      <trkpt lat="48.78876" lon="-113.63597">
        <ele>1479.1</ele>
      </trkpt>
      <trkpt lat="48.78874" lon="-113.63633">
        <ele>1478.22</ele>
      </trkpt>
      <trkpt lat="48.78872" lon="-113.63652">
        <ele>1477.75</ele>
      </trkpt>
      <trkpt lat="48.78868" lon="-113.63669">
        <ele>1477.51</ele>
      </trkpt>
      <trkpt lat="48.78863" lon="-113.63686">
        <ele>1478.5</ele>
      </trkpt>
      <trkpt lat="48.78846" lon="-113.63722">
        <ele>1480.26</ele>
      </trkpt>
      <trkpt lat="48.78843" lon="-113.63742">
        <ele>1479.91</ele>
      </trkpt>
      <trkpt lat="48.78836" lon="-113.63748">
        <ele>1480.87</ele>
      </trkpt>
      <trkpt lat="48.78832" lon="-113.63756">
        <ele>1481.14</ele>
      </trkpt>
      <trkpt lat="48.78827" lon="-113.63763">
        <ele>1481.56</ele>
      </trkpt>
      <trkpt lat="48.78826" lon="-113.63765">
        <ele>1481.66</ele>
      </trkpt>
      <trkpt lat="48.78823" lon="-113.63773">
        <ele>1482.12</ele>
      </trkpt>
      <trkpt lat="48.78819" lon="-113.6378">
        <ele>1482.44</ele>
      </trkpt>
      <trkpt lat="48.78814" lon="-113.63788">
        <ele>1483.18</ele>
      </trkpt>
      <trkpt lat="48.78811" lon="-113.63794">
        <ele>1483.82</ele>
      </trkpt>
      <trkpt lat="48.7881" lon="-113.63802">
        <ele>1484.04</ele>
      </trkpt>
      <trkpt lat="48.78811" lon="-113.63809">
        <ele>1483.82</ele>
      </trkpt>
      <trkpt lat="48.78813" lon="-113.63813">
        <ele>1483.39</ele>
      </trkpt>
      <trkpt lat="48.78816" lon="-113.63815">
        <ele>1482.74</ele>
      </trkpt>
      <trkpt lat="48.78822" lon="-113.63818">
        <ele>1481.45</ele>
      </trkpt>
      <trkpt lat="48.78827" lon="-113.63822">
        <ele>1480.37</ele>
      </trkpt>
      <trkpt lat="48.78831" lon="-113.63827">
        <ele>1479.5</ele>
      </trkpt>
      <trkpt lat="48.78835" lon="-113.6384">
        <ele>1478.64</ele>
      </trkpt>
      <trkpt lat="48.78837" lon="-113.6385">
        <ele>1478.21</ele>
      </trkpt>
      <trkpt lat="48.78837" lon="-113.63856">
        <ele>1478.21</ele>
      </trkpt>
      <trkpt lat="48.78834" lon="-113.63875">
        <ele>1478.78</ele>
      </trkpt>
      <trkpt lat="48.78831" lon="-113.63896">
        <ele>1478.76</ele>
      </trkpt>
      <trkpt lat="48.78828" lon="-113.63904">
        <ele>1479.46</ele>
      </trkpt>
      <trkpt lat="48.7882" lon="-113.63914">
        <ele>1481.61</ele>
      </trkpt>
      <trkpt lat="48.78804" lon="-113.63943">
        <ele>1485.5</ele>
      </trkpt>
      <trkpt lat="48.78797" lon="-113.63966">
        <ele>1485.77</ele>
      </trkpt>
      <trkpt lat="48.78797" lon="-113.63979">
        <ele>1485.1</ele>
      </trkpt>
      <trkpt lat="48.78801" lon="-113.63994">
        <ele>1484.34</ele>
      </trkpt>
      <trkpt lat="48.78805" lon="-113.64005">
        <ele>1484.66</ele>
      </trkpt>
      <trkpt lat="48.78809" lon="-113.64009">
        <ele>1483.87</ele>
      </trkpt>
      <trkpt lat="48.78817" lon="-113.64031">
        <ele>1483.82</ele>
      </trkpt>
      <trkpt lat="48.78821" lon="-113.64043">
        <ele>1483.3</ele>
      </trkpt>
      <trkpt lat="48.78833" lon="-113.64085">
        <ele>1480.4</ele>
      </trkpt>
      <trkpt lat="48.78836" lon="-113.64096">
        <ele>1479.64</ele>
      </trkpt>
      <trkpt lat="48.78839" lon="-113.64104">
        <ele>1478.33</ele>
      </trkpt>
      <trkpt lat="48.78839" lon="-113.64116">
        <ele>1478.86</ele>
      </trkpt>
      <trkpt lat="48.78837" lon="-113.64135">
        <ele>1481.62</ele>
      </trkpt>
      <trkpt lat="48.78836" lon="-113.64138">
        <ele>1482.27</ele>
      </trkpt>
      <trkpt lat="48.78837" lon="-113.64141">
        <ele>1481.85</ele>
      </trkpt>
      <trkpt lat="48.7884" lon="-113.64154">
        <ele>1480.68</ele>
      </trkpt>
      <trkpt lat="48.78843" lon="-113.64171">
        <ele>1478.78</ele>
      </trkpt>
      <trkpt lat="48.78844" lon="-113.64199">
        <ele>1479.31</ele>
      </trkpt>
      <trkpt lat="48.78848" lon="-113.64235">
        <ele>1482.2</ele>
      </trkpt>
      <trkpt lat="48.78848" lon="-113.64245">
        <ele>1484.0</ele>
      </trkpt>
      <trkpt lat="48.78844" lon="-113.64262">
        <ele>1489.98</ele>
      </trkpt>
      <trkpt lat="48.78843" lon="-113.64264">
        <ele>1490.85</ele>
      </trkpt>
      <trkpt lat="48.78843" lon="-113.64266">
        <ele>1491.28</ele>
      </trkpt>
      <trkpt lat="48.78844" lon="-113.64269">
        <ele>1491.5</ele>
      </trkpt>
      <trkpt lat="48.78848" lon="-113.64274">
        <ele>1490.85</ele>
      </trkpt>
      <trkpt lat="48.7886" lon="-113.64283">
        <ele>1487.61</ele>
      </trkpt>
      <trkpt lat="48.78871" lon="-113.64296">
        <ele>1484.43</ele>
      </trkpt>
      <trkpt lat="48.78885" lon="-113.6431">
        <ele>1479.66</ele>
      </trkpt>
      <trkpt lat="48.78892" lon="-113.64317">
        <ele>1478.03</ele>
      </trkpt>
      <trkpt lat="48.78905" lon="-113.64326">
        <ele>1474.66</ele>
      </trkpt>
      <trkpt lat="48.78918" lon="-113.64344">
        <ele>1474.87</ele>
      </trkpt>
      <trkpt lat="48.78933" lon="-113.64355">
        <ele>1473.23</ele>
      </trkpt>
      <trkpt lat="48.78936" lon="-113.64359">
        <ele>1473.37</ele>
      </trkpt>
      <trkpt lat="48.78949" lon="-113.64369">
        <ele>1472.72</ele>
      </trkpt>
      <trkpt lat="48.7896" lon="-113.64374">
        <ele>1472.1</ele>
      </trkpt>
      <trkpt lat="48.78966" lon="-113.64377">
        <ele>1471.78</ele>
      </trkpt>
      <trkpt lat="48.78974" lon="-113.64391">
        <ele>1474.07</ele>
      </trkpt>
      <trkpt lat="48.78979" lon="-113.64411">
        <ele>1477.7</ele>
      </trkpt>
      <trkpt lat="48.78981" lon="-113.64417">
        <ele>1479.21</ele>
      </trkpt>
      <trkpt lat="48.78989" lon="-113.64425">
        <ele>1480.08</ele>
      </trkpt>
      <trkpt lat="48.78997" lon="-113.64429">
        <ele>1479.64</ele>
      </trkpt>
      <trkpt lat="48.79004" lon="-113.64431">
        <ele>1478.78</ele>
      </trkpt>
      <trkpt lat="48.79017" lon="-113.64433">
        <ele>1476.62</ele>
      </trkpt>
      <trkpt lat="48.79022" lon="-113.64435">
        <ele>1475.81</ele>
      </trkpt>
      <trkpt lat="48.79031" lon="-113.6444">
        <ele>1474.86</ele>
      </trkpt>
      <trkpt lat="48.79044" lon="-113.64453">
        <ele>1475.52</ele>
      </trkpt>
      <trkpt lat="48.79054" lon="-113.64462">
        <ele>1476.09</ele>
      </trkpt>
      <trkpt lat="48.79063" lon="-113.64467">
        <ele>1474.44</ele>
      </trkpt>
      <trkpt lat="48.79076" lon="-113.64481">
        <ele>1475.21</ele>
      </trkpt>
      <trkpt lat="48.79096" lon="-113.64496">
        <ele>1473.8</ele>
      </trkpt>
      <trkpt lat="48.791" lon="-113.64503">
        <ele>1475.1</ele>
      </trkpt>
      <trkpt lat="48.79107" lon="-113.64512">
        <ele>1475.96</ele>
      </trkpt>
      <trkpt lat="48.79113" lon="-113.64515">
        <ele>1474.66</ele>
      </trkpt>
      <trkpt lat="48.79118" lon="-113.64524">
        <ele>1475.95</ele>
      </trkpt>
      <trkpt lat="48.79123" lon="-113.64528">
        <ele>1475.24</ele>
      </trkpt>
      <trkpt lat="48.79133" lon="-113.64532">
        <ele>1473.08</ele>
      </trkpt>
      <trkpt lat="48.79141" lon="-113.6454">
        <ele>1473.12</ele>
      </trkpt>
      <trkpt lat="48.79152" lon="-113.64545">
        <ele>1470.89</ele>
      </trkpt>
      <trkpt lat="48.79158" lon="-113.64551">
        <ele>1470.33</ele>
      </trkpt>
      <trkpt lat="48.79163" lon="-113.64554">
        <ele>1469.68</ele>
      </trkpt>
      <trkpt lat="48.7917" lon="-113.64563">
        <ele>1470.33</ele>
      </trkpt>
      <trkpt lat="48.7918" lon="-113.64581">
        <ele>1473.34</ele>
      </trkpt>
      <trkpt lat="48.79184" lon="-113.64587">
        <ele>1474.1</ele>
      </trkpt>
      <trkpt lat="48.79198" lon="-113.64597">
        <ele>1473.07</ele>
      </trkpt>
      <trkpt lat="48.79214" lon="-113.64622">
        <ele>1476.24</ele>
      </trkpt>
      <trkpt lat="48.79221" lon="-113.64634">
        <ele>1477.49</ele>
      </trkpt>
      <trkpt lat="48.79227" lon="-113.64657">
        <ele>1484.27</ele>
      </trkpt>
      <trkpt lat="48.79231" lon="-113.64669">
        <ele>1486.96</ele>
      </trkpt>
      <trkpt lat="48.79237" lon="-113.64681">
        <ele>1487.44</ele>
      </trkpt>
      <trkpt lat="48.79247" lon="-113.647">
        <ele>1490.18</ele>
      </trkpt>
      <trkpt lat="48.79252" lon="-113.64704">
        <ele>1490.89</ele>
      </trkpt>
      <trkpt lat="48.79259" lon="-113.64704">
        <ele>1490.16</ele>
      </trkpt>
      <trkpt lat="48.79266" lon="-113.64708">
        <ele>1491.13</ele>
      </trkpt>
      <trkpt lat="48.79283" lon="-113.6473">
        <ele>1493.55</ele>
      </trkpt>
      <trkpt lat="48.79293" lon="-113.64742">
        <ele>1491.7</ele>
      </trkpt>
      <trkpt lat="48.79297" lon="-113.64748">
        <ele>1491.32</ele>
      </trkpt>
      <trkpt lat="48.79306" lon="-113.64758">
        <ele>1491.49</ele>
      </trkpt>
      <trkpt lat="48.79309" lon="-113.6476">
        <ele>1491.5</ele>
      </trkpt>
      <trkpt lat="48.79315" lon="-113.64761">
        <ele>1490.49</ele>
      </trkpt>
      <trkpt lat="48.79324" lon="-113.64765">
        <ele>1488.51</ele>
      </trkpt>
      <trkpt lat="48.79334" lon="-113.64784">
        <ele>1491.18</ele>
      </trkpt>
      <trkpt lat="48.7934" lon="-113.64791">
        <ele>1491.54</ele>
      </trkpt>
      <trkpt lat="48.79346" lon="-113.648">
        <ele>1491.7</ele>
      </trkpt>
      <trkpt lat="48.79354" lon="-113.64821">
        <ele>1493.13</ele>
      </trkpt>
      <trkpt lat="48.79358" lon="-113.64837">
        <ele>1494.4</ele>
      </trkpt>
      <trkpt lat="48.7936" lon="-113.64841">
        <ele>1494.19</ele>
      </trkpt>
      <trkpt lat="48.79365" lon="-113.64845">
        <ele>1493.57</ele>
      </trkpt>
      <trkpt lat="48.7937" lon="-113.64849">
        <ele>1492.8</ele>
      </trkpt>
      <trkpt lat="48.79377" lon="-113.64861">
        <ele>1491.84</ele>
      </trkpt>
      <trkpt lat="48.79386" lon="-113.6488">
        <ele>1491.98</ele>
      </trkpt>
      <trkpt lat="48.79396" lon="-113.64909">
        <ele>1491.83</ele>
      </trkpt>
      <trkpt lat="48.79407" lon="-113.64957">
        <ele>1492.47</ele>
      </trkpt>
      <trkpt lat="48.7941" lon="-113.6497">
        <ele>1492.37</ele>
      </trkpt>
      <trkpt lat="48.79416" lon="-113.64995">
        <ele>1492.14</ele>
      </trkpt>
      <trkpt lat="48.79421" lon="-113.65013">
        <ele>1491.06</ele>
      </trkpt>
      <trkpt lat="48.79425" lon="-113.65024">
        <ele>1490.2</ele>
      </trkpt>
      <trkpt lat="48.79428" lon="-113.65035">
        <ele>1489.73</ele>
      </trkpt>
      <trkpt lat="48.79427" lon="-113.65043">
        <ele>1489.88</ele>
      </trkpt>
      <trkpt lat="48.79406" lon="-113.65085">
        <ele>1494.3</ele>
      </trkpt>
      <trkpt lat="48.79402" lon="-113.65099">
        <ele>1494.76</ele>
      </trkpt>
      <trkpt lat="48.79401" lon="-113.65108">
        <ele>1494.49</ele>
      </trkpt>
      <trkpt lat="48.79403" lon="-113.65119">
        <ele>1493.55</ele>
      </trkpt>
      <trkpt lat="48.79405" lon="-113.65129">
        <ele>1492.33</ele>
      </trkpt>
      <trkpt lat="48.79405" lon="-113.65133">
        <ele>1491.99</ele>
      </trkpt>
      <trkpt lat="48.79404" lon="-113.65136">
        <ele>1491.93</ele>
      </trkpt>
      <trkpt lat="48.79385" lon="-113.65152">
        <ele>1493.84</ele>
      </trkpt>
      <trkpt lat="48.79383" lon="-113.65156">
        <ele>1494.27</ele>
      </trkpt>
      <trkpt lat="48.79383" lon="-113.65161">
        <ele>1493.88</ele>
      </trkpt>
      <trkpt lat="48.79382" lon="-113.65169">
        <ele>1493.3</ele>
      </trkpt>
      <trkpt lat="48.79379" lon="-113.65172">
        <ele>1493.56</ele>
      </trkpt>
      <trkpt lat="48.79375" lon="-113.65175">
        <ele>1494.1</ele>
      </trkpt>
      <trkpt lat="48.79366" lon="-113.65181">
        <ele>1495.4</ele>
      </trkpt>
      <trkpt lat="48.7936" lon="-113.65186">
        <ele>1496.15</ele>
      </trkpt>
      <trkpt lat="48.79355" lon="-113.65189">
        <ele>1496.91</ele>
      </trkpt>
      <trkpt lat="48.79348" lon="-113.652">
        <ele>1497.23</ele>
      </trkpt>
      <trkpt lat="48.79345" lon="-113.65209">
        <ele>1496.91</ele>
      </trkpt>
      <trkpt lat="48.79339" lon="-113.65229">
        <ele>1497.16</ele>
      </trkpt>
      <trkpt lat="48.79332" lon="-113.65259">
        <ele>1497.86</ele>
      </trkpt>
      <trkpt lat="48.79326" lon="-113.6527">
        <ele>1501.83</ele>
      </trkpt>
      <trkpt lat="48.79322" lon="-113.6528">
        <ele>1502.86</ele>
      </trkpt>
      <trkpt lat="48.79323" lon="-113.65285">
        <ele>1503.04</ele>
      </trkpt>
      <trkpt lat="48.79324" lon="-113.65291">
        <ele>1503.02</ele>
      </trkpt>
      <trkpt lat="48.79325" lon="-113.65295">
        <ele>1502.59</ele>
      </trkpt>
      <trkpt lat="48.79327" lon="-113.65301">
        <ele>1501.74</ele>
      </trkpt>
      <trkpt lat="48.79332" lon="-113.65309">
        <ele>1499.89</ele>
      </trkpt>
      <trkpt lat="48.79341" lon="-113.65323">
        <ele>1498.4</ele>
      </trkpt>
      <trkpt lat="48.79353" lon="-113.65339">
        <ele>1497.36</ele>
      </trkpt>
      <trkpt lat="48.79362" lon="-113.65355">
        <ele>1497.24</ele>
      </trkpt>
      <trkpt lat="48.79369" lon="-113.65364">
        <ele>1497.51</ele>
      </trkpt>
      <trkpt lat="48.79374" lon="-113.65374">
        <ele>1498.0</ele>
      </trkpt>
      <trkpt lat="48.7938" lon="-113.65386">
        <ele>1498.65</ele>
      </trkpt>
      <trkpt lat="48.79389" lon="-113.65399">
        <ele>1499.08</ele>
      </trkpt>
      <trkpt lat="48.79394" lon="-113.6541">
        <ele>1499.73</ele>
      </trkpt>
      <trkpt lat="48.79401" lon="-113.65428">
        <ele>1500.92</ele>
      </trkpt>
      <trkpt lat="48.79407" lon="-113.65443">
        <ele>1501.89</ele>
      </trkpt>
      <trkpt lat="48.79414" lon="-113.65455">
        <ele>1502.43</ele>
      </trkpt>
      <trkpt lat="48.79423" lon="-113.65476">
        <ele>1503.72</ele>
      </trkpt>
      <trkpt lat="48.79428" lon="-113.65498">
        <ele>1505.56</ele>
      </trkpt>
      <trkpt lat="48.79432" lon="-113.65503">
        <ele>1505.67</ele>
      </trkpt>
      <trkpt lat="48.79437" lon="-113.65508">
        <ele>1505.86</ele>
      </trkpt>
      <trkpt lat="48.79447" lon="-113.65515">
        <ele>1506.34</ele>
      </trkpt>
      <trkpt lat="48.79453" lon="-113.65522">
        <ele>1506.45</ele>
      </trkpt>
      <trkpt lat="48.79457" lon="-113.65528">
        <ele>1507.02</ele>
      </trkpt>
      <trkpt lat="48.79469" lon="-113.65547">
        <ele>1508.08</ele>
      </trkpt>
      <trkpt lat="48.79473" lon="-113.65556">
        <ele>1509.0</ele>
      </trkpt>
      <trkpt lat="48.79478" lon="-113.65571">
        <ele>1509.67</ele>
      </trkpt>
      <trkpt lat="48.79485" lon="-113.65581">
        <ele>1509.9</ele>
      </trkpt>
      <trkpt lat="48.79494" lon="-113.65601">
        <ele>1510.65</ele>
      </trkpt>
      <trkpt lat="48.79509" lon="-113.65611">
        <ele>1509.03</ele>
      </trkpt>
      <trkpt lat="48.79518" lon="-113.65615">
        <ele>1508.06</ele>
      </trkpt>
      <trkpt lat="48.79526" lon="-113.65614">
        <ele>1508.0</ele>
      </trkpt>
      <trkpt lat="48.79541" lon="-113.65604">
        <ele>1508.43</ele>
      </trkpt>
      <trkpt lat="48.79559" lon="-113.65596">
        <ele>1508.6</ele>
      </trkpt>
      <trkpt lat="48.79563" lon="-113.65607">
        <ele>1509.56</ele>
      </trkpt>
      <trkpt lat="48.79574" lon="-113.65601">
        <ele>1509.0</ele>
      </trkpt>
      <trkpt lat="48.79629" lon="-113.65594">
        <ele>1510.0</ele>
      </trkpt>
      <trkpt lat="48.79656" lon="-113.65593">
        <ele>1510.0</ele>
      </trkpt>
      <trkpt lat="48.79758" lon="-113.65596">
        <ele>1505.0</ele>
      </trkpt>
      <trkpt lat="48.79799" lon="-113.65596">
        <ele>1504.63</ele>
      </trkpt>
      <trkpt lat="48.79836" lon="-113.65612">
        <ele>1500.52</ele>
      </trkpt>
      <trkpt lat="48.79876" lon="-113.65613">
        <ele>1497.59</ele>
      </trkpt>
      <trkpt lat="48.79888" lon="-113.65619">
        <ele>1496.43</ele>
      </trkpt>
      <trkpt lat="48.79892" lon="-113.65632">
        <ele>1493.49</ele>
      </trkpt>
      <trkpt lat="48.79893" lon="-113.65638">
        <ele>1492.19</ele>
      </trkpt>
      <trkpt lat="48.79893" lon="-113.65641">
        <ele>1491.65</ele>
      </trkpt>
      <trkpt lat="48.79893" lon="-113.65648">
        <ele>1490.47</ele>
      </trkpt>
      <trkpt lat="48.79949" lon="-113.6567">
        <ele>1489.0</ele>
      </trkpt>
      <trkpt lat="48.79954" lon="-113.65672">
        <ele>1489.0</ele>
      </trkpt>
      <trkpt lat="48.7998" lon="-113.65679">
        <ele>1489.0</ele>
      </trkpt>
      <trkpt lat="48.7998" lon="-113.6568">
        <ele>1489.0</ele>
      </trkpt>
      <trkpt lat="48.80047" lon="-113.657">
        <ele>1492.12</ele>
      </trkpt>
      <trkpt lat="48.80058" lon="-113.65694">
        <ele>1493.52</ele>
      </trkpt>
      <trkpt lat="48.80072" lon="-113.65663">
        <ele>1493.38</ele>
      </trkpt>
      <trkpt lat="48.80056" lon="-113.65563">
        <ele>1487.1</ele>
      </trkpt>
      <trkpt lat="48.80063" lon="-113.65521">
        <ele>1486.61</ele>
      </trkpt>
      <trkpt lat="48.80054" lon="-113.65478">
        <ele>1484.43</ele>
      </trkpt>
      <trkpt lat="48.80059" lon="-113.65457">
        <ele>1486.08</ele>
      </trkpt>
      <trkpt lat="48.80054" lon="-113.65431">
        <ele>1480.63</ele>
      </trkpt>
      <trkpt lat="48.80069" lon="-113.65377">
        <ele>1485.13</ele>
      </trkpt>
      <trkpt lat="48.80073" lon="-113.65342">
        <ele>1485.53</ele>
      </trkpt>
      <trkpt lat="48.80085" lon="-113.65309">
        <ele>1489.27</ele>
      </trkpt>
      <trkpt lat="48.80084" lon="-113.65294">
        <ele>1488.06</ele>
      </trkpt>
      <trkpt lat="48.80095" lon="-113.65181">
        <ele>1485.52</ele>
      </trkpt>
      <trkpt lat="48.80119" lon="-113.65087">
        <ele>1484.76</ele>
      </trkpt>
      <trkpt lat="48.80106" lon="-113.65057">
        <ele>1480.98</ele>
      </trkpt>
      <trkpt lat="48.80122" lon="-113.64999">
        <ele>1478.24</ele>
      </trkpt>
      <trkpt lat="48.80134" lon="-113.64971">
        <ele>1476.34</ele>
      </trkpt>
      <trkpt lat="48.80155" lon="-113.6496">
        <ele>1477.84</ele>
      </trkpt>
      <trkpt lat="48.80179" lon="-113.64911">
        <ele>1472.11</ele>
      </trkpt>
      <trkpt lat="48.80204" lon="-113.64889">
        <ele>1471.04</ele>
      </trkpt>
      <trkpt lat="48.80214" lon="-113.64865">
        <ele>1472.0</ele>
      </trkpt>
      <trkpt lat="48.80215" lon="-113.6482">
        <ele>1472.56</ele>
      </trkpt>
      <trkpt lat="48.80226" lon="-113.64762">
        <ele>1474.0</ele>
      </trkpt>
      <trkpt lat="48.80255" lon="-113.64675">
        <ele>1476.0</ele>
      </trkpt>
      <trkpt lat="48.80255" lon="-113.64667">
        <ele>1476.0</ele>
      </trkpt>
      <trkpt lat="48.80255" lon="-113.64583">
        <ele>1478.0</ele>
      </trkpt>
      <trkpt lat="48.80265" lon="-113.64535">
        <ele>1479.14</ele>
      </trkpt>
      <trkpt lat="48.80264" lon="-113.64513">
        <ele>1480.0</ele>
      </trkpt>
      <trkpt lat="48.80254" lon="-113.64489">
        <ele>1480.08</ele>
      </trkpt>
      <trkpt lat="48.80246" lon="-113.64454">
        <ele>1481.0</ele>
      </trkpt>
      <trkpt lat="48.80236" lon="-113.64421">
        <ele>1481.76</ele>
      </trkpt>
      <trkpt lat="48.80234" lon="-113.6437">
        <ele>1483.01</ele>
      </trkpt>
      <trkpt lat="48.80231" lon="-113.64361">
        <ele>1483.01</ele>
      </trkpt>
      <trkpt lat="48.80226" lon="-113.6436">
        <ele>1483.05</ele>
      </trkpt>
      <trkpt lat="48.80224" lon="-113.64347">
        <ele>1483.62</ele>
      </trkpt>
      <trkpt lat="48.80229" lon="-113.64305">
        <ele>1484.75</ele>
      </trkpt>
      <trkpt lat="48.8023" lon="-113.64261">
        <ele>1485.97</ele>
      </trkpt>
      <trkpt lat="48.80251" lon="-113.64164">
        <ele>1489.0</ele>
      </trkpt>
      <trkpt lat="48.80259" lon="-113.64101">
        <ele>1490.0</ele>
      </trkpt>
      <trkpt lat="48.80298" lon="-113.6394">
        <ele>1493.0</ele>
      </trkpt>
      <trkpt lat="48.80325" lon="-113.63886">
        <ele>1494.1</ele>
      </trkpt>
      <trkpt lat="48.80335" lon="-113.63726">
        <ele>1494.0</ele>
      </trkpt>
      <trkpt lat="48.80415" lon="-113.63507">
        <ele>1493.62</ele>
      </trkpt>
      <trkpt lat="48.80433" lon="-113.63489">
        <ele>1493.96</ele>
      </trkpt>
      <trkpt lat="48.80474" lon="-113.63477">
        <ele>1495.61</ele>
      </trkpt>
      <trkpt lat="48.80484" lon="-113.63466">
        <ele>1496.27</ele>
      </trkpt>
      <trkpt lat="48.80505" lon="-113.63455">
        <ele>1497.54</ele>
      </trkpt>
      <trkpt lat="48.80525" lon="-113.63416">
        <ele>1497.98</ele>
      </trkpt>
      <trkpt lat="48.80537" lon="-113.634">
        <ele>1498.0</ele>
      </trkpt>
      <trkpt lat="48.80542" lon="-113.63397">
        <ele>1498.47</ele>
      </trkpt>
      <trkpt lat="48.80553" lon="-113.63394">
        <ele>1498.88</ele>
      </trkpt>
      <trkpt lat="48.80556" lon="-113.63388">
        <ele>1499.04</ele>
      </trkpt>
      <trkpt lat="48.8056" lon="-113.63379">
        <ele>1498.96</ele>
      </trkpt>
      <trkpt lat="48.80563" lon="-113.63363">
        <ele>1498.01</ele>
      </trkpt>
      <trkpt lat="48.80569" lon="-113.63329">
        <ele>1496.2</ele>
      </trkpt>
      <trkpt lat="48.80576" lon="-113.63298">
        <ele>1495.56</ele>
      </trkpt>
      <trkpt lat="48.8059" lon="-113.63256">
        <ele>1495.37</ele>
      </trkpt>
      <trkpt lat="48.80592" lon="-113.6325">
        <ele>1494.94</ele>
      </trkpt>
      <trkpt lat="48.80604" lon="-113.63239">
        <ele>1496.42</ele>
      </trkpt>
      <trkpt lat="48.80608" lon="-113.63237">
        <ele>1497.06</ele>
      </trkpt>
      <trkpt lat="48.80618" lon="-113.63222">
        <ele>1497.74</ele>
      </trkpt>
      <trkpt lat="48.80627" lon="-113.63195">
        <ele>1497.76</ele>
      </trkpt>
      <trkpt lat="48.80643" lon="-113.63169">
        <ele>1499.44</ele>
      </trkpt>
      <trkpt lat="48.80668" lon="-113.63093">
        <ele>1501.14</ele>
      </trkpt>
      <trkpt lat="48.80688" lon="-113.63063">
        <ele>1502.3</ele>
      </trkpt>
      <trkpt lat="48.80701" lon="-113.63021">
        <ele>1503.71</ele>
      </trkpt>
      <trkpt lat="48.80703" lon="-113.63">
        <ele>1503.92</ele>
      </trkpt>
      <trkpt lat="48.80699" lon="-113.62981">
        <ele>1503.49</ele>
      </trkpt>
      <trkpt lat="48.80691" lon="-113.62963">
        <ele>1502.63</ele>
      </trkpt>
      <trkpt lat="48.8069" lon="-113.62956">
        <ele>1502.52</ele>
      </trkpt>
      <trkpt lat="48.80691" lon="-113.62945">
        <ele>1502.63</ele>
      </trkpt>
      <trkpt lat="48.80689" lon="-113.62939">
        <ele>1502.41</ele>
      </trkpt>
      <trkpt lat="48.80702" lon="-113.62897">
        <ele>1503.82</ele>
      </trkpt>
      <trkpt lat="48.807" lon="-113.62863">
        <ele>1503.6</ele>
      </trkpt>
      <trkpt lat="48.80704" lon="-113.62853">
        <ele>1504.91</ele>
      </trkpt>
      <trkpt lat="48.80712" lon="-113.62837">
        <ele>1505.9</ele>
      </trkpt>
      <trkpt lat="48.80726" lon="-113.62816">
        <ele>1507.41</ele>
      </trkpt>
      <trkpt lat="48.80742" lon="-113.62782">
        <ele>1510.14</ele>
      </trkpt>
      <trkpt lat="48.80752" lon="-113.62766">
        <ele>1511.22</ele>
      </trkpt>
      <trkpt lat="48.8076" lon="-113.62766">
        <ele>1512.08</ele>
      </trkpt>
      <trkpt lat="48.80771" lon="-113.62777">
        <ele>1513.51</ele>
      </trkpt>
      <trkpt lat="48.80778" lon="-113.6278">
        <ele>1515.02</ele>
      </trkpt>
      <trkpt lat="48.80798" lon="-113.62786">
        <ele>1518.37</ele>
      </trkpt>
      <trkpt lat="48.80803" lon="-113.62779">
        <ele>1519.45</ele>
      </trkpt>
      <trkpt lat="48.80808" lon="-113.62762">
        <ele>1519.53</ele>
      </trkpt>
      <trkpt lat="48.80811" lon="-113.62732">
        <ele>1520.56</ele>
      </trkpt>
      <trkpt lat="48.80822" lon="-113.62704">
        <ele>1521.78</ele>
      </trkpt>
      <trkpt lat="48.80831" lon="-113.62688">
        <ele>1523.5</ele>
      </trkpt>
      <trkpt lat="48.80843" lon="-113.62675">
        <ele>1525.04</ele>
      </trkpt>
      <trkpt lat="48.80859" lon="-113.62652">
        <ele>1527.22</ele>
      </trkpt>
      <trkpt lat="48.80872" lon="-113.62642">
        <ele>1529.35</ele>
      </trkpt>
      <trkpt lat="48.8088" lon="-113.62623">
        <ele>1531.04</ele>
      </trkpt>
      <trkpt lat="48.80881" lon="-113.62599">
        <ele>1531.15</ele>
      </trkpt>
      <trkpt lat="48.80871" lon="-113.62554">
        <ele>1528.08</ele>
      </trkpt>
      <trkpt lat="48.80872" lon="-113.62545">
        <ele>1528.33</ele>
      </trkpt>
      <trkpt lat="48.80879" lon="-113.62522">
        <ele>1528.28</ele>
      </trkpt>
      <trkpt lat="48.8088" lon="-113.6251">
        <ele>1527.12</ele>
      </trkpt>
      <trkpt lat="48.80879" lon="-113.62495">
        <ele>1525.9</ele>
      </trkpt>
      <trkpt lat="48.80881" lon="-113.62487">
        <ele>1525.8</ele>
      </trkpt>
      <trkpt lat="48.80877" lon="-113.62465">
        <ele>1524.43</ele>
      </trkpt>
      <trkpt lat="48.80878" lon="-113.62454">
        <ele>1524.65</ele>
      </trkpt>
      <trkpt lat="48.80886" lon="-113.62433">
        <ele>1526.21</ele>
      </trkpt>
      <trkpt lat="48.80889" lon="-113.6241">
        <ele>1526.02</ele>
      </trkpt>
      <trkpt lat="48.80899" lon="-113.62381">
        <ele>1525.24</ele>
      </trkpt>
      <trkpt lat="48.80903" lon="-113.62357">
        <ele>1524.05</ele>
      </trkpt>
      <trkpt lat="48.80911" lon="-113.62338">
        <ele>1525.08</ele>
      </trkpt>
      <trkpt lat="48.80917" lon="-113.62306">
        <ele>1525.04</ele>
      </trkpt>
      <trkpt lat="48.80922" lon="-113.62298">
        <ele>1525.23</ele>
      </trkpt>
      <trkpt lat="48.80947" lon="-113.62274">
        <ele>1527.98</ele>
      </trkpt>
      <trkpt lat="48.80964" lon="-113.62239">
        <ele>1529.04</ele>
      </trkpt>
      <trkpt lat="48.80977" lon="-113.62218">
        <ele>1530.8</ele>
      </trkpt>
      <trkpt lat="48.80987" lon="-113.6219">
        <ele>1532.19</ele>
      </trkpt>
      <trkpt lat="48.80987" lon="-113.62177">
        <ele>1531.31</ele>
      </trkpt>
      <trkpt lat="48.80991" lon="-113.6217">
        <ele>1532.06</ele>
      </trkpt>
      <trkpt lat="48.81005" lon="-113.6213">
        <ele>1533.12</ele>
      </trkpt>
      <trkpt lat="48.8101" lon="-113.62122">
        <ele>1534.09</ele>
      </trkpt>
      <trkpt lat="48.81017" lon="-113.62088">
        <ele>1533.67</ele>
      </trkpt>
      <trkpt lat="48.81026" lon="-113.6207">
        <ele>1534.62</ele>
      </trkpt>
      <trkpt lat="48.81043" lon="-113.62045">
        <ele>1537.15</ele>
      </trkpt>
      <trkpt lat="48.81056" lon="-113.62035">
        <ele>1537.88</ele>
      </trkpt>
      <trkpt lat="48.81068" lon="-113.62027">
        <ele>1539.26</ele>
      </trkpt>
      <trkpt lat="48.81072" lon="-113.62016">
        <ele>1538.5</ele>
      </trkpt>
      <trkpt lat="48.81078" lon="-113.62011">
        <ele>1539.04</ele>
      </trkpt>
      <trkpt lat="48.81082" lon="-113.62003">
        <ele>1539.71</ele>
      </trkpt>
      <trkpt lat="48.81085" lon="-113.61994">
        <ele>1539.65</ele>
      </trkpt>
      <trkpt lat="48.81085" lon="-113.61984">
        <ele>1539.96</ele>
      </trkpt>
      <trkpt lat="48.81081" lon="-113.61975">
        <ele>1539.5</ele>
      </trkpt>
      <trkpt lat="48.81082" lon="-113.61965">
        <ele>1540.49</ele>
      </trkpt>
      <trkpt lat="48.81078" lon="-113.6195">
        <ele>1540.59</ele>
      </trkpt>
      <trkpt lat="48.81083" lon="-113.61947">
        <ele>1541.66</ele>
      </trkpt>
      <trkpt lat="48.81083" lon="-113.61936">
        <ele>1542.84</ele>
      </trkpt>
      <trkpt lat="48.81087" lon="-113.61909">
        <ele>1545.19</ele>
      </trkpt>
      <trkpt lat="48.81091" lon="-113.61902">
        <ele>1546.48</ele>
      </trkpt>
      <trkpt lat="48.81093" lon="-113.61889">
        <ele>1547.09</ele>
      </trkpt>
      <trkpt lat="48.81095" lon="-113.61885">
        <ele>1547.52</ele>
      </trkpt>
      <trkpt lat="48.81105" lon="-113.61873">
        <ele>1548.87</ele>
      </trkpt>
      <trkpt lat="48.81114" lon="-113.61869">
        <ele>1550.16</ele>
      </trkpt>
      <trkpt lat="48.81116" lon="-113.61861">
        <ele>1549.52</ele>
      </trkpt>
      <trkpt lat="48.81125" lon="-113.61852">
        <ele>1550.5</ele>
      </trkpt>
      <trkpt lat="48.81128" lon="-113.61845">
        <ele>1550.82</ele>
      </trkpt>
      <trkpt lat="48.81133" lon="-113.61825">
        <ele>1550.36</ele>
      </trkpt>
      <trkpt lat="48.81129" lon="-113.61815">
        <ele>1549.93</ele>
      </trkpt>
      <trkpt lat="48.81126" lon="-113.61796">
        <ele>1549.22</ele>
      </trkpt>
      <trkpt lat="48.81127" lon="-113.61783">
        <ele>1549.43</ele>
      </trkpt>
      <trkpt lat="48.81132" lon="-113.61764">
        <ele>1550.26</ele>
      </trkpt>
      <trkpt lat="48.81133" lon="-113.61743">
        <ele>1550.36</ele>
      </trkpt>
      <trkpt lat="48.81129" lon="-113.61726">
        <ele>1548.89</ele>
      </trkpt>
      <trkpt lat="48.81125" lon="-113.61715">
        <ele>1548.0</ele>
      </trkpt>
      <trkpt lat="48.81124" lon="-113.61704">
        <ele>1547.4</ele>
      </trkpt>
      <trkpt lat="48.81126" lon="-113.61693">
        <ele>1547.22</ele>
      </trkpt>
      <trkpt lat="48.81129" lon="-113.61682">
        <ele>1547.52</ele>
      </trkpt>
      <trkpt lat="48.81132" lon="-113.61673">
        <ele>1547.43</ele>
      </trkpt>
      <trkpt lat="48.81137" lon="-113.61664">
        <ele>1547.74</ele>
      </trkpt>
      <trkpt lat="48.81145" lon="-113.61655">
        <ele>1548.57</ele>
      </trkpt>
      <trkpt lat="48.81148" lon="-113.61643">
        <ele>1548.42</ele>
      </trkpt>
      <trkpt lat="48.81154" lon="-113.61638">
        <ele>1549.2</ele>
      </trkpt>
      <trkpt lat="48.81158" lon="-113.61612">
        <ele>1548.22</ele>
      </trkpt>
      <trkpt lat="48.81167" lon="-113.61599">
        <ele>1548.73</ele>
      </trkpt>
      <trkpt lat="48.81171" lon="-113.61589">
        <ele>1548.26</ele>
      </trkpt>
      <trkpt lat="48.81179" lon="-113.6158">
        <ele>1548.97</ele>
      </trkpt>
      <trkpt lat="48.81193" lon="-113.61576">
        <ele>1550.05</ele>
      </trkpt>
      <trkpt lat="48.81201" lon="-113.61583">
        <ele>1550.99</ele>
      </trkpt>
      <trkpt lat="48.81224" lon="-113.61576">
        <ele>1552.19</ele>
      </trkpt>
      <trkpt lat="48.81242" lon="-113.61562">
        <ele>1552.74</ele>
      </trkpt>
      <trkpt lat="48.81246" lon="-113.61554">
        <ele>1552.4</ele>
      </trkpt>
      <trkpt lat="48.81252" lon="-113.61552">
        <ele>1552.83</ele>
      </trkpt>
      <trkpt lat="48.81267" lon="-113.61553">
        <ele>1554.56</ele>
      </trkpt>
      <trkpt lat="48.81278" lon="-113.61566">
        <ele>1556.15</ele>
      </trkpt>
      <trkpt lat="48.81284" lon="-113.61563">
        <ele>1556.67</ele>
      </trkpt>
      <trkpt lat="48.813" lon="-113.61545">
        <ele>1557.74</ele>
      </trkpt>
      <trkpt lat="48.81308" lon="-113.61528">
        <ele>1558.26</ele>
      </trkpt>
      <trkpt lat="48.81312" lon="-113.61522">
        <ele>1558.07</ele>
      </trkpt>
      <trkpt lat="48.81327" lon="-113.6152">
        <ele>1559.48</ele>
      </trkpt>
      <trkpt lat="48.8135" lon="-113.61524">
        <ele>1562.39</ele>
      </trkpt>
      <trkpt lat="48.81353" lon="-113.61519">
        <ele>1562.18</ele>
      </trkpt>
      <trkpt lat="48.81364" lon="-113.61515">
        <ele>1563.31</ele>
      </trkpt>
      <trkpt lat="48.81368" lon="-113.61508">
        <ele>1563.61</ele>
      </trkpt>
      <trkpt lat="48.8138" lon="-113.61498">
        <ele>1564.07</ele>
      </trkpt>
      <trkpt lat="48.81386" lon="-113.61498">
        <ele>1565.23</ele>
      </trkpt>
      <trkpt lat="48.81389" lon="-113.61495">
        <ele>1565.48</ele>
      </trkpt>
      <trkpt lat="48.81399" lon="-113.61497">
        <ele>1567.15</ele>
      </trkpt>
      <trkpt lat="48.81403" lon="-113.61493">
        <ele>1567.65</ele>
      </trkpt>
      <trkpt lat="48.81408" lon="-113.61483">
        <ele>1568.13</ele>
      </trkpt>
      <trkpt lat="48.81418" lon="-113.61489">
        <ele>1570.26</ele>
      </trkpt>
      <trkpt lat="48.81429" lon="-113.61484">
        <ele>1571.85</ele>
      </trkpt>
      <trkpt lat="48.81447" lon="-113.61472">
        <ele>1574.55</ele>
      </trkpt>
      <trkpt lat="48.81457" lon="-113.61457">
        <ele>1576.07</ele>
      </trkpt>
      <trkpt lat="48.81467" lon="-113.6143">
        <ele>1576.87</ele>
      </trkpt>
      <trkpt lat="48.81478" lon="-113.61418">
        <ele>1578.3</ele>
      </trkpt>
      <trkpt lat="48.8149" lon="-113.61419">
        <ele>1580.15</ele>
      </trkpt>
      <trkpt lat="48.8149" lon="-113.61423">
        <ele>1580.55</ele>
      </trkpt>
      <trkpt lat="48.81492" lon="-113.61427">
        <ele>1581.37</ele>
      </trkpt>
      <trkpt lat="48.81493" lon="-113.61442">
        <ele>1582.42</ele>
      </trkpt>
      <trkpt lat="48.81498" lon="-113.61448">
        <ele>1583.95</ele>
      </trkpt>
      <trkpt lat="48.81508" lon="-113.61438">
        <ele>1584.77</ele>
      </trkpt>
      <trkpt lat="48.81515" lon="-113.61437">
        <ele>1585.74</ele>
      </trkpt>
      <trkpt lat="48.81521" lon="-113.6143">
        <ele>1585.71</ele>
      </trkpt>
      <trkpt lat="48.81526" lon="-113.61427">
        <ele>1585.92</ele>
      </trkpt>
      <trkpt lat="48.81533" lon="-113.6143">
        <ele>1587.0</ele>
      </trkpt>
      <trkpt lat="48.81542" lon="-113.61428">
        <ele>1587.88</ele>
      </trkpt>
      <trkpt lat="48.81544" lon="-113.61431">
        <ele>1588.71</ele>
      </trkpt>
      <trkpt lat="48.8155" lon="-113.61427">
        <ele>1588.99</ele>
      </trkpt>
      <trkpt lat="48.81552" lon="-113.61421">
        <ele>1588.37</ele>
      </trkpt>
      <trkpt lat="48.81569" lon="-113.61413">
        <ele>1591.18</ele>
      </trkpt>
      <trkpt lat="48.81575" lon="-113.61443">
        <ele>1594.94</ele>
      </trkpt>
      <trkpt lat="48.81587" lon="-113.61434">
        <ele>1595.79</ele>
      </trkpt>
      <trkpt lat="48.81589" lon="-113.61442">
        <ele>1596.51</ele>
      </trkpt>
      <trkpt lat="48.8159" lon="-113.61452">
        <ele>1597.54</ele>
      </trkpt>
      <trkpt lat="48.81593" lon="-113.6145">
        <ele>1597.66</ele>
      </trkpt>
      <trkpt lat="48.81595" lon="-113.61458">
        <ele>1598.72</ele>
      </trkpt>
      <trkpt lat="48.816" lon="-113.61456">
        <ele>1599.05</ele>
      </trkpt>
      <trkpt lat="48.81608" lon="-113.61459">
        <ele>1601.18</ele>
      </trkpt>
      <trkpt lat="48.81606" lon="-113.61444">
        <ele>1599.9</ele>
      </trkpt>
      <trkpt lat="48.81606" lon="-113.6143">
        <ele>1599.9</ele>
      </trkpt>
      <trkpt lat="48.81611" lon="-113.61407">
        <ele>1599.99</ele>
      </trkpt>
      <trkpt lat="48.81617" lon="-113.61399">
        <ele>1601.27</ele>
      </trkpt>
      <trkpt lat="48.81626" lon="-113.61393">
        <ele>1602.61</ele>
      </trkpt>
      <trkpt lat="48.81634" lon="-113.61377">
        <ele>1603.19</ele>
      </trkpt>
      <trkpt lat="48.8164" lon="-113.61372">
        <ele>1603.39</ele>
      </trkpt>
      <trkpt lat="48.8164" lon="-113.61369">
        <ele>1603.22</ele>
      </trkpt>
      <trkpt lat="48.81648" lon="-113.61365">
        <ele>1604.4</ele>
      </trkpt>
      <trkpt lat="48.8166" lon="-113.61361">
        <ele>1605.56</ele>
      </trkpt>
      <trkpt lat="48.81663" lon="-113.61362">
        <ele>1606.25</ele>
      </trkpt>
      <trkpt lat="48.81676" lon="-113.61356">
        <ele>1607.46</ele>
      </trkpt>
      <trkpt lat="48.81684" lon="-113.61359">
        <ele>1609.52</ele>
      </trkpt>
      <trkpt lat="48.8168" lon="-113.61342">
        <ele>1607.4</ele>
      </trkpt>
      <trkpt lat="48.81685" lon="-113.6134">
        <ele>1607.97</ele>
      </trkpt>
      <trkpt lat="48.81688" lon="-113.61344">
        <ele>1608.71</ele>
      </trkpt>
      <trkpt lat="48.81692" lon="-113.61345">
        <ele>1609.54</ele>
      </trkpt>
      <trkpt lat="48.81694" lon="-113.61337">
        <ele>1609.33</ele>
      </trkpt>
      <trkpt lat="48.81714" lon="-113.61348">
        <ele>1613.81</ele>
      </trkpt>
      <trkpt lat="48.81722" lon="-113.61347">
        <ele>1615.43</ele>
      </trkpt>
      <trkpt lat="48.81731" lon="-113.61349">
        <ele>1617.59</ele>
      </trkpt>
      <trkpt lat="48.81742" lon="-113.61344">
        <ele>1619.29</ele>
      </trkpt>
      <trkpt lat="48.81748" lon="-113.61337">
        <ele>1619.05</ele>
      </trkpt>
      <trkpt lat="48.8175" lon="-113.61329">
        <ele>1618.53</ele>
      </trkpt>
      <trkpt lat="48.81765" lon="-113.61305">
        <ele>1618.2</ele>
      </trkpt>
      <trkpt lat="48.81771" lon="-113.613">
        <ele>1618.83</ele>
      </trkpt>
      <trkpt lat="48.81789" lon="-113.61296">
        <ele>1621.39</ele>
      </trkpt>
      <trkpt lat="48.81795" lon="-113.61293">
        <ele>1622.36</ele>
      </trkpt>
      <trkpt lat="48.81803" lon="-113.61293">
        <ele>1623.37</ele>
      </trkpt>
      <trkpt lat="48.8181" lon="-113.61287">
        <ele>1623.48</ele>
      </trkpt>
      <trkpt lat="48.81823" lon="-113.61282">
        <ele>1625.22</ele>
      </trkpt>
      <trkpt lat="48.81828" lon="-113.61275">
        <ele>1624.95</ele>
      </trkpt>
      <trkpt lat="48.81831" lon="-113.61265">
        <ele>1623.83</ele>
      </trkpt>
      <trkpt lat="48.81842" lon="-113.61251">
        <ele>1623.98</ele>
      </trkpt>
      <trkpt lat="48.81847" lon="-113.61245">
        <ele>1624.15</ele>
      </trkpt>
      <trkpt lat="48.81859" lon="-113.6124">
        <ele>1625.46</ele>
      </trkpt>
      <trkpt lat="48.81863" lon="-113.61233">
        <ele>1625.57</ele>
      </trkpt>
      <trkpt lat="48.81871" lon="-113.61229">
        <ele>1626.94</ele>
      </trkpt>
      <trkpt lat="48.81875" lon="-113.61223">
        <ele>1627.58</ele>
      </trkpt>
      <trkpt lat="48.81874" lon="-113.61214">
        <ele>1626.29</ele>
      </trkpt>
      <trkpt lat="48.81875" lon="-113.6121">
        <ele>1626.18</ele>
      </trkpt>
      <trkpt lat="48.81871" lon="-113.61176">
        <ele>1622.14</ele>
      </trkpt>
      <trkpt lat="48.81868" lon="-113.61174">
        <ele>1621.28</ele>
      </trkpt>
      <trkpt lat="48.81868" lon="-113.61158">
        <ele>1619.79</ele>
      </trkpt>
      <trkpt lat="48.8188" lon="-113.61153">
        <ele>1621.6</ele>
      </trkpt>
      <trkpt lat="48.81894" lon="-113.6116">
        <ele>1625.94</ele>
      </trkpt>
      <trkpt lat="48.819" lon="-113.61158">
        <ele>1627.66</ele>
      </trkpt>
      <trkpt lat="48.81905" lon="-113.61149">
        <ele>1628.31</ele>
      </trkpt>
      <trkpt lat="48.81903" lon="-113.6114">
        <ele>1625.81</ele>
      </trkpt>
      <trkpt lat="48.8191" lon="-113.61136">
        <ele>1627.44</ele>
      </trkpt>
      <trkpt lat="48.81917" lon="-113.61134">
        <ele>1629.02</ele>
      </trkpt>
      <trkpt lat="48.81924" lon="-113.61129">
        <ele>1629.45</ele>
      </trkpt>
      <trkpt lat="48.81937" lon="-113.61129">
        <ele>1632.06</ele>
      </trkpt>
      <trkpt lat="48.81949" lon="-113.61125">
        <ele>1632.98</ele>
      </trkpt>
      <trkpt lat="48.81963" lon="-113.61125">
        <ele>1635.01</ele>
      </trkpt>
      <trkpt lat="48.81986" lon="-113.61105">
        <ele>1634.99</ele>
      </trkpt>
      <trkpt lat="48.81991" lon="-113.61098">
        <ele>1634.66</ele>
      </trkpt>
      <trkpt lat="48.81998" lon="-113.61094">
        <ele>1635.84</ele>
      </trkpt>
      <trkpt lat="48.82003" lon="-113.61086">
        <ele>1635.22</ele>
      </trkpt>
      <trkpt lat="48.82017" lon="-113.61082">
        <ele>1638.22</ele>
      </trkpt>
      <trkpt lat="48.82028" lon="-113.61072">
        <ele>1639.64</ele>
      </trkpt>
      <trkpt lat="48.82048" lon="-113.61074">
        <ele>1647.35</ele>
      </trkpt>
      <trkpt lat="48.82052" lon="-113.61065">
        <ele>1645.9</ele>
      </trkpt>
      <trkpt lat="48.82058" lon="-113.6106">
        <ele>1645.97</ele>
      </trkpt>
      <trkpt lat="48.8206" lon="-113.61046">
        <ele>1641.85</ele>
      </trkpt>
      <trkpt lat="48.8207" lon="-113.61044">
        <ele>1643.51</ele>
      </trkpt>
      <trkpt lat="48.82075" lon="-113.61037">
        <ele>1643.19</ele>
      </trkpt>
      <trkpt lat="48.82087" lon="-113.61032">
        <ele>1644.88</ele>
      </trkpt>
      <trkpt lat="48.82092" lon="-113.61021">
        <ele>1642.68</ele>
      </trkpt>
      <trkpt lat="48.82097" lon="-113.61016">
        <ele>1642.48</ele>
      </trkpt>
      <trkpt lat="48.821" lon="-113.61006">
        <ele>1639.26</ele>
      </trkpt>
      <trkpt lat="48.82123" lon="-113.61003">
        <ele>1641.67</ele>
      </trkpt>
      <trkpt lat="48.82133" lon="-113.60992">
        <ele>1640.63</ele>
      </trkpt>
      <trkpt lat="48.8213" lon="-113.60988">
        <ele>1638.88</ele>
      </trkpt>
      <trkpt lat="48.82131" lon="-113.60985">
        <ele>1639.06</ele>
      </trkpt>
      <trkpt lat="48.82147" lon="-113.60978">
        <ele>1644.25</ele>
      </trkpt>
      <trkpt lat="48.82146" lon="-113.60974">
        <ele>1644.58</ele>
      </trkpt>
      <trkpt lat="48.8214" lon="-113.60972">
        <ele>1644.14</ele>
      </trkpt>
      <trkpt lat="48.82142" lon="-113.60959">
        <ele>1646.05</ele>
      </trkpt>
      <trkpt lat="48.8214" lon="-113.60949">
        <ele>1647.94</ele>
      </trkpt>
      <trkpt lat="48.82129" lon="-113.60926">
        <ele>1652.77</ele>
      </trkpt>
      <trkpt lat="48.82124" lon="-113.60921">
        <ele>1652.77</ele>
      </trkpt>
      <trkpt lat="48.82113" lon="-113.60894">
        <ele>1654.86</ele>
      </trkpt>
      <trkpt lat="48.82111" lon="-113.60884">
        <ele>1655.49</ele>
      </trkpt>
      <trkpt lat="48.82116" lon="-113.60869">
        <ele>1657.58</ele>
      </trkpt>
      <trkpt lat="48.82121" lon="-113.60863">
        <ele>1659.14</ele>
      </trkpt>
      <trkpt lat="48.82126" lon="-113.60843">
        <ele>1659.24</ele>
      </trkpt>
      <trkpt lat="48.8213" lon="-113.60839">
        <ele>1659.73</ele>
      </trkpt>
      <trkpt lat="48.82134" lon="-113.60818">
        <ele>1658.45</ele>
      </trkpt>
      <trkpt lat="48.82138" lon="-113.60809">
        <ele>1658.18</ele>
      </trkpt>
      <trkpt lat="48.82141" lon="-113.60779">
        <ele>1658.35</ele>
      </trkpt>
      <trkpt lat="48.82144" lon="-113.60769">
        <ele>1659.63</ele>
      </trkpt>
      <trkpt lat="48.82149" lon="-113.60764">
        <ele>1661.28</ele>
      </trkpt>
      <trkpt lat="48.82153" lon="-113.60757">
        <ele>1662.57</ele>
      </trkpt>
      <trkpt lat="48.82153" lon="-113.60749">
        <ele>1662.57</ele>
      </trkpt>
      <trkpt lat="48.82157" lon="-113.60744">
        <ele>1663.87</ele>
      </trkpt>
      <trkpt lat="48.82169" lon="-113.60745">
        <ele>1667.76</ele>
      </trkpt>
      <trkpt lat="48.82177" lon="-113.60725">
        <ele>1669.61</ele>
      </trkpt>
      <trkpt lat="48.82206" lon="-113.60692">
        <ele>1674.05</ele>
      </trkpt>
      <trkpt lat="48.82217" lon="-113.60693">
        <ele>1675.87</ele>
      </trkpt>
      <trkpt lat="48.82222" lon="-113.60662">
        <ele>1675.94</ele>
      </trkpt>
      <trkpt lat="48.8223" lon="-113.60658">
        <ele>1677.68</ele>
      </trkpt>
      <trkpt lat="48.82231" lon="-113.60648">
        <ele>1677.83</ele>
      </trkpt>
      <trkpt lat="48.82241" lon="-113.60643">
        <ele>1679.5</ele>
      </trkpt>
      <trkpt lat="48.82242" lon="-113.60635">
        <ele>1679.27</ele>
      </trkpt>
      <trkpt lat="48.82257" lon="-113.60628">
        <ele>1682.34</ele>
      </trkpt>
      <trkpt lat="48.82258" lon="-113.60616">
        <ele>1681.73</ele>
      </trkpt>
      <trkpt lat="48.82264" lon="-113.60612">
        <ele>1683.02</ele>
      </trkpt>
      <trkpt lat="48.82269" lon="-113.60603">
        <ele>1683.22</ele>
      </trkpt>
      <trkpt lat="48.8228" lon="-113.60591">
        <ele>1684.24</ele>
      </trkpt>
      <trkpt lat="48.82287" lon="-113.60588">
        <ele>1685.0</ele>
      </trkpt>
      <trkpt lat="48.82292" lon="-113.60581">
        <ele>1685.28</ele>
      </trkpt>
      <trkpt lat="48.82299" lon="-113.60581">
        <ele>1686.04</ele>
      </trkpt>
      <trkpt lat="48.82311" lon="-113.60574">
        <ele>1686.59</ele>
      </trkpt>
      <trkpt lat="48.82328" lon="-113.60557">
        <ele>1687.58</ele>
      </trkpt>
      <trkpt lat="48.82348" lon="-113.60548">
        <ele>1689.77</ele>
      </trkpt>
      <trkpt lat="48.82357" lon="-113.60548">
        <ele>1690.74</ele>
      </trkpt>
      <trkpt lat="48.82361" lon="-113.60542">
        <ele>1690.99</ele>
      </trkpt>
      <trkpt lat="48.82376" lon="-113.60536">
        <ele>1692.56</ele>
      </trkpt>
      <trkpt lat="48.82386" lon="-113.60526">
        <ele>1693.5</ele>
      </trkpt>
      <trkpt lat="48.82391" lon="-113.60518">
        <ele>1693.23</ele>
      </trkpt>
      <trkpt lat="48.824" lon="-113.60491">
        <ele>1693.2</ele>
      </trkpt>
      <trkpt lat="48.82409" lon="-113.60476">
        <ele>1693.07</ele>
      </trkpt>
      <trkpt lat="48.82416" lon="-113.60472">
        <ele>1693.0</ele>
      </trkpt>
      <trkpt lat="48.82422" lon="-113.60471">
        <ele>1693.58</ele>
      </trkpt>
      <trkpt lat="48.82449" lon="-113.60476">
        <ele>1697.1</ele>
      </trkpt>
      <trkpt lat="48.82466" lon="-113.60482">
        <ele>1701.77</ele>
      </trkpt>
      <trkpt lat="48.82484" lon="-113.60476">
        <ele>1703.68</ele>
      </trkpt>
      <trkpt lat="48.82497" lon="-113.60477">
        <ele>1705.19</ele>
      </trkpt>
      <trkpt lat="48.82515" lon="-113.60472">
        <ele>1707.23</ele>
      </trkpt>
      <trkpt lat="48.82532" lon="-113.60471">
        <ele>1713.56</ele>
      </trkpt>
      <trkpt lat="48.82544" lon="-113.60461">
        <ele>1715.88</ele>
      </trkpt>
      <trkpt lat="48.82574" lon="-113.60451">
        <ele>1719.69</ele>
      </trkpt>
      <trkpt lat="48.82584" lon="-113.60442">
        <ele>1721.27</ele>
      </trkpt>
      <trkpt lat="48.82594" lon="-113.60429">
        <ele>1724.46</ele>
      </trkpt>
      <trkpt lat="48.82598" lon="-113.60423">
        <ele>1725.57</ele>
      </trkpt>
      <trkpt lat="48.82602" lon="-113.60413">
        <ele>1726.04</ele>
      </trkpt>
      <trkpt lat="48.82609" lon="-113.60408">
        <ele>1727.59</ele>
      </trkpt>
      <trkpt lat="48.82611" lon="-113.60403">
        <ele>1727.98</ele>
      </trkpt>
      <trkpt lat="48.82618" lon="-113.60396">
        <ele>1729.49</ele>
      </trkpt>
      <trkpt lat="48.8262" lon="-113.60388">
        <ele>1729.92</ele>
      </trkpt>
      <trkpt lat="48.82634" lon="-113.60363">
        <ele>1734.42</ele>
      </trkpt>
      <trkpt lat="48.82641" lon="-113.60346">
        <ele>1736.68</ele>
      </trkpt>
      <trkpt lat="48.82653" lon="-113.60308">
        <ele>1737.84</ele>
      </trkpt>
      <trkpt lat="48.82663" lon="-113.60293">
        <ele>1739.46</ele>
      </trkpt>
      <trkpt lat="48.82679" lon="-113.60257">
        <ele>1739.42</ele>
      </trkpt>
      <trkpt lat="48.82686" lon="-113.60227">
        <ele>1739.18</ele>
      </trkpt>
      <trkpt lat="48.82696" lon="-113.60168">
        <ele>1739.34</ele>
      </trkpt>
      <trkpt lat="48.82701" lon="-113.60155">
        <ele>1739.42</ele>
      </trkpt>
      <trkpt lat="48.82705" lon="-113.60144">
        <ele>1739.75</ele>
      </trkpt>
      <trkpt lat="48.82704" lon="-113.60133">
        <ele>1738.43</ele>
      </trkpt>
      <trkpt lat="48.82713" lon="-113.60104">
        <ele>1738.24</ele>
      </trkpt>
      <trkpt lat="48.82719" lon="-113.60095">
        <ele>1739.3</ele>
      </trkpt>
      <trkpt lat="48.82723" lon="-113.60085">
        <ele>1739.33</ele>
      </trkpt>
      <trkpt lat="48.82727" lon="-113.60059">
        <ele>1739.52</ele>
      </trkpt>
      <trkpt lat="48.82736" lon="-113.60043">
        <ele>1740.98</ele>
      </trkpt>
      <trkpt lat="48.82748" lon="-113.60032">
        <ele>1743.02</ele>
      </trkpt>
      <trkpt lat="48.82752" lon="-113.60021">
        <ele>1743.43</ele>
      </trkpt>
      <trkpt lat="48.82757" lon="-113.59999">
        <ele>1742.4</ele>
      </trkpt>
      <trkpt lat="48.82756" lon="-113.59993">
        <ele>1741.54</ele>
      </trkpt>
      <trkpt lat="48.82758" lon="-113.59982">
        <ele>1740.78</ele>
      </trkpt>
      <trkpt lat="48.82755" lon="-113.5997">
        <ele>1738.84</ele>
      </trkpt>
      <trkpt lat="48.82759" lon="-113.59937">
        <ele>1735.17</ele>
      </trkpt>
      <trkpt lat="48.82774" lon="-113.59914">
        <ele>1735.3</ele>
      </trkpt>
      <trkpt lat="48.82778" lon="-113.59892">
        <ele>1733.38</ele>
      </trkpt>
      <trkpt lat="48.82783" lon="-113.59882">
        <ele>1734.13</ele>
      </trkpt>
      <trkpt lat="48.82783" lon="-113.59871">
        <ele>1734.13</ele>
      </trkpt>
      <trkpt lat="48.82786" lon="-113.59858">
        <ele>1734.48</ele>
      </trkpt>
      <trkpt lat="48.82787" lon="-113.59848">
        <ele>1734.0</ele>
      </trkpt>
      <trkpt lat="48.8279" lon="-113.59837">
        <ele>1734.32</ele>
      </trkpt>
      <trkpt lat="48.82804" lon="-113.59814">
        <ele>1734.76</ele>
      </trkpt>
      <trkpt lat="48.82812" lon="-113.59783">
        <ele>1735.26</ele>
      </trkpt>
      <trkpt lat="48.82817" lon="-113.59751">
        <ele>1738.6</ele>
      </trkpt>
      <trkpt lat="48.82817" lon="-113.59722">
        <ele>1743.73</ele>
      </trkpt>
      <trkpt lat="48.82813" lon="-113.59693">
        <ele>1745.02</ele>
      </trkpt>
      <trkpt lat="48.82815" lon="-113.59685">
        <ele>1746.02</ele>
      </trkpt>
      <trkpt lat="48.82821" lon="-113.59679">
        <ele>1747.11</ele>
      </trkpt>
      <trkpt lat="48.8283" lon="-113.59663">
        <ele>1748.38</ele>
      </trkpt>
      <trkpt lat="48.82834" lon="-113.59655">
        <ele>1749.08</ele>
      </trkpt>
      <trkpt lat="48.82839" lon="-113.59635">
        <ele>1747.61</ele>
      </trkpt>
      <trkpt lat="48.82844" lon="-113.59626">
        <ele>1747.82</ele>
      </trkpt>
      <trkpt lat="48.82848" lon="-113.59616">
        <ele>1747.39</ele>
      </trkpt>
      <trkpt lat="48.82867" lon="-113.59584">
        <ele>1749.01</ele>
      </trkpt>
      <trkpt lat="48.82875" lon="-113.5958">
        <ele>1751.14</ele>
      </trkpt>
      <trkpt lat="48.8288" lon="-113.59573">
        <ele>1751.85</ele>
      </trkpt>
      <trkpt lat="48.82895" lon="-113.59566">
        <ele>1753.79</ele>
      </trkpt>
      <trkpt lat="48.82901" lon="-113.59557">
        <ele>1753.77</ele>
      </trkpt>
      <trkpt lat="48.82909" lon="-113.59558">
        <ele>1755.44</ele>
      </trkpt>
      <trkpt lat="48.82917" lon="-113.59553">
        <ele>1756.06</ele>
      </trkpt>
      <trkpt lat="48.82929" lon="-113.59536">
        <ele>1757.55</ele>
      </trkpt>
      <trkpt lat="48.82951" lon="-113.59481">
        <ele>1756.67</ele>
      </trkpt>
      <trkpt lat="48.82961" lon="-113.59466">
        <ele>1757.05</ele>
      </trkpt>
      <trkpt lat="48.82974" lon="-113.59437">
        <ele>1756.43</ele>
      </trkpt>
      <trkpt lat="48.82985" lon="-113.59391">
        <ele>1755.61</ele>
      </trkpt>
      <trkpt lat="48.82987" lon="-113.5938">
        <ele>1755.6</ele>
      </trkpt>
      <trkpt lat="48.82993" lon="-113.5936">
        <ele>1756.15</ele>
      </trkpt>
      <trkpt lat="48.83004" lon="-113.59345">
        <ele>1757.44</ele>
      </trkpt>
      <trkpt lat="48.83016" lon="-113.59334">
        <ele>1759.58</ele>
      </trkpt>
      <trkpt lat="48.83034" lon="-113.59303">
        <ele>1759.79</ele>
      </trkpt>
      <trkpt lat="48.83047" lon="-113.59296">
        <ele>1761.09</ele>
      </trkpt>
      <trkpt lat="48.83057" lon="-113.59282">
        <ele>1760.38</ele>
      </trkpt>
      <trkpt lat="48.8307" lon="-113.59273">
        <ele>1762.65</ele>
      </trkpt>
      <trkpt lat="48.8308" lon="-113.59259">
        <ele>1762.88</ele>
      </trkpt>
      <trkpt lat="48.83086" lon="-113.59255">
        <ele>1764.56</ele>
      </trkpt>
      <trkpt lat="48.83089" lon="-113.59244">
        <ele>1763.54</ele>
      </trkpt>
      <trkpt lat="48.83102" lon="-113.59224">
        <ele>1764.44</ele>
      </trkpt>
      <trkpt lat="48.83104" lon="-113.59213">
        <ele>1762.94</ele>
      </trkpt>
      <trkpt lat="48.83109" lon="-113.59207">
        <ele>1763.8</ele>
      </trkpt>
      <trkpt lat="48.83113" lon="-113.59198">
        <ele>1763.38</ele>
      </trkpt>
      <trkpt lat="48.83115" lon="-113.59188">
        <ele>1761.87</ele>
      </trkpt>
      <trkpt lat="48.83127" lon="-113.5918">
        <ele>1764.03</ele>
      </trkpt>
      <trkpt lat="48.83134" lon="-113.59178">
        <ele>1765.39</ele>
      </trkpt>
      <trkpt lat="48.83147" lon="-113.59179">
        <ele>1769.29</ele>
      </trkpt>
      <trkpt lat="48.83158" lon="-113.59167">
        <ele>1772.46</ele>
      </trkpt>
      <trkpt lat="48.83165" lon="-113.59145">
        <ele>1772.76</ele>
      </trkpt>
      <trkpt lat="48.83165" lon="-113.59134">
        <ele>1771.14</ele>
      </trkpt>
      <trkpt lat="48.83169" lon="-113.59128">
        <ele>1772.08</ele>
      </trkpt>
      <trkpt lat="48.83171" lon="-113.59115">
        <ele>1771.49</ele>
      </trkpt>
      <trkpt lat="48.83176" lon="-113.59098">
        <ele>1771.2</ele>
      </trkpt>
      <trkpt lat="48.83182" lon="-113.59095">
        <ele>1772.66</ele>
      </trkpt>
      <trkpt lat="48.83189" lon="-113.59096">
        <ele>1775.75</ele>
      </trkpt>
      <trkpt lat="48.832" lon="-113.59093">
        <ele>1777.73</ele>
      </trkpt>
      <trkpt lat="48.83214" lon="-113.59097">
        <ele>1776.1</ele>
      </trkpt>
      <trkpt lat="48.83217" lon="-113.59093">
        <ele>1774.22</ele>
      </trkpt>
      <trkpt lat="48.83228" lon="-113.591">
        <ele>1773.8</ele>
      </trkpt>
      <trkpt lat="48.83234" lon="-113.59093">
        <ele>1773.04</ele>
      </trkpt>
      <trkpt lat="48.83256" lon="-113.59098">
        <ele>1775.23</ele>
      </trkpt>
      <trkpt lat="48.83267" lon="-113.59096">
        <ele>1775.9</ele>
      </trkpt>
      <trkpt lat="48.83278" lon="-113.59098">
        <ele>1777.01</ele>
      </trkpt>
      <trkpt lat="48.83284" lon="-113.59104">
        <ele>1777.75</ele>
      </trkpt>
      <trkpt lat="48.83296" lon="-113.5911">
        <ele>1778.85</ele>
      </trkpt>
      <trkpt lat="48.83308" lon="-113.59106">
        <ele>1779.59</ele>
      </trkpt>
      <trkpt lat="48.83311" lon="-113.591">
        <ele>1779.39</ele>
      </trkpt>
      <trkpt lat="48.8332" lon="-113.59098">
        <ele>1779.82</ele>
      </trkpt>
      <trkpt lat="48.8332" lon="-113.59085">
        <ele>1779.1</ele>
      </trkpt>
      <trkpt lat="48.8333" lon="-113.59085">
        <ele>1779.18</ele>
      </trkpt>
      <trkpt lat="48.83333" lon="-113.59081">
        <ele>1779.0</ele>
      </trkpt>
      <trkpt lat="48.83351" lon="-113.59073">
        <ele>1778.88</ele>
      </trkpt>
      <trkpt lat="48.83359" lon="-113.59073">
        <ele>1778.97</ele>
      </trkpt>
      <trkpt lat="48.83369" lon="-113.59067">
        <ele>1779.85</ele>
      </trkpt>
      <trkpt lat="48.83372" lon="-113.59056">
        <ele>1780.18</ele>
      </trkpt>
      <trkpt lat="48.8338" lon="-113.59056">
        <ele>1781.04</ele>
      </trkpt>
      <trkpt lat="48.83386" lon="-113.59052">
        <ele>1781.69</ele>
      </trkpt>
      <trkpt lat="48.83405" lon="-113.59051">
        <ele>1783.74</ele>
      </trkpt>
      <trkpt lat="48.83432" lon="-113.59061">
        <ele>1787.31</ele>
      </trkpt>
      <trkpt lat="48.83438" lon="-113.5906">
        <ele>1788.3</ele>
      </trkpt>
      <trkpt lat="48.83453" lon="-113.59066">
        <ele>1789.93</ele>
      </trkpt>
      <trkpt lat="48.83459" lon="-113.59047">
        <ele>1789.65</ele>
      </trkpt>
      <trkpt lat="48.83468" lon="-113.59048">
        <ele>1790.63</ele>
      </trkpt>
      <trkpt lat="48.83483" lon="-113.59039">
        <ele>1791.16</ele>
      </trkpt>
      <trkpt lat="48.835" lon="-113.59019">
        <ele>1791.05</ele>
      </trkpt>
      <trkpt lat="48.83506" lon="-113.59025">
        <ele>1792.35</ele>
      </trkpt>
      <trkpt lat="48.83507" lon="-113.59014">
        <ele>1791.76</ele>
      </trkpt>
      <trkpt lat="48.83513" lon="-113.5901">
        <ele>1792.03</ele>
      </trkpt>
      <trkpt lat="48.83526" lon="-113.59011">
        <ele>1793.0</ele>
      </trkpt>
      <trkpt lat="48.83524" lon="-113.59002">
        <ele>1792.59</ele>
      </trkpt>
      <trkpt lat="48.83536" lon="-113.59003">
        <ele>1794.18</ele>
      </trkpt>
      <trkpt lat="48.83546" lon="-113.59009">
        <ele>1796.91</ele>
      </trkpt>
      <trkpt lat="48.83568" lon="-113.59">
        <ele>1800.69</ele>
      </trkpt>
      <trkpt lat="48.83583" lon="-113.59">
        <ele>1803.93</ele>
      </trkpt>
      <trkpt lat="48.8358" lon="-113.58989">
        <ele>1802.09</ele>
      </trkpt>
      <trkpt lat="48.83587" lon="-113.58996">
        <ele>1804.36</ele>
      </trkpt>
      <trkpt lat="48.83603" lon="-113.59003">
        <ele>1808.7</ele>
      </trkpt>
      <trkpt lat="48.83612" lon="-113.59004">
        <ele>1811.67</ele>
      </trkpt>
      <trkpt lat="48.8362" lon="-113.59018">
        <ele>1815.82</ele>
      </trkpt>
      <trkpt lat="48.83622" lon="-113.59009">
        <ele>1815.47</ele>
      </trkpt>
      <trkpt lat="48.83632" lon="-113.59013">
        <ele>1819.43</ele>
      </trkpt>
      <trkpt lat="48.83636" lon="-113.59017">
        <ele>1821.59</ele>
      </trkpt>
      <trkpt lat="48.83662" lon="-113.59016">
        <ele>1831.72</ele>
      </trkpt>
      <trkpt lat="48.83668" lon="-113.59003">
        <ele>1831.61</ele>
      </trkpt>
      <trkpt lat="48.83666" lon="-113.58997">
        <ele>1830.86</ele>
      </trkpt>
      <trkpt lat="48.83681" lon="-113.58972">
        <ele>1832.55</ele>
      </trkpt>
      <trkpt lat="48.83685" lon="-113.58954">
        <ele>1832.98</ele>
      </trkpt>
      <trkpt lat="48.83706" lon="-113.58945">
        <ele>1835.25</ele>
      </trkpt>
      <trkpt lat="48.83706" lon="-113.58935">
        <ele>1834.25</ele>
      </trkpt>
      <trkpt lat="48.8371" lon="-113.58932">
        <ele>1834.68</ele>
      </trkpt>
      <trkpt lat="48.83733" lon="-113.58928">
        <ele>1837.39</ele>
      </trkpt>
      <trkpt lat="48.83726" lon="-113.58907">
        <ele>1835.41</ele>
      </trkpt>
      <trkpt lat="48.8375" lon="-113.58907">
        <ele>1839.0</ele>
      </trkpt>
      <trkpt lat="48.83757" lon="-113.58903">
        <ele>1839.76</ele>
      </trkpt>
      <trkpt lat="48.83776" lon="-113.58881">
        <ele>1841.93</ele>
      </trkpt>
      <trkpt lat="48.83784" lon="-113.58881">
        <ele>1843.49</ele>
      </trkpt>
      <trkpt lat="48.83789" lon="-113.58875">
        <ele>1844.42</ele>
      </trkpt>
      <trkpt lat="48.83792" lon="-113.58876">
        <ele>1845.07</ele>
      </trkpt>
      <trkpt lat="48.83801" lon="-113.58865">
        <ele>1846.73</ele>
      </trkpt>
      <trkpt lat="48.83824" lon="-113.58857">
        <ele>1851.98</ele>
      </trkpt>
      <trkpt lat="48.8383" lon="-113.58836">
        <ele>1853.28</ele>
      </trkpt>
      <trkpt lat="48.83838" lon="-113.58829">
        <ele>1855.01</ele>
      </trkpt>
      <trkpt lat="48.8384" lon="-113.58825">
        <ele>1855.44</ele>
      </trkpt>
      <trkpt lat="48.83842" lon="-113.58818">
        <ele>1855.26</ele>
      </trkpt>
      <trkpt lat="48.8384" lon="-113.58809">
        <ele>1854.54</ele>
      </trkpt>
      <trkpt lat="48.83844" lon="-113.58795">
        <ele>1855.15</ele>
      </trkpt>
      <trkpt lat="48.8385" lon="-113.58788">
        <ele>1855.8</ele>
      </trkpt>
      <trkpt lat="48.83854" lon="-113.5878">
        <ele>1856.23</ele>
      </trkpt>
      <trkpt lat="48.83866" lon="-113.58766">
        <ele>1856.53</ele>
      </trkpt>
      <trkpt lat="48.83895" lon="-113.58774">
        <ele>1859.39</ele>
      </trkpt>
      <trkpt lat="48.8391" lon="-113.58782">
        <ele>1860.72</ele>
      </trkpt>
      <trkpt lat="48.83916" lon="-113.58781">
        <ele>1860.07</ele>
      </trkpt>
      <trkpt lat="48.83917" lon="-113.58777">
        <ele>1859.93</ele>
      </trkpt>
      <trkpt lat="48.83934" lon="-113.5878">
        <ele>1858.42</ele>
      </trkpt>
      <trkpt lat="48.83934" lon="-113.58775">
        <ele>1857.74</ele>
      </trkpt>
      <trkpt lat="48.83947" lon="-113.58771">
        <ele>1857.28</ele>
      </trkpt>
      <trkpt lat="48.83952" lon="-113.58761">
        <ele>1857.97</ele>
      </trkpt>
      <trkpt lat="48.83971" lon="-113.58758">
        <ele>1860.25</ele>
      </trkpt>
      <trkpt lat="48.83979" lon="-113.58755">
        <ele>1862.15</ele>
      </trkpt>
      <trkpt lat="48.83986" lon="-113.58756">
        <ele>1863.96</ele>
      </trkpt>
      <trkpt lat="48.83996" lon="-113.58738">
        <ele>1863.11</ele>
      </trkpt>
      <trkpt lat="48.84001" lon="-113.58736">
        <ele>1864.14</ele>
      </trkpt>
      <trkpt lat="48.84006" lon="-113.58715">
        <ele>1859.23</ele>
      </trkpt>
      <trkpt lat="48.84005" lon="-113.58698">
        <ele>1858.0</ele>
      </trkpt>
      <trkpt lat="48.84007" lon="-113.58694">
        <ele>1858.0</ele>
      </trkpt>
      <trkpt lat="48.8403" lon="-113.58696">
        <ele>1860.74</ele>
      </trkpt>
      <trkpt lat="48.84041" lon="-113.58685">
        <ele>1860.68</ele>
      </trkpt>
      <trkpt lat="48.84055" lon="-113.58668">
        <ele>1862.02</ele>
      </trkpt>
      <trkpt lat="48.84065" lon="-113.58652">
        <ele>1861.45</ele>
      </trkpt>
      <trkpt lat="48.84078" lon="-113.58622">
        <ele>1860.45</ele>
      </trkpt>
      <trkpt lat="48.8409" lon="-113.58585">
        <ele>1858.62</ele>
      </trkpt>
      <trkpt lat="48.84096" lon="-113.58581">
        <ele>1859.39</ele>
      </trkpt>
      <trkpt lat="48.841" lon="-113.58553">
        <ele>1857.42</ele>
      </trkpt>
      <trkpt lat="48.84112" lon="-113.5855">
        <ele>1858.78</ele>
      </trkpt>
      <trkpt lat="48.84128" lon="-113.58555">
        <ele>1863.81</ele>
      </trkpt>
      <trkpt lat="48.84132" lon="-113.5854">
        <ele>1864.51</ele>
      </trkpt>
      <trkpt lat="48.84113" lon="-113.58523">
        <ele>1858.4</ele>
      </trkpt>
      <trkpt lat="48.84171" lon="-113.58535">
        <ele>1872.94</ele>
      </trkpt>
      <trkpt lat="48.84161" lon="-113.58506">
        <ele>1870.78</ele>
      </trkpt>
      <trkpt lat="48.84161" lon="-113.58482">
        <ele>1870.78</ele>
      </trkpt>
      <trkpt lat="48.84176" lon="-113.58488">
        <ele>1874.02</ele>
      </trkpt>
      <trkpt lat="48.84181" lon="-113.58505">
        <ele>1875.64</ele>
      </trkpt>
      <trkpt lat="48.8418" lon="-113.58511">
        <ele>1875.32</ele>
      </trkpt>
      <trkpt lat="48.84185" lon="-113.5852">
        <ele>1876.94</ele>
      </trkpt>
      <trkpt lat="48.84192" lon="-113.58524">
        <ele>1878.47</ele>
      </trkpt>
      <trkpt lat="48.84201" lon="-113.58518">
        <ele>1881.85</ele>
      </trkpt>
      <trkpt lat="48.84196" lon="-113.58496">
        <ele>1880.58</ele>
      </trkpt>
      <trkpt lat="48.84196" lon="-113.58488">
        <ele>1880.67</ele>
      </trkpt>
      <trkpt lat="48.842" lon="-113.58489">
        <ele>1882.4</ele>
      </trkpt>
      <trkpt lat="48.84204" lon="-113.58501">
        <ele>1883.13</ele>
      </trkpt>
      <trkpt lat="48.84208" lon="-113.58508">
        <ele>1884.86</ele>
      </trkpt>
      <trkpt lat="48.84213" lon="-113.5853">
        <ele>1886.01</ele>
      </trkpt>
      <trkpt lat="48.84226" lon="-113.58528">
        <ele>1890.22</ele>
      </trkpt>
      <trkpt lat="48.84235" lon="-113.58508">
        <ele>1892.38</ele>
      </trkpt>
      <trkpt lat="48.84233" lon="-113.58467">
        <ele>1892.0</ele>
      </trkpt>
      <trkpt lat="48.84237" lon="-113.58463">
        <ele>1892.0</ele>
      </trkpt>
      <trkpt lat="48.84239" lon="-113.58447">
        <ele>1892.0</ele>
      </trkpt>
      <trkpt lat="48.84237" lon="-113.58415">
        <ele>1892.0</ele>
      </trkpt>
      <trkpt lat="48.84241" lon="-113.58396">
        <ele>1892.97</ele>
      </trkpt>
      <trkpt lat="48.84248" lon="-113.58384">
        <ele>1892.63</ele>
      </trkpt>
      <trkpt lat="48.84255" lon="-113.58377">
        <ele>1892.46</ele>
      </trkpt>
      <trkpt lat="48.84257" lon="-113.58368">
        <ele>1892.5</ele>
      </trkpt>
      <trkpt lat="48.84263" lon="-113.58351">
        <ele>1893.34</ele>
      </trkpt>
      <trkpt lat="48.8427" lon="-113.58341">
        <ele>1892.52</ele>
      </trkpt>
      <trkpt lat="48.84287" lon="-113.58331">
        <ele>1888.26</ele>
      </trkpt>
      <trkpt lat="48.84282" lon="-113.58327">
        <ele>1889.77</ele>
      </trkpt>
      <trkpt lat="48.84297" lon="-113.58293">
        <ele>1890.28</ele>
      </trkpt>
      <trkpt lat="48.84292" lon="-113.58287">
        <ele>1891.93</ele>
      </trkpt>
      <trkpt lat="48.84307" lon="-113.58283">
        <ele>1889.76</ele>
      </trkpt>
      <trkpt lat="48.84314" lon="-113.58284">
        <ele>1888.48</ele>
      </trkpt>
      <trkpt lat="48.84318" lon="-113.58291">
        <ele>1888.0</ele>
      </trkpt>
      <trkpt lat="48.84321" lon="-113.58305">
        <ele>1888.31</ele>
      </trkpt>
      <trkpt lat="48.84329" lon="-113.58307">
        <ele>1888.61</ele>
      </trkpt>
      <trkpt lat="48.84332" lon="-113.58299">
        <ele>1888.25</ele>
      </trkpt>
      <trkpt lat="48.84335" lon="-113.58298">
        <ele>1888.33</ele>
      </trkpt>
      <trkpt lat="48.84348" lon="-113.58278">
        <ele>1887.43</ele>
      </trkpt>
      <trkpt lat="48.84351" lon="-113.58263">
        <ele>1887.0</ele>
      </trkpt>
      <trkpt lat="48.84344" lon="-113.58249">
        <ele>1886.85</ele>
      </trkpt>
      <trkpt lat="48.84349" lon="-113.58232">
        <ele>1886.6</ele>
      </trkpt>
      <trkpt lat="48.84351" lon="-113.58207">
        <ele>1887.09</ele>
      </trkpt>
      <trkpt lat="48.84362" lon="-113.58182">
        <ele>1883.56</ele>
      </trkpt>
      <trkpt lat="48.84366" lon="-113.58158">
        <ele>1879.62</ele>
      </trkpt>
      <trkpt lat="48.84385" lon="-113.58143">
        <ele>1879.77</ele>
      </trkpt>
      <trkpt lat="48.84395" lon="-113.58148">
        <ele>1879.99</ele>
      </trkpt>
      <trkpt lat="48.84409" lon="-113.58146">
        <ele>1877.66</ele>
      </trkpt>
      <trkpt lat="48.84413" lon="-113.58141">
        <ele>1876.79</ele>
      </trkpt>
      <trkpt lat="48.84412" lon="-113.58133">
        <ele>1877.01</ele>
      </trkpt>
      <trkpt lat="48.84424" lon="-113.58131">
        <ele>1873.74</ele>
      </trkpt>
      <trkpt lat="48.84429" lon="-113.58118">
        <ele>1872.34</ele>
      </trkpt>
      <trkpt lat="48.84431" lon="-113.58109">
        <ele>1871.8</ele>
      </trkpt>
      <trkpt lat="48.84436" lon="-113.58105">
        <ele>1870.82</ele>
      </trkpt>
      <trkpt lat="48.84436" lon="-113.58098">
        <ele>1870.44</ele>
      </trkpt>
      <trkpt lat="48.84434" lon="-113.58088">
        <ele>1870.19</ele>
      </trkpt>
      <trkpt lat="48.84436" lon="-113.5808">
        <ele>1869.91</ele>
      </trkpt>
      <trkpt lat="48.84437" lon="-113.58071">
        <ele>1869.47</ele>
      </trkpt>
      <trkpt lat="48.84444" lon="-113.58055">
        <ele>1867.99</ele>
      </trkpt>
      <trkpt lat="48.84446" lon="-113.58033">
        <ele>1865.47</ele>
      </trkpt>
      <trkpt lat="48.8446" lon="-113.58027">
        <ele>1864.24</ele>
      </trkpt>
      <trkpt lat="48.84466" lon="-113.5803">
        <ele>1863.42</ele>
      </trkpt>
      <trkpt lat="48.84474" lon="-113.58041">
        <ele>1863.15</ele>
      </trkpt>
      <trkpt lat="48.84479" lon="-113.58045">
        <ele>1862.5</ele>
      </trkpt>
      <trkpt lat="48.84491" lon="-113.58048">
        <ele>1860.94</ele>
      </trkpt>
      <trkpt lat="48.84513" lon="-113.58041">
        <ele>1857.19</ele>
      </trkpt>
      <trkpt lat="48.84519" lon="-113.58038">
        <ele>1855.95</ele>
      </trkpt>
      <trkpt lat="48.84521" lon="-113.58031">
        <ele>1855.73</ele>
      </trkpt>
      <trkpt lat="48.84526" lon="-113.58025">
        <ele>1854.95</ele>
      </trkpt>
      <trkpt lat="48.84533" lon="-113.58021">
        <ele>1852.58</ele>
      </trkpt>
      <trkpt lat="48.84537" lon="-113.58007">
        <ele>1849.77</ele>
      </trkpt>
      <trkpt lat="48.84545" lon="-113.58006">
        <ele>1847.07</ele>
      </trkpt>
      <trkpt lat="48.84549" lon="-113.57998">
        <ele>1845.2</ele>
      </trkpt>
      <trkpt lat="48.84561" lon="-113.57994">
        <ele>1842.56</ele>
      </trkpt>
      <trkpt lat="48.84562" lon="-113.57991">
        <ele>1842.31</ele>
      </trkpt>
      <trkpt lat="48.84568" lon="-113.57993">
        <ele>1841.31</ele>
      </trkpt>
      <trkpt lat="48.84572" lon="-113.58">
        <ele>1840.45</ele>
      </trkpt>
      <trkpt lat="48.84579" lon="-113.58006">
        <ele>1839.24</ele>
      </trkpt>
      <trkpt lat="48.84598" lon="-113.58008">
        <ele>1834.7</ele>
      </trkpt>
      <trkpt lat="48.84604" lon="-113.58018">
        <ele>1833.54</ele>
      </trkpt>
      <trkpt lat="48.84613" lon="-113.5804">
        <ele>1831.59</ele>
      </trkpt>
      <trkpt lat="48.84633" lon="-113.58054">
        <ele>1827.64</ele>
      </trkpt>
      <trkpt lat="48.84652" lon="-113.58085">
        <ele>1824.35</ele>
      </trkpt>
      <trkpt lat="48.84653" lon="-113.58099">
        <ele>1824.95</ele>
      </trkpt>
      <trkpt lat="48.84663" lon="-113.58113">
        <ele>1823.79</ele>
      </trkpt>
      <trkpt lat="48.84665" lon="-113.58121">
        <ele>1823.42</ele>
      </trkpt>
      <trkpt lat="48.84672" lon="-113.58125">
        <ele>1822.35</ele>
      </trkpt>
      <trkpt lat="48.84675" lon="-113.58131">
        <ele>1822.2</ele>
      </trkpt>
      <trkpt lat="48.8468" lon="-113.58149">
        <ele>1822.61</ele>
      </trkpt>
      <trkpt lat="48.8468" lon="-113.58159">
        <ele>1823.2</ele>
      </trkpt>
      <trkpt lat="48.84682" lon="-113.58167">
        <ele>1823.36</ele>
      </trkpt>
      <trkpt lat="48.84676" lon="-113.58173">
        <ele>1824.67</ele>
      </trkpt>
      <trkpt lat="48.84681" lon="-113.58212">
        <ele>1824.9</ele>
      </trkpt>
      <trkpt lat="48.84686" lon="-113.58229">
        <ele>1823.82</ele>
      </trkpt>
      <trkpt lat="48.84695" lon="-113.5825">
        <ele>1821.88</ele>
      </trkpt>
      <trkpt lat="48.84708" lon="-113.583">
        <ele>1815.21</ele>
      </trkpt>
      <trkpt lat="48.84708" lon="-113.58315">
        <ele>1813.59</ele>
      </trkpt>
      <trkpt lat="48.84706" lon="-113.58329">
        <ele>1812.32</ele>
      </trkpt>
      <trkpt lat="48.84708" lon="-113.58367">
        <ele>1806.97</ele>
      </trkpt>
      <trkpt lat="48.8473" lon="-113.58391">
        <ele>1803.16</ele>
      </trkpt>
      <trkpt lat="48.84754" lon="-113.58391">
        <ele>1798.14</ele>
      </trkpt>
      <trkpt lat="48.8476" lon="-113.5838">
        <ele>1797.8</ele>
      </trkpt>
      <trkpt lat="48.84768" lon="-113.58387">
        <ele>1795.32</ele>
      </trkpt>
      <trkpt lat="48.84777" lon="-113.584">
        <ele>1793.17</ele>
      </trkpt>
      <trkpt lat="48.848" lon="-113.58425">
        <ele>1790.6</ele>
      </trkpt>
      <trkpt lat="48.84839" lon="-113.58418">
        <ele>1785.72</ele>
      </trkpt>
      <trkpt lat="48.84852" lon="-113.58419">
        <ele>1782.98</ele>
      </trkpt>
      <trkpt lat="48.84856" lon="-113.58417">
        <ele>1782.54</ele>
      </trkpt>
      <trkpt lat="48.84856" lon="-113.58413">
        <ele>1782.77</ele>
      </trkpt>
      <trkpt lat="48.84869" lon="-113.58408">
        <ele>1781.09</ele>
      </trkpt>
      <trkpt lat="48.84876" lon="-113.58409">
        <ele>1779.72</ele>
      </trkpt>
      <trkpt lat="48.84885" lon="-113.58402">
        <ele>1778.67</ele>
      </trkpt>
      <trkpt lat="48.84903" lon="-113.58406">
        <ele>1774.1</ele>
      </trkpt>
      <trkpt lat="48.8492" lon="-113.58407">
        <ele>1770.32</ele>
      </trkpt>
      <trkpt lat="48.84941" lon="-113.58402">
        <ele>1767.59</ele>
      </trkpt>
      <trkpt lat="48.84951" lon="-113.58404">
        <ele>1766.29</ele>
      </trkpt>
      <trkpt lat="48.84972" lon="-113.58392">
        <ele>1762.05</ele>
      </trkpt>
      <trkpt lat="48.84992" lon="-113.58398">
        <ele>1758.71</ele>
      </trkpt>
      <trkpt lat="48.85017" lon="-113.58376">
        <ele>1751.43</ele>
      </trkpt>
      <trkpt lat="48.85038" lon="-113.58387">
        <ele>1747.87</ele>
      </trkpt>
      <trkpt lat="48.85047" lon="-113.58419">
        <ele>1747.92</ele>
      </trkpt>
      <trkpt lat="48.85099" lon="-113.58492">
        <ele>1738.21</ele>
      </trkpt>
      <trkpt lat="48.851" lon="-113.58522">
        <ele>1736.02</ele>
      </trkpt>
      <trkpt lat="48.85099" lon="-113.58529">
        <ele>1735.58</ele>
      </trkpt>
      <trkpt lat="48.85089" lon="-113.58539">
        <ele>1736.18</ele>
      </trkpt>
      <trkpt lat="48.85072" lon="-113.58564">
        <ele>1735.54</ele>
      </trkpt>
      <trkpt lat="48.8507" lon="-113.58571">
        <ele>1735.21</ele>
      </trkpt>
      <trkpt lat="48.85073" lon="-113.58579">
        <ele>1733.7</ele>
      </trkpt>
      <trkpt lat="48.85078" lon="-113.58583">
        <ele>1732.19</ele>
      </trkpt>
      <trkpt lat="48.85079" lon="-113.5859">
        <ele>1731.22</ele>
      </trkpt>
      <trkpt lat="48.85078" lon="-113.58599">
        <ele>1730.46</ele>
      </trkpt>
      <trkpt lat="48.85063" lon="-113.58625">
        <ele>1731.89</ele>
      </trkpt>
      <trkpt lat="48.85059" lon="-113.58647">
        <ele>1730.38</ele>
      </trkpt>
      <trkpt lat="48.85062" lon="-113.58695">
        <ele>1723.18</ele>
      </trkpt>
      <trkpt lat="48.85065" lon="-113.58701">
        <ele>1721.54</ele>
      </trkpt>
      <trkpt lat="48.85075" lon="-113.58701">
        <ele>1719.48</ele>
      </trkpt>
      <trkpt lat="48.8509" lon="-113.58713">
        <ele>1714.55</ele>
      </trkpt>
      <trkpt lat="48.85082" lon="-113.58732">
        <ele>1711.17</ele>
      </trkpt>
      <trkpt lat="48.85072" lon="-113.58737">
        <ele>1711.44</ele>
      </trkpt>
      <trkpt lat="48.85053" lon="-113.5874">
        <ele>1713.46</ele>
      </trkpt>
      <trkpt lat="48.85037" lon="-113.58751">
        <ele>1711.8</ele>
      </trkpt>
      <trkpt lat="48.85025" lon="-113.58789">
        <ele>1709.14</ele>
      </trkpt>
      <trkpt lat="48.85024" lon="-113.58805">
        <ele>1709.22</ele>
      </trkpt>
      <trkpt lat="48.85024" lon="-113.58838">
        <ele>1708.93</ele>
      </trkpt>
      <trkpt lat="48.85025" lon="-113.58847">
        <ele>1708.2</ele>
      </trkpt>
      <trkpt lat="48.85034" lon="-113.58866">
        <ele>1705.66</ele>
      </trkpt>
      <trkpt lat="48.85041" lon="-113.5889">
        <ele>1704.14</ele>
      </trkpt>
      <trkpt lat="48.85043" lon="-113.58943">
        <ele>1702.71</ele>
      </trkpt>
      <trkpt lat="48.85047" lon="-113.58953">
        <ele>1701.85</ele>
      </trkpt>
      <trkpt lat="48.85054" lon="-113.58957">
        <ele>1700.34</ele>
      </trkpt>
      <trkpt lat="48.85061" lon="-113.58956">
        <ele>1699.41</ele>
      </trkpt>
      <trkpt lat="48.85078" lon="-113.58944">
        <ele>1696.12</ele>
      </trkpt>
      <trkpt lat="48.85081" lon="-113.58939">
        <ele>1695.36</ele>
      </trkpt>
      <trkpt lat="48.85085" lon="-113.58939">
        <ele>1694.64</ele>
      </trkpt>
      <trkpt lat="48.85098" lon="-113.58968">
        <ele>1693.79</ele>
      </trkpt>
      <trkpt lat="48.85118" lon="-113.59025">
        <ele>1688.51</ele>
      </trkpt>
      <trkpt lat="48.85117" lon="-113.59035">
        <ele>1687.95</ele>
      </trkpt>
      <trkpt lat="48.85115" lon="-113.59041">
        <ele>1688.16</ele>
      </trkpt>
      <trkpt lat="48.85112" lon="-113.59047">
        <ele>1688.74</ele>
      </trkpt>
      <trkpt lat="48.85102" lon="-113.59057">
        <ele>1689.97</ele>
      </trkpt>
      <trkpt lat="48.85095" lon="-113.59069">
        <ele>1690.62</ele>
      </trkpt>
      <trkpt lat="48.85085" lon="-113.59092">
        <ele>1691.64</ele>
      </trkpt>
      <trkpt lat="48.8508" lon="-113.59099">
        <ele>1691.92</ele>
      </trkpt>
      <trkpt lat="48.85076" lon="-113.59115">
        <ele>1692.25</ele>
      </trkpt>
      <trkpt lat="48.85079" lon="-113.59141">
        <ele>1690.94</ele>
      </trkpt>
      <trkpt lat="48.85085" lon="-113.59172">
        <ele>1689.64</ele>
      </trkpt>
      <trkpt lat="48.85085" lon="-113.59179">
        <ele>1689.37</ele>
      </trkpt>
      <trkpt lat="48.85082" lon="-113.59186">
        <ele>1689.43</ele>
      </trkpt>
      <trkpt lat="48.8508" lon="-113.59203">
        <ele>1690.08</ele>
      </trkpt>
      <trkpt lat="48.85082" lon="-113.59212">
        <ele>1689.3</ele>
      </trkpt>
      <trkpt lat="48.85092" lon="-113.59234">
        <ele>1687.06</ele>
      </trkpt>
      <trkpt lat="48.85092" lon="-113.59268">
        <ele>1686.06</ele>
      </trkpt>
      <trkpt lat="48.85097" lon="-113.59273">
        <ele>1685.27</ele>
      </trkpt>
      <trkpt lat="48.85109" lon="-113.59275">
        <ele>1684.23</ele>
      </trkpt>
      <trkpt lat="48.85114" lon="-113.59272">
        <ele>1683.69</ele>
      </trkpt>
      <trkpt lat="48.85115" lon="-113.59267">
        <ele>1683.58</ele>
      </trkpt>
      <trkpt lat="48.85121" lon="-113.5928">
        <ele>1682.98</ele>
      </trkpt>
      <trkpt lat="48.85131" lon="-113.59283">
        <ele>1682.37</ele>
      </trkpt>
      <trkpt lat="48.85134" lon="-113.59287">
        <ele>1682.0</ele>
      </trkpt>
      <trkpt lat="48.85138" lon="-113.59305">
        <ele>1682.1</ele>
      </trkpt>
      <trkpt lat="48.85142" lon="-113.59312">
        <ele>1682.7</ele>
      </trkpt>
      <trkpt lat="48.85158" lon="-113.59337">
        <ele>1683.0</ele>
      </trkpt>
      <trkpt lat="48.8516" lon="-113.59344">
        <ele>1683.15</ele>
      </trkpt>
      <trkpt lat="48.85161" lon="-113.59352">
        <ele>1684.0</ele>
      </trkpt>
      <trkpt lat="48.85144" lon="-113.59391">
        <ele>1686.68</ele>
      </trkpt>
      <trkpt lat="48.85138" lon="-113.59418">
        <ele>1689.19</ele>
      </trkpt>
      <trkpt lat="48.85132" lon="-113.59433">
        <ele>1690.68</ele>
      </trkpt>
      <trkpt lat="48.85127" lon="-113.59459">
        <ele>1689.3</ele>
      </trkpt>
      <trkpt lat="48.85111" lon="-113.59492">
        <ele>1689.9</ele>
      </trkpt>
      <trkpt lat="48.85104" lon="-113.59511">
        <ele>1691.12</ele>
      </trkpt>
      <trkpt lat="48.85099" lon="-113.59535">
        <ele>1690.99</ele>
      </trkpt>
      <trkpt lat="48.85099" lon="-113.59544">
        <ele>1690.4</ele>
      </trkpt>
      <trkpt lat="48.85102" lon="-113.59576">
        <ele>1688.97</ele>
      </trkpt>
      <trkpt lat="48.85101" lon="-113.596">
        <ele>1689.18</ele>
      </trkpt>
      <trkpt lat="48.85097" lon="-113.59607">
        <ele>1689.76</ele>
      </trkpt>
      <trkpt lat="48.8509" lon="-113.59638">
        <ele>1690.56</ele>
      </trkpt>
      <trkpt lat="48.85083" lon="-113.59658">
        <ele>1691.07</ele>
      </trkpt>
      <trkpt lat="48.85077" lon="-113.59687">
        <ele>1691.68</ele>
      </trkpt>
      <trkpt lat="48.85071" lon="-113.59708">
        <ele>1692.33</ele>
      </trkpt>
      <trkpt lat="48.85061" lon="-113.59717">
        <ele>1693.64</ele>
      </trkpt>
      <trkpt lat="48.85052" lon="-113.59722">
        <ele>1694.78</ele>
      </trkpt>
      <trkpt lat="48.85044" lon="-113.59731">
        <ele>1695.55</ele>
      </trkpt>
      <trkpt lat="48.85035" lon="-113.59753">
        <ele>1696.66</ele>
      </trkpt>
      <trkpt lat="48.85024" lon="-113.59771">
        <ele>1699.22</ele>
      </trkpt>
      <trkpt lat="48.8502" lon="-113.59773">
        <ele>1700.52</ele>
      </trkpt>
      <trkpt lat="48.85011" lon="-113.59773">
        <ele>1703.44</ele>
      </trkpt>
      <trkpt lat="48.85002" lon="-113.59783">
        <ele>1706.23</ele>
      </trkpt>
      <trkpt lat="48.84993" lon="-113.59789">
        <ele>1708.46</ele>
      </trkpt>
      <trkpt lat="48.84981" lon="-113.59826">
        <ele>1710.05</ele>
      </trkpt>
      <trkpt lat="48.84966" lon="-113.59857">
        <ele>1711.67</ele>
      </trkpt>
      <trkpt lat="48.84965" lon="-113.59886">
        <ele>1711.78</ele>
      </trkpt>
      <trkpt lat="48.84961" lon="-113.59905">
        <ele>1712.21</ele>
      </trkpt>
      <trkpt lat="48.84954" lon="-113.59921">
        <ele>1712.97</ele>
      </trkpt>
      <trkpt lat="48.84956" lon="-113.59931">
        <ele>1712.75</ele>
      </trkpt>
      <trkpt lat="48.84956" lon="-113.59963">
        <ele>1713.76</ele>
      </trkpt>
      <trkpt lat="48.84942" lon="-113.60019">
        <ele>1720.54</ele>
      </trkpt>
      <trkpt lat="48.84935" lon="-113.60034">
        <ele>1723.02</ele>
      </trkpt>
      <trkpt lat="48.8492" lon="-113.60041">
        <ele>1725.92</ele>
      </trkpt>
      <trkpt lat="48.84906" lon="-113.60044">
        <ele>1730.42</ele>
      </trkpt>
      <trkpt lat="48.8489" lon="-113.60068">
        <ele>1734.72</ele>
      </trkpt>
      <trkpt lat="48.84876" lon="-113.60084">
        <ele>1738.18</ele>
      </trkpt>
      <trkpt lat="48.84859" lon="-113.60099">
        <ele>1743.68</ele>
      </trkpt>
      <trkpt lat="48.84848" lon="-113.60121">
        <ele>1745.83</ele>
      </trkpt>
      <trkpt lat="48.84839" lon="-113.60145">
        <ele>1747.78</ele>
      </trkpt>
      <trkpt lat="48.84833" lon="-113.60152">
        <ele>1749.07</ele>
      </trkpt>
      <trkpt lat="48.84829" lon="-113.60185">
        <ele>1750.46</ele>
      </trkpt>
      <trkpt lat="48.84829" lon="-113.60194">
        <ele>1750.91</ele>
      </trkpt>
      <trkpt lat="48.84827" lon="-113.60201">
        <ele>1751.37</ele>
      </trkpt>
      <trkpt lat="48.84814" lon="-113.60217">
        <ele>1754.49</ele>
      </trkpt>
      <trkpt lat="48.84793" lon="-113.60222">
        <ele>1757.33</ele>
      </trkpt>
      <trkpt lat="48.84791" lon="-113.60231">
        <ele>1758.11</ele>
      </trkpt>
      <trkpt lat="48.84792" lon="-113.6024">
        <ele>1758.85</ele>
      </trkpt>
      <trkpt lat="48.84796" lon="-113.6025">
        <ele>1760.03</ele>
      </trkpt>
      <trkpt lat="48.84796" lon="-113.60265">
        <ele>1761.65</ele>
      </trkpt>
      <trkpt lat="48.84803" lon="-113.60302">
        <ele>1764.17</ele>
      </trkpt>
      <trkpt lat="48.84802" lon="-113.60311">
        <ele>1765.13</ele>
      </trkpt>
      <trkpt lat="48.84798" lon="-113.60319">
        <ele>1766.18</ele>
      </trkpt>
      <trkpt lat="48.848" lon="-113.60329">
        <ele>1766.41</ele>
      </trkpt>
      <trkpt lat="48.84799" lon="-113.60346">
        <ele>1767.08</ele>
      </trkpt>
      <trkpt lat="48.84807" lon="-113.60402">
        <ele>1769.26</ele>
      </trkpt>
      <trkpt lat="48.84822" lon="-113.60423">
        <ele>1771.59</ele>
      </trkpt>
      <trkpt lat="48.84831" lon="-113.60444">
        <ele>1775.41</ele>
      </trkpt>
      <trkpt lat="48.84835" lon="-113.60459">
        <ele>1777.78</ele>
      </trkpt>
      <trkpt lat="48.84839" lon="-113.60467">
        <ele>1778.38</ele>
      </trkpt>
      <trkpt lat="48.8484" lon="-113.60477">
        <ele>1779.73</ele>
      </trkpt>
      <trkpt lat="48.84845" lon="-113.60485">
        <ele>1779.34</ele>
      </trkpt>
      <trkpt lat="48.8485" lon="-113.60503">
        <ele>1779.12</ele>
      </trkpt>
      <trkpt lat="48.84874" lon="-113.60523">
        <ele>1770.31</ele>
      </trkpt>
      <trkpt lat="48.84878" lon="-113.60532">
        <ele>1769.98</ele>
      </trkpt>
      <trkpt lat="48.84884" lon="-113.60538">
        <ele>1769.21</ele>
      </trkpt>
      <trkpt lat="48.84898" lon="-113.60542">
        <ele>1767.1</ele>
      </trkpt>
      <trkpt lat="48.84906" lon="-113.60539">
        <ele>1765.4</ele>
      </trkpt>
      <trkpt lat="48.8492" lon="-113.60544">
        <ele>1764.39</ele>
      </trkpt>
      <trkpt lat="48.84924" lon="-113.60551">
        <ele>1765.22</ele>
      </trkpt>
      <trkpt lat="48.84935" lon="-113.60576">
        <ele>1768.44</ele>
      </trkpt>
      <trkpt lat="48.84947" lon="-113.60586">
        <ele>1768.01</ele>
      </trkpt>
      <trkpt lat="48.84958" lon="-113.60593">
        <ele>1767.58</ele>
      </trkpt>
      <trkpt lat="48.84968" lon="-113.60601">
        <ele>1766.87</ele>
      </trkpt>
      <trkpt lat="48.84979" lon="-113.60606">
        <ele>1765.39</ele>
      </trkpt>
      <trkpt lat="48.84994" lon="-113.60605">
        <ele>1764.77</ele>
      </trkpt>
      <trkpt lat="48.85007" lon="-113.60612">
        <ele>1765.0</ele>
      </trkpt>
      <trkpt lat="48.85011" lon="-113.60612">
        <ele>1765.0</ele>
      </trkpt>
    </trkseg>
  </trk>
  <trk>
    <name><![CDATA[Cracker, Poia, and Elizabeth Lakes, Glacier NP]]></name>
    <src>AllTrails</src>
    <trkseg>
      <trkpt lat="48.85011" lon="-113.60619">
        <ele>1765.0</ele>
      </trkpt>
      <trkpt lat="48.85012" lon="-113.60613">
        <ele>1765.0</ele>
      </trkpt>
      <trkpt lat="48.85015" lon="-113.60613">
        <ele>1765.0</ele>
      </trkpt>
      <trkpt lat="48.85036" lon="-113.60605">
        <ele>1766.07</ele>
      </trkpt>
      <trkpt lat="48.85042" lon="-113.60605">
        <ele>1766.0</ele>
      </trkpt>
      <trkpt lat="48.85054" lon="-113.60598">
        <ele>1766.42</ele>
      </trkpt>
      <trkpt lat="48.85102" lon="-113.60547">
        <ele>1767.91</ele>
      </trkpt>
      <trkpt lat="48.85121" lon="-113.60537">
        <ele>1766.94</ele>
      </trkpt>
      <trkpt lat="48.85151" lon="-113.60518">
        <ele>1765.67</ele>
      </trkpt>
      <trkpt lat="48.85169" lon="-113.60506">
        <ele>1763.74</ele>
      </trkpt>
      <trkpt lat="48.85177" lon="-113.60515">
        <ele>1764.66</ele>
      </trkpt>
      <trkpt lat="48.85183" lon="-113.60522">
        <ele>1765.0</ele>
      </trkpt>
      <trkpt lat="48.85217" lon="-113.60547">
        <ele>1765.0</ele>
      </trkpt>
      <trkpt lat="48.85235" lon="-113.60566">
        <ele>1765.33</ele>
      </trkpt>
      <trkpt lat="48.8525" lon="-113.60577">
        <ele>1766.0</ele>
      </trkpt>
      <trkpt lat="48.85255" lon="-113.60584">
        <ele>1765.97</ele>
      </trkpt>
      <trkpt lat="48.85271" lon="-113.60606">
        <ele>1766.15</ele>
      </trkpt>
      <trkpt lat="48.85282" lon="-113.60635">
        <ele>1765.88</ele>
      </trkpt>
      <trkpt lat="48.85309" lon="-113.60692">
        <ele>1765.64</ele>
      </trkpt>
      <trkpt lat="48.85335" lon="-113.60733">
        <ele>1766.15</ele>
      </trkpt>
      <trkpt lat="48.85341" lon="-113.6074">
        <ele>1766.07</ele>
      </trkpt>
      <trkpt lat="48.85347" lon="-113.60743">
        <ele>1766.36</ele>
      </trkpt>
      <trkpt lat="48.85356" lon="-113.60755">
        <ele>1766.45</ele>
      </trkpt>
      <trkpt lat="48.85354" lon="-113.60774">
        <ele>1766.0</ele>
      </trkpt>
      <trkpt lat="48.85354" lon="-113.60785">
        <ele>1766.0</ele>
      </trkpt>
      <trkpt lat="48.85358" lon="-113.60825">
        <ele>1765.6</ele>
      </trkpt>
      <trkpt lat="48.85356" lon="-113.60855">
        <ele>1765.0</ele>
      </trkpt>
      <trkpt lat="48.85356" lon="-113.60888">
        <ele>1765.0</ele>
      </trkpt>
      <trkpt lat="48.85358" lon="-113.60899">
        <ele>1765.0</ele>
      </trkpt>
      <trkpt lat="48.85366" lon="-113.60929">
        <ele>1765.53</ele>
      </trkpt>
      <trkpt lat="48.85383" lon="-113.60964">
        <ele>1766.36</ele>
      </trkpt>
      <trkpt lat="48.85386" lon="-113.60973">
        <ele>1766.63</ele>
      </trkpt>
      <trkpt lat="48.85388" lon="-113.60995">
        <ele>1765.9</ele>
      </trkpt>
      <trkpt lat="48.85397" lon="-113.61026">
        <ele>1765.9</ele>
      </trkpt>
      <trkpt lat="48.85407" lon="-113.61041">
        <ele>1766.55</ele>
      </trkpt>
      <trkpt lat="48.85409" lon="-113.6107">
        <ele>1766.17</ele>
      </trkpt>
      <trkpt lat="48.8541" lon="-113.61081">
        <ele>1766.07</ele>
      </trkpt>
      <trkpt lat="48.85413" lon="-113.61089">
        <ele>1766.0</ele>
      </trkpt>
      <trkpt lat="48.85414" lon="-113.61122">
        <ele>1765.71</ele>
      </trkpt>
      <trkpt lat="48.85416" lon="-113.61134">
        <ele>1765.93</ele>
      </trkpt>
      <trkpt lat="48.85419" lon="-113.61144">
        <ele>1765.59</ele>
      </trkpt>
      <trkpt lat="48.85424" lon="-113.61151">
        <ele>1765.79</ele>
      </trkpt>
      <trkpt lat="48.85432" lon="-113.61166">
        <ele>1766.66</ele>
      </trkpt>
      <trkpt lat="48.85434" lon="-113.61177">
        <ele>1766.87</ele>
      </trkpt>
      <trkpt lat="48.85432" lon="-113.61208">
        <ele>1766.66</ele>
      </trkpt>
      <trkpt lat="48.85434" lon="-113.6122">
        <ele>1766.87</ele>
      </trkpt>
      <trkpt lat="48.85437" lon="-113.6123">
        <ele>1767.0</ele>
      </trkpt>
      <trkpt lat="48.85432" lon="-113.61264">
        <ele>1766.83</ele>
      </trkpt>
      <trkpt lat="48.85433" lon="-113.61285">
        <ele>1767.0</ele>
      </trkpt>
      <trkpt lat="48.85437" lon="-113.61306">
        <ele>1767.2</ele>
      </trkpt>
      <trkpt lat="48.8544" lon="-113.61339">
        <ele>1768.0</ele>
      </trkpt>
      <trkpt lat="48.85436" lon="-113.61383">
        <ele>1768.06</ele>
      </trkpt>
      <trkpt lat="48.85443" lon="-113.61439">
        <ele>1768.0</ele>
      </trkpt>
      <trkpt lat="48.85454" lon="-113.6148">
        <ele>1768.01</ele>
      </trkpt>
      <trkpt lat="48.85466" lon="-113.61508">
        <ele>1768.0</ele>
      </trkpt>
      <trkpt lat="48.85483" lon="-113.61531">
        <ele>1768.0</ele>
      </trkpt>
      <trkpt lat="48.85489" lon="-113.61551">
        <ele>1768.0</ele>
      </trkpt>
      <trkpt lat="48.85485" lon="-113.61606">
        <ele>1768.0</ele>
      </trkpt>
      <trkpt lat="48.85487" lon="-113.61636">
        <ele>1768.0</ele>
      </trkpt>
      <trkpt lat="48.85479" lon="-113.61653">
        <ele>1768.52</ele>
      </trkpt>
      <trkpt lat="48.85473" lon="-113.6166">
        <ele>1769.02</ele>
      </trkpt>
      <trkpt lat="48.85465" lon="-113.61679">
        <ele>1769.07</ele>
      </trkpt>
      <trkpt lat="48.85454" lon="-113.61694">
        <ele>1768.95</ele>
      </trkpt>
      <trkpt lat="48.85432" lon="-113.61765">
        <ele>1768.0</ele>
      </trkpt>
      <trkpt lat="48.85423" lon="-113.61783">
        <ele>1768.0</ele>
      </trkpt>
      <trkpt lat="48.85419" lon="-113.61805">
        <ele>1768.0</ele>
      </trkpt>
      <trkpt lat="48.85419" lon="-113.61817">
        <ele>1768.0</ele>
      </trkpt>
      <trkpt lat="48.85421" lon="-113.61827">
        <ele>1768.0</ele>
      </trkpt>
      <trkpt lat="48.8543" lon="-113.6184">
        <ele>1768.88</ele>
      </trkpt>
      <trkpt lat="48.85439" lon="-113.61882">
        <ele>1769.98</ele>
      </trkpt>
      <trkpt lat="48.85448" lon="-113.61901">
        <ele>1770.73</ele>
      </trkpt>
      <trkpt lat="48.85468" lon="-113.61933">
        <ele>1773.32</ele>
      </trkpt>
      <trkpt lat="48.85472" lon="-113.61942">
        <ele>1773.43</ele>
      </trkpt>
      <trkpt lat="48.85476" lon="-113.61977">
        <ele>1768.8</ele>
      </trkpt>
      <trkpt lat="48.85487" lon="-113.62005">
        <ele>1769.06</ele>
      </trkpt>
      <trkpt lat="48.85492" lon="-113.62023">
        <ele>1769.41</ele>
      </trkpt>
      <trkpt lat="48.85497" lon="-113.62064">
        <ele>1769.06</ele>
      </trkpt>
      <trkpt lat="48.85498" lon="-113.62088">
        <ele>1769.0</ele>
      </trkpt>
      <trkpt lat="48.85501" lon="-113.62098">
        <ele>1769.22</ele>
      </trkpt>
      <trkpt lat="48.85504" lon="-113.6212">
        <ele>1769.45</ele>
      </trkpt>
      <trkpt lat="48.85504" lon="-113.62131">
        <ele>1769.37</ele>
      </trkpt>
      <trkpt lat="48.85501" lon="-113.62141">
        <ele>1769.0</ele>
      </trkpt>
      <trkpt lat="48.85496" lon="-113.6215">
        <ele>1769.0</ele>
      </trkpt>
      <trkpt lat="48.85492" lon="-113.62172">
        <ele>1769.58</ele>
      </trkpt>
      <trkpt lat="48.85479" lon="-113.622">
        <ele>1771.33</ele>
      </trkpt>
      <trkpt lat="48.85459" lon="-113.62262">
        <ele>1773.87</ele>
      </trkpt>
      <trkpt lat="48.85457" lon="-113.62284">
        <ele>1776.03</ele>
      </trkpt>
      <trkpt lat="48.85447" lon="-113.62301">
        <ele>1776.78</ele>
      </trkpt>
      <trkpt lat="48.85441" lon="-113.62306">
        <ele>1776.68</ele>
      </trkpt>
      <trkpt lat="48.85433" lon="-113.62322">
        <ele>1777.54</ele>
      </trkpt>
      <trkpt lat="48.85431" lon="-113.62334">
        <ele>1777.62</ele>
      </trkpt>
      <trkpt lat="48.85437" lon="-113.62373">
        <ele>1780.48</ele>
      </trkpt>
      <trkpt lat="48.85427" lon="-113.62438">
        <ele>1781.12</ele>
      </trkpt>
      <trkpt lat="48.85427" lon="-113.62461">
        <ele>1781.12</ele>
      </trkpt>
      <trkpt lat="48.85429" lon="-113.62471">
        <ele>1781.04</ele>
      </trkpt>
      <trkpt lat="48.85435" lon="-113.62492">
        <ele>1780.0</ele>
      </trkpt>
      <trkpt lat="48.85439" lon="-113.62526">
        <ele>1777.76</ele>
      </trkpt>
      <trkpt lat="48.85439" lon="-113.62616">
        <ele>1778.24</ele>
      </trkpt>
      <trkpt lat="48.85434" lon="-113.62674">
        <ele>1774.0</ele>
      </trkpt>
      <trkpt lat="48.85437" lon="-113.62719">
        <ele>1774.98</ele>
      </trkpt>
      <trkpt lat="48.8544" lon="-113.62731">
        <ele>1775.61</ele>
      </trkpt>
      <trkpt lat="48.85449" lon="-113.62763">
        <ele>1774.0</ele>
      </trkpt>
      <trkpt lat="48.85454" lon="-113.628">
        <ele>1774.0</ele>
      </trkpt>
      <trkpt lat="48.85454" lon="-113.62811">
        <ele>1774.0</ele>
      </trkpt>
      <trkpt lat="48.85447" lon="-113.62844">
        <ele>1774.0</ele>
      </trkpt>
      <trkpt lat="48.85446" lon="-113.62878">
        <ele>1774.0</ele>
      </trkpt>
      <trkpt lat="48.85449" lon="-113.62892">
        <ele>1774.0</ele>
      </trkpt>
      <trkpt lat="48.85449" lon="-113.62921">
        <ele>1774.0</ele>
      </trkpt>
      <trkpt lat="48.85447" lon="-113.62955">
        <ele>1774.0</ele>
      </trkpt>
      <trkpt lat="48.85446" lon="-113.62965">
        <ele>1774.0</ele>
      </trkpt>
      <trkpt lat="48.85437" lon="-113.62997">
        <ele>1774.0</ele>
      </trkpt>
      <trkpt lat="48.85418" lon="-113.63047">
        <ele>1774.0</ele>
      </trkpt>
      <trkpt lat="48.85411" lon="-113.63093">
        <ele>1774.0</ele>
      </trkpt>
      <trkpt lat="48.85406" lon="-113.63102">
        <ele>1774.0</ele>
      </trkpt>
      <trkpt lat="48.85402" lon="-113.63125">
        <ele>1774.0</ele>
      </trkpt>
      <trkpt lat="48.85391" lon="-113.63155">
        <ele>1774.0</ele>
      </trkpt>
      <trkpt lat="48.85372" lon="-113.63231">
        <ele>1774.0</ele>
      </trkpt>
      <trkpt lat="48.85349" lon="-113.63287">
        <ele>1774.0</ele>
      </trkpt>
      <trkpt lat="48.85336" lon="-113.63354">
        <ele>1774.0</ele>
      </trkpt>
      <trkpt lat="48.85335" lon="-113.63365">
        <ele>1774.0</ele>
      </trkpt>
      <trkpt lat="48.85336" lon="-113.63376">
        <ele>1774.0</ele>
      </trkpt>
      <trkpt lat="48.85347" lon="-113.63394">
        <ele>1775.5</ele>
      </trkpt>
      <trkpt lat="48.8535" lon="-113.63404">
        <ele>1777.11</ele>
      </trkpt>
      <trkpt lat="48.85351" lon="-113.63427">
        <ele>1775.79</ele>
      </trkpt>
      <trkpt lat="48.85358" lon="-113.63441">
        <ele>1776.99</ele>
      </trkpt>
      <trkpt lat="48.85355" lon="-113.63451">
        <ele>1776.02</ele>
      </trkpt>
      <trkpt lat="48.85359" lon="-113.63469">
        <ele>1778.32</ele>
      </trkpt>
      <trkpt lat="48.85356" lon="-113.63503">
        <ele>1776.9</ele>
      </trkpt>
      <trkpt lat="48.85355" lon="-113.63539">
        <ele>1777.02</ele>
      </trkpt>
      <trkpt lat="48.85356" lon="-113.63549">
        <ele>1777.34</ele>
      </trkpt>
      <trkpt lat="48.85354" lon="-113.63558">
        <ele>1776.9</ele>
      </trkpt>
      <trkpt lat="48.8531" lon="-113.63566">
        <ele>1774.0</ele>
      </trkpt>
      <trkpt lat="48.85304" lon="-113.63573">
        <ele>1774.0</ele>
      </trkpt>
      <trkpt lat="48.85298" lon="-113.63593">
        <ele>1774.0</ele>
      </trkpt>
      <trkpt lat="48.85284" lon="-113.63623">
        <ele>1774.0</ele>
      </trkpt>
      <trkpt lat="48.85284" lon="-113.63634">
        <ele>1774.0</ele>
      </trkpt>
      <trkpt lat="48.85287" lon="-113.63643">
        <ele>1774.0</ele>
      </trkpt>
      <trkpt lat="48.85285" lon="-113.63654">
        <ele>1774.0</ele>
      </trkpt>
      <trkpt lat="48.85279" lon="-113.6366">
        <ele>1774.0</ele>
      </trkpt>
      <trkpt lat="48.8528" lon="-113.6367">
        <ele>1774.0</ele>
      </trkpt>
      <trkpt lat="48.85286" lon="-113.63688">
        <ele>1774.0</ele>
      </trkpt>
      <trkpt lat="48.85287" lon="-113.63711">
        <ele>1774.0</ele>
      </trkpt>
      <trkpt lat="48.85286" lon="-113.6372">
        <ele>1774.0</ele>
      </trkpt>
      <trkpt lat="48.85282" lon="-113.6373">
        <ele>1774.38</ele>
      </trkpt>
      <trkpt lat="48.85278" lon="-113.63762">
        <ele>1774.4</ele>
      </trkpt>
      <trkpt lat="48.85273" lon="-113.6377">
        <ele>1774.48</ele>
      </trkpt>
      <trkpt lat="48.85279" lon="-113.63791">
        <ele>1775.4</ele>
      </trkpt>
      <trkpt lat="48.85279" lon="-113.63813">
        <ele>1775.4</ele>
      </trkpt>
      <trkpt lat="48.85282" lon="-113.63836">
        <ele>1776.37</ele>
      </trkpt>
      <trkpt lat="48.85292" lon="-113.6385">
        <ele>1778.54</ele>
      </trkpt>
      <trkpt lat="48.85298" lon="-113.6385">
        <ele>1779.22</ele>
      </trkpt>
      <trkpt lat="48.8531" lon="-113.6386">
        <ele>1780.96</ele>
      </trkpt>
      <trkpt lat="48.85315" lon="-113.63867">
        <ele>1781.38</ele>
      </trkpt>
      <trkpt lat="48.85333" lon="-113.63868">
        <ele>1783.94</ele>
      </trkpt>
      <trkpt lat="48.85337" lon="-113.63874">
        <ele>1784.4</ele>
      </trkpt>
      <trkpt lat="48.85339" lon="-113.63884">
        <ele>1784.43</ele>
      </trkpt>
      <trkpt lat="48.85337" lon="-113.63915">
        <ele>1783.47</ele>
      </trkpt>
      <trkpt lat="48.85341" lon="-113.63924">
        <ele>1783.69</ele>
      </trkpt>
      <trkpt lat="48.85345" lon="-113.63942">
        <ele>1784.52</ele>
      </trkpt>
      <trkpt lat="48.85343" lon="-113.63953">
        <ele>1784.09</ele>
      </trkpt>
      <trkpt lat="48.85344" lon="-113.63965">
        <ele>1784.3</ele>
      </trkpt>
      <trkpt lat="48.85341" lon="-113.63976">
        <ele>1783.66</ele>
      </trkpt>
      <trkpt lat="48.85341" lon="-113.63987">
        <ele>1783.66</ele>
      </trkpt>
      <trkpt lat="48.85333" lon="-113.64004">
        <ele>1781.94</ele>
      </trkpt>
      <trkpt lat="48.85333" lon="-113.64027">
        <ele>1782.93</ele>
      </trkpt>
      <trkpt lat="48.85329" lon="-113.64054">
        <ele>1783.06</ele>
      </trkpt>
      <trkpt lat="48.85318" lon="-113.64067">
        <ele>1781.84</ele>
      </trkpt>
      <trkpt lat="48.85309" lon="-113.64085">
        <ele>1782.49</ele>
      </trkpt>
      <trkpt lat="48.85297" lon="-113.64112">
        <ele>1783.17</ele>
      </trkpt>
      <trkpt lat="48.85297" lon="-113.64121">
        <ele>1784.14</ele>
      </trkpt>
      <trkpt lat="48.85284" lon="-113.64135">
        <ele>1784.25</ele>
      </trkpt>
      <trkpt lat="48.85274" lon="-113.64136">
        <ele>1783.28</ele>
      </trkpt>
      <trkpt lat="48.85265" lon="-113.6415">
        <ele>1783.7</ele>
      </trkpt>
      <trkpt lat="48.85262" lon="-113.64159">
        <ele>1784.0</ele>
      </trkpt>
      <trkpt lat="48.85261" lon="-113.64183">
        <ele>1784.19</ele>
      </trkpt>
      <trkpt lat="48.85263" lon="-113.64206">
        <ele>1785.1</ele>
      </trkpt>
      <trkpt lat="48.8527" lon="-113.64236">
        <ele>1787.49</ele>
      </trkpt>
      <trkpt lat="48.85269" lon="-113.64247">
        <ele>1788.0</ele>
      </trkpt>
      <trkpt lat="48.85273" lon="-113.64256">
        <ele>1788.65</ele>
      </trkpt>
      <trkpt lat="48.85276" lon="-113.64296">
        <ele>1790.97</ele>
      </trkpt>
      <trkpt lat="48.85271" lon="-113.64303">
        <ele>1791.0</ele>
      </trkpt>
      <trkpt lat="48.85268" lon="-113.64302">
        <ele>1791.0</ele>
      </trkpt>
      <trkpt lat="48.85265" lon="-113.64309">
        <ele>1791.0</ele>
      </trkpt>
      <trkpt lat="48.85266" lon="-113.64318">
        <ele>1791.34</ele>
      </trkpt>
      <trkpt lat="48.85278" lon="-113.64359">
        <ele>1793.0</ele>
      </trkpt>
      <trkpt lat="48.85281" lon="-113.64381">
        <ele>1794.0</ele>
      </trkpt>
      <trkpt lat="48.85282" lon="-113.64399">
        <ele>1795.0</ele>
      </trkpt>
      <trkpt lat="48.8528" lon="-113.6444">
        <ele>1795.64</ele>
      </trkpt>
      <trkpt lat="48.85282" lon="-113.64451">
        <ele>1796.0</ele>
      </trkpt>
      <trkpt lat="48.85283" lon="-113.64486">
        <ele>1796.28</ele>
      </trkpt>
      <trkpt lat="48.85282" lon="-113.64507">
        <ele>1797.0</ele>
      </trkpt>
      <trkpt lat="48.85284" lon="-113.6452">
        <ele>1796.67</ele>
      </trkpt>
      <trkpt lat="48.85288" lon="-113.6453">
        <ele>1797.0</ele>
      </trkpt>
      <trkpt lat="48.85288" lon="-113.64541">
        <ele>1797.0</ele>
      </trkpt>
      <trkpt lat="48.85284" lon="-113.64564">
        <ele>1796.0</ele>
      </trkpt>
      <trkpt lat="48.85285" lon="-113.64576">
        <ele>1796.69</ele>
      </trkpt>
      <trkpt lat="48.85279" lon="-113.64596">
        <ele>1793.17</ele>
      </trkpt>
      <trkpt lat="48.85278" lon="-113.64609">
        <ele>1793.0</ele>
      </trkpt>
      <trkpt lat="48.85281" lon="-113.64629">
        <ele>1793.0</ele>
      </trkpt>
      <trkpt lat="48.8528" lon="-113.64647">
        <ele>1793.0</ele>
      </trkpt>
      <trkpt lat="48.85275" lon="-113.64683">
        <ele>1793.0</ele>
      </trkpt>
      <trkpt lat="48.85276" lon="-113.64717">
        <ele>1793.0</ele>
      </trkpt>
      <trkpt lat="48.8527" lon="-113.64738">
        <ele>1793.0</ele>
      </trkpt>
      <trkpt lat="48.8527" lon="-113.64759">
        <ele>1793.0</ele>
      </trkpt>
      <trkpt lat="48.8526" lon="-113.64769">
        <ele>1793.0</ele>
      </trkpt>
      <trkpt lat="48.85262" lon="-113.64783">
        <ele>1793.0</ele>
      </trkpt>
      <trkpt lat="48.85258" lon="-113.64805">
        <ele>1793.0</ele>
      </trkpt>
      <trkpt lat="48.85253" lon="-113.64809">
        <ele>1793.0</ele>
      </trkpt>
      <trkpt lat="48.85244" lon="-113.64827">
        <ele>1793.0</ele>
      </trkpt>
      <trkpt lat="48.85255" lon="-113.64845">
        <ele>1793.0</ele>
      </trkpt>
      <trkpt lat="48.85261" lon="-113.64851">
        <ele>1793.0</ele>
      </trkpt>
      <trkpt lat="48.85261" lon="-113.6486">
        <ele>1793.0</ele>
      </trkpt>
      <trkpt lat="48.85255" lon="-113.6488">
        <ele>1793.0</ele>
      </trkpt>
      <trkpt lat="48.85256" lon="-113.64893">
        <ele>1793.0</ele>
      </trkpt>
      <trkpt lat="48.85256" lon="-113.64913">
        <ele>1793.0</ele>
      </trkpt>
      <trkpt lat="48.8526" lon="-113.64924">
        <ele>1793.0</ele>
      </trkpt>
      <trkpt lat="48.85271" lon="-113.64949">
        <ele>1793.0</ele>
      </trkpt>
      <trkpt lat="48.8528" lon="-113.6496">
        <ele>1793.0</ele>
      </trkpt>
      <trkpt lat="48.85284" lon="-113.6497">
        <ele>1793.0</ele>
      </trkpt>
      <trkpt lat="48.8529" lon="-113.64975">
        <ele>1793.0</ele>
      </trkpt>
      <trkpt lat="48.85301" lon="-113.6499">
        <ele>1793.0</ele>
      </trkpt>
      <trkpt lat="48.85303" lon="-113.65001">
        <ele>1793.0</ele>
      </trkpt>
      <trkpt lat="48.85308" lon="-113.65008">
        <ele>1793.0</ele>
      </trkpt>
      <trkpt lat="48.85312" lon="-113.65018">
        <ele>1793.0</ele>
      </trkpt>
      <trkpt lat="48.85315" lon="-113.65039">
        <ele>1793.0</ele>
      </trkpt>
      <trkpt lat="48.85317" lon="-113.65073">
        <ele>1793.0</ele>
      </trkpt>
      <trkpt lat="48.8532" lon="-113.65085">
        <ele>1793.2</ele>
      </trkpt>
      <trkpt lat="48.85322" lon="-113.65106">
        <ele>1794.55</ele>
      </trkpt>
      <trkpt lat="48.85321" lon="-113.65116">
        <ele>1794.69</ele>
      </trkpt>
      <trkpt lat="48.85323" lon="-113.65125">
        <ele>1795.65</ele>
      </trkpt>
      <trkpt lat="48.85322" lon="-113.65133">
        <ele>1795.41</ele>
      </trkpt>
      <trkpt lat="48.85323" lon="-113.65162">
        <ele>1797.77</ele>
      </trkpt>
      <trkpt lat="48.85326" lon="-113.65171">
        <ele>1798.21</ele>
      </trkpt>
      <trkpt lat="48.85324" lon="-113.65191">
        <ele>1798.61</ele>
      </trkpt>
      <trkpt lat="48.8532" lon="-113.652">
        <ele>1798.38</ele>
      </trkpt>
      <trkpt lat="48.85319" lon="-113.65211">
        <ele>1798.45</ele>
      </trkpt>
      <trkpt lat="48.85315" lon="-113.65221">
        <ele>1798.04</ele>
      </trkpt>
      <trkpt lat="48.85313" lon="-113.65232">
        <ele>1797.86</ele>
      </trkpt>
      <trkpt lat="48.85311" lon="-113.65254">
        <ele>1798.59</ele>
      </trkpt>
      <trkpt lat="48.85311" lon="-113.65265">
        <ele>1798.95</ele>
      </trkpt>
      <trkpt lat="48.85307" lon="-113.65286">
        <ele>1799.16</ele>
      </trkpt>
      <trkpt lat="48.85309" lon="-113.6532">
        <ele>1800.1</ele>
      </trkpt>
      <trkpt lat="48.85306" lon="-113.65338">
        <ele>1800.07</ele>
      </trkpt>
      <trkpt lat="48.85309" lon="-113.65349">
        <ele>1801.18</ele>
      </trkpt>
      <trkpt lat="48.85307" lon="-113.65381">
        <ele>1802.16</ele>
      </trkpt>
      <trkpt lat="48.85309" lon="-113.65402">
        <ele>1802.53</ele>
      </trkpt>
      <trkpt lat="48.85308" lon="-113.65413">
        <ele>1802.97</ele>
      </trkpt>
      <trkpt lat="48.8531" lon="-113.65425">
        <ele>1803.48</ele>
      </trkpt>
      <trkpt lat="48.85309" lon="-113.65433">
        <ele>1803.66</ele>
      </trkpt>
      <trkpt lat="48.85299" lon="-113.65461">
        <ele>1803.14</ele>
      </trkpt>
      <trkpt lat="48.85299" lon="-113.65485">
        <ele>1803.4</ele>
      </trkpt>
      <trkpt lat="48.85293" lon="-113.65539">
        <ele>1803.64</ele>
      </trkpt>
      <trkpt lat="48.85296" lon="-113.65604">
        <ele>1805.97</ele>
      </trkpt>
      <trkpt lat="48.85299" lon="-113.65613">
        <ele>1806.79</ele>
      </trkpt>
      <trkpt lat="48.85298" lon="-113.65624">
        <ele>1807.37</ele>
      </trkpt>
      <trkpt lat="48.85305" lon="-113.65643">
        <ele>1809.32</ele>
      </trkpt>
      <trkpt lat="48.85309" lon="-113.65673">
        <ele>1811.17</ele>
      </trkpt>
      <trkpt lat="48.85307" lon="-113.65684">
        <ele>1811.29</ele>
      </trkpt>
      <trkpt lat="48.85303" lon="-113.65692">
        <ele>1810.65</ele>
      </trkpt>
      <trkpt lat="48.85301" lon="-113.65702">
        <ele>1810.92</ele>
      </trkpt>
      <trkpt lat="48.85301" lon="-113.65725">
        <ele>1811.66</ele>
      </trkpt>
      <trkpt lat="48.85297" lon="-113.65752">
        <ele>1812.15</ele>
      </trkpt>
      <trkpt lat="48.85288" lon="-113.65774">
        <ele>1811.21</ele>
      </trkpt>
      <trkpt lat="48.85285" lon="-113.65796">
        <ele>1811.56</ele>
      </trkpt>
      <trkpt lat="48.85283" lon="-113.65801">
        <ele>1811.35</ele>
      </trkpt>
      <trkpt lat="48.85276" lon="-113.65801">
        <ele>1810.22</ele>
      </trkpt>
      <trkpt lat="48.85272" lon="-113.65812">
        <ele>1809.75</ele>
      </trkpt>
      <trkpt lat="48.8527" lon="-113.65823">
        <ele>1809.32</ele>
      </trkpt>
      <trkpt lat="48.85261" lon="-113.65841">
        <ele>1808.05</ele>
      </trkpt>
      <trkpt lat="48.85252" lon="-113.65886">
        <ele>1808.22</ele>
      </trkpt>
      <trkpt lat="48.8525" lon="-113.65942">
        <ele>1809.74</ele>
      </trkpt>
      <trkpt lat="48.85252" lon="-113.65953">
        <ele>1810.22</ele>
      </trkpt>
      <trkpt lat="48.85252" lon="-113.65963">
        <ele>1810.22</ele>
      </trkpt>
      <trkpt lat="48.85256" lon="-113.65974">
        <ele>1810.65</ele>
      </trkpt>
      <trkpt lat="48.85254" lon="-113.65984">
        <ele>1810.43</ele>
      </trkpt>
      <trkpt lat="48.85257" lon="-113.65992">
        <ele>1810.76</ele>
      </trkpt>
      <trkpt lat="48.85255" lon="-113.66004">
        <ele>1810.34</ele>
      </trkpt>
      <trkpt lat="48.85257" lon="-113.66018">
        <ele>1810.51</ele>
      </trkpt>
      <trkpt lat="48.85254" lon="-113.66025">
        <ele>1809.86</ele>
      </trkpt>
      <trkpt lat="48.85248" lon="-113.66047">
        <ele>1808.78</ele>
      </trkpt>
      <trkpt lat="48.85248" lon="-113.66057">
        <ele>1808.75</ele>
      </trkpt>
      <trkpt lat="48.85257" lon="-113.66087">
        <ele>1809.66</ele>
      </trkpt>
      <trkpt lat="48.85259" lon="-113.66098">
        <ele>1809.94</ele>
      </trkpt>
      <trkpt lat="48.85258" lon="-113.66164">
        <ele>1808.86</ele>
      </trkpt>
      <trkpt lat="48.85262" lon="-113.66173">
        <ele>1809.59</ele>
      </trkpt>
      <trkpt lat="48.85275" lon="-113.66187">
        <ele>1811.7</ele>
      </trkpt>
      <trkpt lat="48.85283" lon="-113.6619">
        <ele>1812.56</ele>
      </trkpt>
      <trkpt lat="48.85286" lon="-113.66201">
        <ele>1812.89</ele>
      </trkpt>
      <trkpt lat="48.8529" lon="-113.66204">
        <ele>1813.64</ele>
      </trkpt>
      <trkpt lat="48.85292" lon="-113.66215">
        <ele>1813.95</ele>
      </trkpt>
      <trkpt lat="48.85295" lon="-113.66224">
        <ele>1813.86</ele>
      </trkpt>
      <trkpt lat="48.85302" lon="-113.66234">
        <ele>1815.23</ele>
      </trkpt>
      <trkpt lat="48.85305" lon="-113.66241">
        <ele>1815.88</ele>
      </trkpt>
      <trkpt lat="48.85306" lon="-113.66251">
        <ele>1816.05</ele>
      </trkpt>
      <trkpt lat="48.85311" lon="-113.66259">
        <ele>1816.59</ele>
      </trkpt>
      <trkpt lat="48.85331" lon="-113.66279">
        <ele>1819.75</ele>
      </trkpt>
      <trkpt lat="48.85365" lon="-113.66307">
        <ele>1824.33</ele>
      </trkpt>
      <trkpt lat="48.85373" lon="-113.6633">
        <ele>1824.39</ele>
      </trkpt>
      <trkpt lat="48.85379" lon="-113.66333">
        <ele>1824.97</ele>
      </trkpt>
      <trkpt lat="48.85399" lon="-113.66359">
        <ele>1827.39</ele>
      </trkpt>
      <trkpt lat="48.85414" lon="-113.66386">
        <ele>1828.71</ele>
      </trkpt>
      <trkpt lat="48.85424" lon="-113.66394">
        <ele>1830.58</ele>
      </trkpt>
      <trkpt lat="48.85431" lon="-113.66409">
        <ele>1832.1</ele>
      </trkpt>
      <trkpt lat="48.85437" lon="-113.66427">
        <ele>1833.59</ele>
      </trkpt>
      <trkpt lat="48.8546" lon="-113.66464">
        <ele>1840.04</ele>
      </trkpt>
      <trkpt lat="48.85465" lon="-113.66485">
        <ele>1841.66</ele>
      </trkpt>
      <trkpt lat="48.85491" lon="-113.66523">
        <ele>1850.08</ele>
      </trkpt>
      <trkpt lat="48.855" lon="-113.66541">
        <ele>1853.0</ele>
      </trkpt>
      <trkpt lat="48.85511" lon="-113.66584">
        <ele>1856.88</ele>
      </trkpt>
      <trkpt lat="48.85516" lon="-113.66594">
        <ele>1859.37</ele>
      </trkpt>
      <trkpt lat="48.85519" lon="-113.66608">
        <ele>1860.63</ele>
      </trkpt>
      <trkpt lat="48.85528" lon="-113.66636">
        <ele>1865.12</ele>
      </trkpt>
      <trkpt lat="48.8553" lon="-113.66647">
        <ele>1866.2</ele>
      </trkpt>
      <trkpt lat="48.85534" lon="-113.66656">
        <ele>1867.51</ele>
      </trkpt>
      <trkpt lat="48.85538" lon="-113.66678">
        <ele>1869.3</ele>
      </trkpt>
      <trkpt lat="48.85541" lon="-113.66688">
        <ele>1870.14</ele>
      </trkpt>
      <trkpt lat="48.85545" lon="-113.66707">
        <ele>1871.3</ele>
      </trkpt>
      <trkpt lat="48.85554" lon="-113.66734">
        <ele>1874.89</ele>
      </trkpt>
      <trkpt lat="48.85557" lon="-113.66758">
        <ele>1874.49</ele>
      </trkpt>
      <trkpt lat="48.85561" lon="-113.66769">
        <ele>1876.99</ele>
      </trkpt>
      <trkpt lat="48.85561" lon="-113.66812">
        <ele>1878.92</ele>
      </trkpt>
      <trkpt lat="48.85564" lon="-113.6683">
        <ele>1884.02</ele>
      </trkpt>
      <trkpt lat="48.85563" lon="-113.66859">
        <ele>1887.84</ele>
      </trkpt>
      <trkpt lat="48.85569" lon="-113.66875">
        <ele>1891.26</ele>
      </trkpt>
      <trkpt lat="48.85569" lon="-113.669">
        <ele>1891.26</ele>
      </trkpt>
      <trkpt lat="48.85571" lon="-113.66909">
        <ele>1892.34</ele>
      </trkpt>
      <trkpt lat="48.85572" lon="-113.66919">
        <ele>1892.88</ele>
      </trkpt>
      <trkpt lat="48.85578" lon="-113.66941">
        <ele>1895.12</ele>
      </trkpt>
      <trkpt lat="48.85583" lon="-113.6695">
        <ele>1897.22</ele>
      </trkpt>
      <trkpt lat="48.85585" lon="-113.66961">
        <ele>1896.93</ele>
      </trkpt>
      <trkpt lat="48.85589" lon="-113.66973">
        <ele>1898.45</ele>
      </trkpt>
      <trkpt lat="48.85582" lon="-113.67004">
        <ele>1896.2</ele>
      </trkpt>
      <trkpt lat="48.85583" lon="-113.67014">
        <ele>1897.33</ele>
      </trkpt>
      <trkpt lat="48.85581" lon="-113.67021">
        <ele>1896.74</ele>
      </trkpt>
      <trkpt lat="48.85589" lon="-113.67058">
        <ele>1900.35</ele>
      </trkpt>
      <trkpt lat="48.85597" lon="-113.67068">
        <ele>1903.72</ele>
      </trkpt>
      <trkpt lat="48.85596" lon="-113.67073">
        <ele>1902.91</ele>
      </trkpt>
      <trkpt lat="48.85597" lon="-113.67095">
        <ele>1902.26</ele>
      </trkpt>
      <trkpt lat="48.85602" lon="-113.6712">
        <ele>1903.1</ele>
      </trkpt>
      <trkpt lat="48.85613" lon="-113.67158">
        <ele>1905.48</ele>
      </trkpt>
      <trkpt lat="48.85617" lon="-113.6716">
        <ele>1906.35</ele>
      </trkpt>
      <trkpt lat="48.85624" lon="-113.67175">
        <ele>1906.51</ele>
      </trkpt>
      <trkpt lat="48.85633" lon="-113.67184">
        <ele>1910.95</ele>
      </trkpt>
      <trkpt lat="48.8563" lon="-113.67167">
        <ele>1911.16</ele>
      </trkpt>
      <trkpt lat="48.85629" lon="-113.6715">
        <ele>1912.53</ele>
      </trkpt>
      <trkpt lat="48.8563" lon="-113.67132">
        <ele>1914.94</ele>
      </trkpt>
      <trkpt lat="48.8563" lon="-113.67111">
        <ele>1916.21</ele>
      </trkpt>
      <trkpt lat="48.85632" lon="-113.67092">
        <ele>1919.04</ele>
      </trkpt>
      <trkpt lat="48.85635" lon="-113.67082">
        <ele>1921.04</ele>
      </trkpt>
      <trkpt lat="48.85645" lon="-113.67122">
        <ele>1924.12</ele>
      </trkpt>
      <trkpt lat="48.85649" lon="-113.67127">
        <ele>1925.93</ele>
      </trkpt>
      <trkpt lat="48.8565" lon="-113.67136">
        <ele>1925.71</ele>
      </trkpt>
      <trkpt lat="48.85655" lon="-113.6715">
        <ele>1928.19</ele>
      </trkpt>
      <trkpt lat="48.8566" lon="-113.67178">
        <ele>1926.11</ele>
      </trkpt>
      <trkpt lat="48.8566" lon="-113.67213">
        <ele>1928.68</ele>
      </trkpt>
      <trkpt lat="48.85668" lon="-113.67237">
        <ele>1934.95</ele>
      </trkpt>
      <trkpt lat="48.85662" lon="-113.67251">
        <ele>1932.64</ele>
      </trkpt>
      <trkpt lat="48.8566" lon="-113.67261">
        <ele>1932.82</ele>
      </trkpt>
      <trkpt lat="48.85662" lon="-113.67271">
        <ele>1934.61</ele>
      </trkpt>
      <trkpt lat="48.85674" lon="-113.67318">
        <ele>1940.34</ele>
      </trkpt>
      <trkpt lat="48.85678" lon="-113.67322">
        <ele>1942.84</ele>
      </trkpt>
      <trkpt lat="48.85679" lon="-113.67277">
        <ele>1946.3</ele>
      </trkpt>
      <trkpt lat="48.85683" lon="-113.67262">
        <ele>1947.88</ele>
      </trkpt>
      <trkpt lat="48.85697" lon="-113.67245">
        <ele>1953.85</ele>
      </trkpt>
      <trkpt lat="48.85699" lon="-113.67237">
        <ele>1954.65</ele>
      </trkpt>
      <trkpt lat="48.85701" lon="-113.67211">
        <ele>1958.1</ele>
      </trkpt>
      <trkpt lat="48.85706" lon="-113.67184">
        <ele>1959.46</ele>
      </trkpt>
      <trkpt lat="48.85704" lon="-113.67168">
        <ele>1959.04</ele>
      </trkpt>
      <trkpt lat="48.85706" lon="-113.67124">
        <ele>1968.34</ele>
      </trkpt>
      <trkpt lat="48.85708" lon="-113.67109">
        <ele>1971.01</ele>
      </trkpt>
      <trkpt lat="48.85707" lon="-113.67102">
        <ele>1971.12</ele>
      </trkpt>
      <trkpt lat="48.85708" lon="-113.671">
        <ele>1971.98</ele>
      </trkpt>
      <trkpt lat="48.85713" lon="-113.67111">
        <ele>1974.04</ele>
      </trkpt>
      <trkpt lat="48.8573" lon="-113.67157">
        <ele>1976.54</ele>
      </trkpt>
      <trkpt lat="48.85733" lon="-113.67175">
        <ele>1976.88</ele>
      </trkpt>
      <trkpt lat="48.85732" lon="-113.6719">
        <ele>1979.8</ele>
      </trkpt>
      <trkpt lat="48.85732" lon="-113.67209">
        <ele>1980.71</ele>
      </trkpt>
      <trkpt lat="48.85737" lon="-113.67228">
        <ele>1980.7</ele>
      </trkpt>
      <trkpt lat="48.85743" lon="-113.67237">
        <ele>1985.1</ele>
      </trkpt>
      <trkpt lat="48.85744" lon="-113.67245">
        <ele>1986.63</ele>
      </trkpt>
      <trkpt lat="48.85744" lon="-113.67261">
        <ele>1987.82</ele>
      </trkpt>
      <trkpt lat="48.85741" lon="-113.67275">
        <ele>1985.22</ele>
      </trkpt>
      <trkpt lat="48.85743" lon="-113.67283">
        <ele>1986.68</ele>
      </trkpt>
      <trkpt lat="48.85751" lon="-113.67296">
        <ele>1988.85</ele>
      </trkpt>
      <trkpt lat="48.85755" lon="-113.67308">
        <ele>1987.31</ele>
      </trkpt>
      <trkpt lat="48.85772" lon="-113.67413">
        <ele>2008.63</ele>
      </trkpt>
      <trkpt lat="48.8578" lon="-113.6745">
        <ele>2012.3</ele>
      </trkpt>
      <trkpt lat="48.85786" lon="-113.67479">
        <ele>2012.4</ele>
      </trkpt>
      <trkpt lat="48.85798" lon="-113.67507">
        <ele>2019.06</ele>
      </trkpt>
      <trkpt lat="48.85796" lon="-113.67549">
        <ele>2019.42</ele>
      </trkpt>
      <trkpt lat="48.85794" lon="-113.67557">
        <ele>2020.03</ele>
      </trkpt>
      <trkpt lat="48.85796" lon="-113.67608">
        <ele>2025.81</ele>
      </trkpt>
      <trkpt lat="48.85799" lon="-113.67635">
        <ele>2027.58</ele>
      </trkpt>
      <trkpt lat="48.85799" lon="-113.67645">
        <ele>2027.46</ele>
      </trkpt>
      <trkpt lat="48.85809" lon="-113.67686">
        <ele>2030.34</ele>
      </trkpt>
      <trkpt lat="48.85814" lon="-113.67699">
        <ele>2030.58</ele>
      </trkpt>
      <trkpt lat="48.85823" lon="-113.67711">
        <ele>2035.49</ele>
      </trkpt>
      <trkpt lat="48.85821" lon="-113.67652">
        <ele>2039.73</ele>
      </trkpt>
      <trkpt lat="48.85826" lon="-113.67621">
        <ele>2044.23</ele>
      </trkpt>
      <trkpt lat="48.85825" lon="-113.67614">
        <ele>2044.22</ele>
      </trkpt>
      <trkpt lat="48.85828" lon="-113.67602">
        <ele>2046.54</ele>
      </trkpt>
      <trkpt lat="48.85828" lon="-113.67588">
        <ele>2046.54</ele>
      </trkpt>
      <trkpt lat="48.85834" lon="-113.67579">
        <ele>2050.33</ele>
      </trkpt>
      <trkpt lat="48.85839" lon="-113.67558">
        <ele>2048.24</ele>
      </trkpt>
      <trkpt lat="48.85845" lon="-113.67564">
        <ele>2053.06</ele>
      </trkpt>
      <trkpt lat="48.85848" lon="-113.67595">
        <ele>2057.92</ele>
      </trkpt>
      <trkpt lat="48.8585" lon="-113.67641">
        <ele>2056.82</ele>
      </trkpt>
      <trkpt lat="48.85851" lon="-113.67659">
        <ele>2056.37</ele>
      </trkpt>
      <trkpt lat="48.85859" lon="-113.67685">
        <ele>2058.11</ele>
      </trkpt>
      <trkpt lat="48.85874" lon="-113.67716">
        <ele>2063.74</ele>
      </trkpt>
      <trkpt lat="48.85872" lon="-113.67722">
        <ele>2062.23</ele>
      </trkpt>
      <trkpt lat="48.85875" lon="-113.67746">
        <ele>2065.78</ele>
      </trkpt>
      <trkpt lat="48.85885" lon="-113.6779">
        <ele>2074.32</ele>
      </trkpt>
      <trkpt lat="48.85894" lon="-113.67816">
        <ele>2075.92</ele>
      </trkpt>
      <trkpt lat="48.859" lon="-113.67826">
        <ele>2076.59</ele>
      </trkpt>
      <trkpt lat="48.8591" lon="-113.6786">
        <ele>2078.24</ele>
      </trkpt>
      <trkpt lat="48.8593" lon="-113.67902">
        <ele>2082.9</ele>
      </trkpt>
      <trkpt lat="48.85942" lon="-113.67937">
        <ele>2084.01</ele>
      </trkpt>
      <trkpt lat="48.85962" lon="-113.67974">
        <ele>2086.3</ele>
      </trkpt>
      <trkpt lat="48.85964" lon="-113.67963">
        <ele>2088.33</ele>
      </trkpt>
      <trkpt lat="48.85962" lon="-113.67951">
        <ele>2088.98</ele>
      </trkpt>
      <trkpt lat="48.85959" lon="-113.67935">
        <ele>2089.74</ele>
      </trkpt>
      <trkpt lat="48.85958" lon="-113.67921">
        <ele>2090.92</ele>
      </trkpt>
      <trkpt lat="48.85958" lon="-113.67913">
        <ele>2091.79</ele>
      </trkpt>
      <trkpt lat="48.85961" lon="-113.67911">
        <ele>2092.98</ele>
      </trkpt>
      <trkpt lat="48.85971" lon="-113.67917">
        <ele>2095.57</ele>
      </trkpt>
      <trkpt lat="48.85987" lon="-113.67923">
        <ele>2101.1</ele>
      </trkpt>
      <trkpt lat="48.86002" lon="-113.67933">
        <ele>2104.67</ele>
      </trkpt>
      <trkpt lat="48.86007" lon="-113.67933">
        <ele>2105.75</ele>
      </trkpt>
      <trkpt lat="48.86008" lon="-113.67925">
        <ele>2106.91</ele>
      </trkpt>
      <trkpt lat="48.86006" lon="-113.67907">
        <ele>2108.99</ele>
      </trkpt>
      <trkpt lat="48.86007" lon="-113.67849">
        <ele>2114.58</ele>
      </trkpt>
      <trkpt lat="48.86009" lon="-113.67843">
        <ele>2115.87</ele>
      </trkpt>
      <trkpt lat="48.86021" lon="-113.67864">
        <ele>2118.58</ele>
      </trkpt>
      <trkpt lat="48.86049" lon="-113.67901">
        <ele>2124.06</ele>
      </trkpt>
      <trkpt lat="48.86052" lon="-113.67897">
        <ele>2125.43</ele>
      </trkpt>
      <trkpt lat="48.86052" lon="-113.67879">
        <ele>2127.92</ele>
      </trkpt>
      <trkpt lat="48.86055" lon="-113.67873">
        <ele>2129.54</ele>
      </trkpt>
      <trkpt lat="48.86071" lon="-113.67896">
        <ele>2131.47</ele>
      </trkpt>
      <trkpt lat="48.86075" lon="-113.67895">
        <ele>2133.08</ele>
      </trkpt>
      <trkpt lat="48.8607" lon="-113.67858">
        <ele>2135.58</ele>
      </trkpt>
      <trkpt lat="48.86068" lon="-113.6782">
        <ele>2138.03</ele>
      </trkpt>
      <trkpt lat="48.86069" lon="-113.67812">
        <ele>2138.66</ele>
      </trkpt>
      <trkpt lat="48.86088" lon="-113.67844">
        <ele>2143.94</ele>
      </trkpt>
      <trkpt lat="48.86107" lon="-113.67882">
        <ele>2148.83</ele>
      </trkpt>
      <trkpt lat="48.86109" lon="-113.67877">
        <ele>2150.37</ele>
      </trkpt>
      <trkpt lat="48.86108" lon="-113.67839">
        <ele>2153.04</ele>
      </trkpt>
      <trkpt lat="48.86111" lon="-113.67835">
        <ele>2154.77</ele>
      </trkpt>
      <trkpt lat="48.86114" lon="-113.67842">
        <ele>2155.6</ele>
      </trkpt>
      <trkpt lat="48.86127" lon="-113.67882">
        <ele>2156.61</ele>
      </trkpt>
      <trkpt lat="48.86134" lon="-113.67898">
        <ele>2156.92</ele>
      </trkpt>
      <trkpt lat="48.86133" lon="-113.67915">
        <ele>2153.18</ele>
      </trkpt>
      <trkpt lat="48.86145" lon="-113.67971">
        <ele>2156.73</ele>
      </trkpt>
      <trkpt lat="48.86166" lon="-113.68016">
        <ele>2164.04</ele>
      </trkpt>
      <trkpt lat="48.8617" lon="-113.68021">
        <ele>2165.34</ele>
      </trkpt>
      <trkpt lat="48.86172" lon="-113.68014">
        <ele>2166.51</ele>
      </trkpt>
      <trkpt lat="48.86176" lon="-113.6793">
        <ele>2171.02</ele>
      </trkpt>
      <trkpt lat="48.86178" lon="-113.67927">
        <ele>2171.67</ele>
      </trkpt>
      <trkpt lat="48.86193" lon="-113.67954">
        <ele>2175.69</ele>
      </trkpt>
      <trkpt lat="48.8624" lon="-113.68015">
        <ele>2185.19</ele>
      </trkpt>
      <trkpt lat="48.86248" lon="-113.68031">
        <ele>2186.49</ele>
      </trkpt>
      <trkpt lat="48.86258" lon="-113.68065">
        <ele>2186.73</ele>
      </trkpt>
      <trkpt lat="48.86261" lon="-113.6807">
        <ele>2187.46</ele>
      </trkpt>
      <trkpt lat="48.86276" lon="-113.68029">
        <ele>2194.32</ele>
      </trkpt>
      <trkpt lat="48.86279" lon="-113.68021">
        <ele>2196.13</ele>
      </trkpt>
      <trkpt lat="48.8628" lon="-113.68011">
        <ele>2197.53</ele>
      </trkpt>
      <trkpt lat="48.86279" lon="-113.67934">
        <ele>2202.41</ele>
      </trkpt>
      <trkpt lat="48.86277" lon="-113.67924">
        <ele>2201.94</ele>
      </trkpt>
      <trkpt lat="48.86278" lon="-113.67907">
        <ele>2203.14</ele>
      </trkpt>
      <trkpt lat="48.86278" lon="-113.67831">
        <ele>2212.32</ele>
      </trkpt>
      <trkpt lat="48.86274" lon="-113.67786">
        <ele>2216.89</ele>
      </trkpt>
      <trkpt lat="48.86277" lon="-113.67784">
        <ele>2218.08</ele>
      </trkpt>
      <trkpt lat="48.86294" lon="-113.67807">
        <ele>2221.1</ele>
      </trkpt>
      <trkpt lat="48.86305" lon="-113.67837">
        <ele>2221.36</ele>
      </trkpt>
      <trkpt lat="48.86322" lon="-113.67866">
        <ele>2223.68</ele>
      </trkpt>
      <trkpt lat="48.86345" lon="-113.67895">
        <ele>2230.64</ele>
      </trkpt>
      <trkpt lat="48.86349" lon="-113.67913">
        <ele>2231.58</ele>
      </trkpt>
      <trkpt lat="48.86364" lon="-113.67956">
        <ele>2238.48</ele>
      </trkpt>
      <trkpt lat="48.86378" lon="-113.68005">
        <ele>2244.12</ele>
      </trkpt>
      <trkpt lat="48.86379" lon="-113.68014">
        <ele>2244.15</ele>
      </trkpt>
      <trkpt lat="48.86387" lon="-113.68049">
        <ele>2244.18</ele>
      </trkpt>
      <trkpt lat="48.86399" lon="-113.6808">
        <ele>2248.73</ele>
      </trkpt>
      <trkpt lat="48.86406" lon="-113.68105">
        <ele>2248.71</ele>
      </trkpt>
      <trkpt lat="48.8641" lon="-113.68141">
        <ele>2249.35</ele>
      </trkpt>
      <trkpt lat="48.86412" lon="-113.68153">
        <ele>2251.51</ele>
      </trkpt>
      <trkpt lat="48.86402" lon="-113.68161">
        <ele>2247.47</ele>
      </trkpt>
      <trkpt lat="48.86397" lon="-113.68169">
        <ele>2245.63</ele>
      </trkpt>
      <trkpt lat="48.86394" lon="-113.68178">
        <ele>2245.21</ele>
      </trkpt>
      <trkpt lat="48.86387" lon="-113.68236">
        <ele>2250.36</ele>
      </trkpt>
      <trkpt lat="48.86386" lon="-113.68267">
        <ele>2254.96</ele>
      </trkpt>
      <trkpt lat="48.86381" lon="-113.68307">
        <ele>2257.04</ele>
      </trkpt>
      <trkpt lat="48.8636" lon="-113.68385">
        <ele>2256.56</ele>
      </trkpt>
      <trkpt lat="48.86356" lon="-113.68404">
        <ele>2258.5</ele>
      </trkpt>
      <trkpt lat="48.8635" lon="-113.68422">
        <ele>2259.15</ele>
      </trkpt>
      <trkpt lat="48.86344" lon="-113.68461">
        <ele>2262.52</ele>
      </trkpt>
      <trkpt lat="48.86335" lon="-113.68487">
        <ele>2262.09</ele>
      </trkpt>
      <trkpt lat="48.86327" lon="-113.68535">
        <ele>2264.36</ele>
      </trkpt>
      <trkpt lat="48.86308" lon="-113.68618">
        <ele>2267.26</ele>
      </trkpt>
      <trkpt lat="48.86304" lon="-113.68642">
        <ele>2268.94</ele>
      </trkpt>
      <trkpt lat="48.86305" lon="-113.68647">
        <ele>2270.46</ele>
      </trkpt>
      <trkpt lat="48.86305" lon="-113.68654">
        <ele>2271.96</ele>
      </trkpt>
      <trkpt lat="48.86302" lon="-113.68679">
        <ele>2274.03</ele>
      </trkpt>
      <trkpt lat="48.86302" lon="-113.68687">
        <ele>2274.97</ele>
      </trkpt>
      <trkpt lat="48.86295" lon="-113.6872">
        <ele>2275.71</ele>
      </trkpt>
      <trkpt lat="48.86285" lon="-113.68748">
        <ele>2275.47</ele>
      </trkpt>
      <trkpt lat="48.86283" lon="-113.68769">
        <ele>2282.28</ele>
      </trkpt>
      <trkpt lat="48.86283" lon="-113.68775">
        <ele>2284.23</ele>
      </trkpt>
      <trkpt lat="48.8629" lon="-113.68794">
        <ele>2291.34</ele>
      </trkpt>
      <trkpt lat="48.86307" lon="-113.68836">
        <ele>2299.16</ele>
      </trkpt>
      <trkpt lat="48.8631" lon="-113.68849">
        <ele>2299.15</ele>
      </trkpt>
      <trkpt lat="48.86304" lon="-113.68873">
        <ele>2297.48</ele>
      </trkpt>
      <trkpt lat="48.86302" lon="-113.68895">
        <ele>2294.32</ele>
      </trkpt>
      <trkpt lat="48.86291" lon="-113.68934">
        <ele>2289.97</ele>
      </trkpt>
      <trkpt lat="48.86276" lon="-113.68967">
        <ele>2288.27</ele>
      </trkpt>
      <trkpt lat="48.86337" lon="-113.68945">
        <ele>2279.39</ele>
      </trkpt>
      <trkpt lat="48.86389" lon="-113.68969">
        <ele>2272.03</ele>
      </trkpt>
      <trkpt lat="48.8642" lon="-113.68985">
        <ele>2264.72</ele>
      </trkpt>
      <trkpt lat="48.86353" lon="-113.69016">
        <ele>2256.82</ele>
      </trkpt>
      <trkpt lat="48.86319" lon="-113.69081">
        <ele>2248.44</ele>
      </trkpt>
      <trkpt lat="48.86292" lon="-113.69117">
        <ele>2248.66</ele>
      </trkpt>
      <trkpt lat="48.8631" lon="-113.69118">
        <ele>2244.07</ele>
      </trkpt>
      <trkpt lat="48.86345" lon="-113.69099">
        <ele>2230.44</ele>
      </trkpt>
      <trkpt lat="48.86367" lon="-113.69082">
        <ele>2230.94</ele>
      </trkpt>
      <trkpt lat="48.86453" lon="-113.6908">
        <ele>2222.59</ele>
      </trkpt>
      <trkpt lat="48.86495" lon="-113.69106">
        <ele>2215.59</ele>
      </trkpt>
      <trkpt lat="48.8655" lon="-113.69194">
        <ele>2199.94</ele>
      </trkpt>
      <trkpt lat="48.86573" lon="-113.69213">
        <ele>2196.87</ele>
      </trkpt>
      <trkpt lat="48.86559" lon="-113.69217">
        <ele>2193.44</ele>
      </trkpt>
      <trkpt lat="48.86515" lon="-113.69196">
        <ele>2190.36</ele>
      </trkpt>
      <trkpt lat="48.86464" lon="-113.69161">
        <ele>2184.72</ele>
      </trkpt>
      <trkpt lat="48.86487" lon="-113.69203">
        <ele>2178.02</ele>
      </trkpt>
      <trkpt lat="48.86493" lon="-113.69221">
        <ele>2174.37</ele>
      </trkpt>
      <trkpt lat="48.86474" lon="-113.69208">
        <ele>2172.18</ele>
      </trkpt>
      <trkpt lat="48.86449" lon="-113.69192">
        <ele>2169.06</ele>
      </trkpt>
      <trkpt lat="48.8643" lon="-113.69202">
        <ele>2164.92</ele>
      </trkpt>
      <trkpt lat="48.86424" lon="-113.69213">
        <ele>2158.4</ele>
      </trkpt>
      <trkpt lat="48.86407" lon="-113.69223">
        <ele>2156.98</ele>
      </trkpt>
      <trkpt lat="48.86398" lon="-113.69247">
        <ele>2156.07</ele>
      </trkpt>
      <trkpt lat="48.86362" lon="-113.69294">
        <ele>2147.9</ele>
      </trkpt>
      <trkpt lat="48.86406" lon="-113.69278">
        <ele>2144.39</ele>
      </trkpt>
      <trkpt lat="48.86411" lon="-113.69272">
        <ele>2143.7</ele>
      </trkpt>
      <trkpt lat="48.86408" lon="-113.69288">
        <ele>2140.5</ele>
      </trkpt>
      <trkpt lat="48.8638" lon="-113.69319">
        <ele>2137.56</ele>
      </trkpt>
      <trkpt lat="48.86356" lon="-113.69338">
        <ele>2135.91</ele>
      </trkpt>
      <trkpt lat="48.86379" lon="-113.69337">
        <ele>2131.88</ele>
      </trkpt>
      <trkpt lat="48.86416" lon="-113.69347">
        <ele>2123.19</ele>
      </trkpt>
      <trkpt lat="48.86424" lon="-113.69344">
        <ele>2121.32</ele>
      </trkpt>
      <trkpt lat="48.86429" lon="-113.69345">
        <ele>2119.82</ele>
      </trkpt>
      <trkpt lat="48.8642" lon="-113.69366">
        <ele>2115.81</ele>
      </trkpt>
      <trkpt lat="48.86398" lon="-113.69382">
        <ele>2114.99</ele>
      </trkpt>
      <trkpt lat="48.8637" lon="-113.69392">
        <ele>2112.29</ele>
      </trkpt>
      <trkpt lat="48.86405" lon="-113.69406">
        <ele>2105.5</ele>
      </trkpt>
      <trkpt lat="48.86414" lon="-113.69406">
        <ele>2104.64</ele>
      </trkpt>
      <trkpt lat="48.86425" lon="-113.69414">
        <ele>2100.06</ele>
      </trkpt>
      <trkpt lat="48.86428" lon="-113.6942">
        <ele>2097.25</ele>
      </trkpt>
      <trkpt lat="48.86438" lon="-113.69428">
        <ele>2091.72</ele>
      </trkpt>
      <trkpt lat="48.86444" lon="-113.69425">
        <ele>2091.4</ele>
      </trkpt>
      <trkpt lat="48.86449" lon="-113.69423">
        <ele>2091.95</ele>
      </trkpt>
      <trkpt lat="48.86452" lon="-113.69429">
        <ele>2090.0</ele>
      </trkpt>
      <trkpt lat="48.86506" lon="-113.6946">
        <ele>2088.82</ele>
      </trkpt>
      <trkpt lat="48.86568" lon="-113.69501">
        <ele>2072.22</ele>
      </trkpt>
      <trkpt lat="48.86642" lon="-113.69496">
        <ele>2064.73</ele>
      </trkpt>
      <trkpt lat="48.86679" lon="-113.69504">
        <ele>2066.5</ele>
      </trkpt>
      <trkpt lat="48.86708" lon="-113.6952">
        <ele>2061.2</ele>
      </trkpt>
      <trkpt lat="48.86724" lon="-113.69523">
        <ele>2060.96</ele>
      </trkpt>
      <trkpt lat="48.86792" lon="-113.69563">
        <ele>2058.32</ele>
      </trkpt>
      <trkpt lat="48.86836" lon="-113.69589">
        <ele>2051.84</ele>
      </trkpt>
      <trkpt lat="48.86843" lon="-113.69599">
        <ele>2048.94</ele>
      </trkpt>
      <trkpt lat="48.86855" lon="-113.696">
        <ele>2049.07</ele>
      </trkpt>
      <trkpt lat="48.86904" lon="-113.69627">
        <ele>2043.57</ele>
      </trkpt>
      <trkpt lat="48.86918" lon="-113.6964">
        <ele>2040.9</ele>
      </trkpt>
      <trkpt lat="48.8696" lon="-113.69666">
        <ele>2036.1</ele>
      </trkpt>
      <trkpt lat="48.86964" lon="-113.69667">
        <ele>2035.82</ele>
      </trkpt>
      <trkpt lat="48.86974" lon="-113.69656">
        <ele>2036.11</ele>
      </trkpt>
      <trkpt lat="48.86983" lon="-113.69642">
        <ele>2038.0</ele>
      </trkpt>
      <trkpt lat="48.86993" lon="-113.69618">
        <ele>2038.78</ele>
      </trkpt>
      <trkpt lat="48.87004" lon="-113.69595">
        <ele>2039.01</ele>
      </trkpt>
      <trkpt lat="48.87012" lon="-113.69581">
        <ele>2038.32</ele>
      </trkpt>
      <trkpt lat="48.87025" lon="-113.69574">
        <ele>2034.21</ele>
      </trkpt>
      <trkpt lat="48.87033" lon="-113.69563">
        <ele>2032.14</ele>
      </trkpt>
      <trkpt lat="48.87036" lon="-113.69552">
        <ele>2032.83</ele>
      </trkpt>
      <trkpt lat="48.87048" lon="-113.69555">
        <ele>2027.32</ele>
      </trkpt>
      <trkpt lat="48.8705" lon="-113.69542">
        <ele>2027.86</ele>
      </trkpt>
      <trkpt lat="48.87046" lon="-113.69526">
        <ele>2030.16</ele>
      </trkpt>
      <trkpt lat="48.87048" lon="-113.69505">
        <ele>2029.64</ele>
      </trkpt>
      <trkpt lat="48.8705" lon="-113.69478">
        <ele>2035.13</ele>
      </trkpt>
      <trkpt lat="48.87049" lon="-113.69444">
        <ele>2046.68</ele>
      </trkpt>
      <trkpt lat="48.87061" lon="-113.69434">
        <ele>2042.73</ele>
      </trkpt>
      <trkpt lat="48.8707" lon="-113.69423">
        <ele>2039.66</ele>
      </trkpt>
      <trkpt lat="48.87078" lon="-113.69409">
        <ele>2037.54</ele>
      </trkpt>
      <trkpt lat="48.8709" lon="-113.69406">
        <ele>2031.86</ele>
      </trkpt>
      <trkpt lat="48.87103" lon="-113.69418">
        <ele>2024.73</ele>
      </trkpt>
      <trkpt lat="48.8711" lon="-113.69423">
        <ele>2023.44</ele>
      </trkpt>
      <trkpt lat="48.87122" lon="-113.69425">
        <ele>2022.02</ele>
      </trkpt>
      <trkpt lat="48.87127" lon="-113.69429">
        <ele>2020.95</ele>
      </trkpt>
      <trkpt lat="48.87139" lon="-113.69419">
        <ele>2021.48</ele>
      </trkpt>
      <trkpt lat="48.87147" lon="-113.69415">
        <ele>2020.59</ele>
      </trkpt>
      <trkpt lat="48.87152" lon="-113.69399">
        <ele>2022.08</ele>
      </trkpt>
      <trkpt lat="48.87192" lon="-113.69446">
        <ele>2006.62</ele>
      </trkpt>
      <trkpt lat="48.87199" lon="-113.69447">
        <ele>2004.25</ele>
      </trkpt>
      <trkpt lat="48.87211" lon="-113.69451">
        <ele>2000.95</ele>
      </trkpt>
      <trkpt lat="48.87225" lon="-113.69447">
        <ele>1999.57</ele>
      </trkpt>
      <trkpt lat="48.87227" lon="-113.69442">
        <ele>2000.5</ele>
      </trkpt>
      <trkpt lat="48.87231" lon="-113.69437">
        <ele>2000.71</ele>
      </trkpt>
      <trkpt lat="48.87235" lon="-113.69427">
        <ele>2000.74</ele>
      </trkpt>
      <trkpt lat="48.87239" lon="-113.69432">
        <ele>1998.91</ele>
      </trkpt>
      <trkpt lat="48.8724" lon="-113.69435">
        <ele>1998.26</ele>
      </trkpt>
      <trkpt lat="48.87247" lon="-113.69435">
        <ele>1996.68</ele>
      </trkpt>
      <trkpt lat="48.87268" lon="-113.69451">
        <ele>1990.22</ele>
      </trkpt>
      <trkpt lat="48.87272" lon="-113.69457">
        <ele>1987.42</ele>
      </trkpt>
      <trkpt lat="48.87282" lon="-113.69464">
        <ele>1983.72</ele>
      </trkpt>
      <trkpt lat="48.87285" lon="-113.69461">
        <ele>1984.68</ele>
      </trkpt>
      <trkpt lat="48.87287" lon="-113.69452">
        <ele>1987.74</ele>
      </trkpt>
      <trkpt lat="48.87294" lon="-113.69442">
        <ele>1989.34</ele>
      </trkpt>
      <trkpt lat="48.87302" lon="-113.69439">
        <ele>1986.97</ele>
      </trkpt>
      <trkpt lat="48.87307" lon="-113.69434">
        <ele>1985.79</ele>
      </trkpt>
      <trkpt lat="48.87312" lon="-113.69432">
        <ele>1984.6</ele>
      </trkpt>
      <trkpt lat="48.87316" lon="-113.69427">
        <ele>1984.37</ele>
      </trkpt>
      <trkpt lat="48.87318" lon="-113.69412">
        <ele>1987.82</ele>
      </trkpt>
      <trkpt lat="48.87321" lon="-113.69402">
        <ele>1990.42</ele>
      </trkpt>
      <trkpt lat="48.87323" lon="-113.6939">
        <ele>1993.77</ele>
      </trkpt>
      <trkpt lat="48.87328" lon="-113.69383">
        <ele>1994.64</ele>
      </trkpt>
      <trkpt lat="48.87334" lon="-113.69385">
        <ele>1992.12</ele>
      </trkpt>
      <trkpt lat="48.87339" lon="-113.69392">
        <ele>1989.1</ele>
      </trkpt>
      <trkpt lat="48.87345" lon="-113.69393">
        <ele>1987.74</ele>
      </trkpt>
      <trkpt lat="48.87351" lon="-113.69384">
        <ele>1989.2</ele>
      </trkpt>
      <trkpt lat="48.87358" lon="-113.69379">
        <ele>1988.81</ele>
      </trkpt>
      <trkpt lat="48.87372" lon="-113.69366">
        <ele>1991.8</ele>
      </trkpt>
      <trkpt lat="48.87376" lon="-113.69347">
        <ele>1997.05</ele>
      </trkpt>
      <trkpt lat="48.87384" lon="-113.69339">
        <ele>1998.78</ele>
      </trkpt>
      <trkpt lat="48.87418" lon="-113.6938">
        <ele>1994.03</ele>
      </trkpt>
      <trkpt lat="48.87421" lon="-113.69389">
        <ele>1991.9</ele>
      </trkpt>
      <trkpt lat="48.87426" lon="-113.69425">
        <ele>1984.21</ele>
      </trkpt>
      <trkpt lat="48.87441" lon="-113.69437">
        <ele>1983.94</ele>
      </trkpt>
      <trkpt lat="48.87451" lon="-113.69449">
        <ele>1983.58</ele>
      </trkpt>
      <trkpt lat="48.87454" lon="-113.69449">
        <ele>1984.08</ele>
      </trkpt>
      <trkpt lat="48.87463" lon="-113.69462">
        <ele>1984.11</ele>
      </trkpt>
      <trkpt lat="48.8747" lon="-113.69468">
        <ele>1984.98</ele>
      </trkpt>
      <trkpt lat="48.87478" lon="-113.6947">
        <ele>1986.64</ele>
      </trkpt>
      <trkpt lat="48.87487" lon="-113.69451">
        <ele>1992.2</ele>
      </trkpt>
      <trkpt lat="48.87496" lon="-113.69454">
        <ele>1993.54</ele>
      </trkpt>
      <trkpt lat="48.87502" lon="-113.69464">
        <ele>1992.78</ele>
      </trkpt>
      <trkpt lat="48.87503" lon="-113.69477">
        <ele>1989.62</ele>
      </trkpt>
      <trkpt lat="48.87507" lon="-113.69483">
        <ele>1988.59</ele>
      </trkpt>
      <trkpt lat="48.87513" lon="-113.69483">
        <ele>1989.17</ele>
      </trkpt>
      <trkpt lat="48.8754" lon="-113.69502">
        <ele>1985.5</ele>
      </trkpt>
      <trkpt lat="48.87555" lon="-113.69517">
        <ele>1981.33</ele>
      </trkpt>
      <trkpt lat="48.87557" lon="-113.69518">
        <ele>1980.81</ele>
      </trkpt>
      <trkpt lat="48.87568" lon="-113.6953">
        <ele>1974.43</ele>
      </trkpt>
      <trkpt lat="48.87584" lon="-113.69532">
        <ele>1973.78</ele>
      </trkpt>
      <trkpt lat="48.87606" lon="-113.69548">
        <ele>1974.53</ele>
      </trkpt>
      <trkpt lat="48.87635" lon="-113.69607">
        <ele>1969.05</ele>
      </trkpt>
      <trkpt lat="48.8767" lon="-113.69661">
        <ele>1965.58</ele>
      </trkpt>
      <trkpt lat="48.8768" lon="-113.69667">
        <ele>1965.37</ele>
      </trkpt>
      <trkpt lat="48.87695" lon="-113.69686">
        <ele>1961.88</ele>
      </trkpt>
      <trkpt lat="48.87707" lon="-113.69686">
        <ele>1962.86</ele>
      </trkpt>
      <trkpt lat="48.87716" lon="-113.69697">
        <ele>1961.78</ele>
      </trkpt>
      <trkpt lat="48.87737" lon="-113.69764">
        <ele>1948.66</ele>
      </trkpt>
      <trkpt lat="48.87762" lon="-113.69792">
        <ele>1945.36</ele>
      </trkpt>
      <trkpt lat="48.87769" lon="-113.69809">
        <ele>1942.31</ele>
      </trkpt>
      <trkpt lat="48.87774" lon="-113.69814">
        <ele>1941.77</ele>
      </trkpt>
      <trkpt lat="48.87779" lon="-113.69816">
        <ele>1941.88</ele>
      </trkpt>
      <trkpt lat="48.87788" lon="-113.69811">
        <ele>1943.82</ele>
      </trkpt>
      <trkpt lat="48.87797" lon="-113.69818">
        <ele>1942.31</ele>
      </trkpt>
      <trkpt lat="48.8778" lon="-113.69847">
        <ele>1933.05</ele>
      </trkpt>
      <trkpt lat="48.87776" lon="-113.69859">
        <ele>1929.12</ele>
      </trkpt>
      <trkpt lat="48.87781" lon="-113.69859">
        <ele>1929.88</ele>
      </trkpt>
      <trkpt lat="48.87811" lon="-113.69886">
        <ele>1922.35</ele>
      </trkpt>
      <trkpt lat="48.87781" lon="-113.69905">
        <ele>1917.22</ele>
      </trkpt>
      <trkpt lat="48.87805" lon="-113.69917">
        <ele>1914.95</ele>
      </trkpt>
      <trkpt lat="48.87789" lon="-113.69934">
        <ele>1910.6</ele>
      </trkpt>
      <trkpt lat="48.87789" lon="-113.69943">
        <ele>1908.35</ele>
      </trkpt>
      <trkpt lat="48.87795" lon="-113.69947">
        <ele>1907.41</ele>
      </trkpt>
      <trkpt lat="48.87813" lon="-113.69937">
        <ele>1907.65</ele>
      </trkpt>
      <trkpt lat="48.87857" lon="-113.69966">
        <ele>1909.57</ele>
      </trkpt>
      <trkpt lat="48.87873" lon="-113.69948">
        <ele>1913.66</ele>
      </trkpt>
      <trkpt lat="48.87884" lon="-113.69942">
        <ele>1913.2</ele>
      </trkpt>
      <trkpt lat="48.87891" lon="-113.69949">
        <ele>1910.3</ele>
      </trkpt>
      <trkpt lat="48.87941" lon="-113.70027">
        <ele>1890.22</ele>
      </trkpt>
      <trkpt lat="48.88013" lon="-113.70158">
        <ele>1874.21</ele>
      </trkpt>
      <trkpt lat="48.88042" lon="-113.70197">
        <ele>1867.24</ele>
      </trkpt>
      <trkpt lat="48.88068" lon="-113.70246">
        <ele>1858.98</ele>
      </trkpt>
      <trkpt lat="48.88093" lon="-113.70276">
        <ele>1856.66</ele>
      </trkpt>
      <trkpt lat="48.88145" lon="-113.70334">
        <ele>1851.1</ele>
      </trkpt>
      <trkpt lat="48.88159" lon="-113.70335">
        <ele>1853.8</ele>
      </trkpt>
      <trkpt lat="48.88172" lon="-113.70349">
        <ele>1852.08</ele>
      </trkpt>
      <trkpt lat="48.88175" lon="-113.7036">
        <ele>1848.37</ele>
      </trkpt>
      <trkpt lat="48.88179" lon="-113.70372">
        <ele>1845.14</ele>
      </trkpt>
      <trkpt lat="48.88214" lon="-113.70415">
        <ele>1838.58</ele>
      </trkpt>
      <trkpt lat="48.88234" lon="-113.70427">
        <ele>1839.31</ele>
      </trkpt>
      <trkpt lat="48.88244" lon="-113.70435">
        <ele>1839.39</ele>
      </trkpt>
      <trkpt lat="48.88253" lon="-113.70472">
        <ele>1831.38</ele>
      </trkpt>
      <trkpt lat="48.88296" lon="-113.70514">
        <ele>1824.94</ele>
      </trkpt>
      <trkpt lat="48.88308" lon="-113.70536">
        <ele>1820.25</ele>
      </trkpt>
      <trkpt lat="48.8833" lon="-113.70549">
        <ele>1817.12</ele>
      </trkpt>
      <trkpt lat="48.88361" lon="-113.7057">
        <ele>1812.32</ele>
      </trkpt>
      <trkpt lat="48.88391" lon="-113.70604">
        <ele>1801.07</ele>
      </trkpt>
      <trkpt lat="48.88403" lon="-113.70611">
        <ele>1798.04</ele>
      </trkpt>
      <trkpt lat="48.88428" lon="-113.70607">
        <ele>1798.56</ele>
      </trkpt>
      <trkpt lat="48.88437" lon="-113.70611">
        <ele>1798.82</ele>
      </trkpt>
      <trkpt lat="48.8846" lon="-113.70631">
        <ele>1802.13</ele>
      </trkpt>
      <trkpt lat="48.88481" lon="-113.70662">
        <ele>1796.46</ele>
      </trkpt>
      <trkpt lat="48.88501" lon="-113.7069">
        <ele>1787.87</ele>
      </trkpt>
      <trkpt lat="48.88506" lon="-113.70693">
        <ele>1786.52</ele>
      </trkpt>
      <trkpt lat="48.88505" lon="-113.70696">
        <ele>1785.5</ele>
      </trkpt>
      <trkpt lat="48.88504" lon="-113.70697">
        <ele>1785.17</ele>
      </trkpt>
      <trkpt lat="48.885" lon="-113.70697">
        <ele>1785.17</ele>
      </trkpt>
      <trkpt lat="48.88492" lon="-113.70694">
        <ele>1786.15</ele>
      </trkpt>
      <trkpt lat="48.88471" lon="-113.70676">
        <ele>1789.71</ele>
      </trkpt>
      <trkpt lat="48.8845" lon="-113.70665">
        <ele>1786.94</ele>
      </trkpt>
      <trkpt lat="48.8843" lon="-113.70661">
        <ele>1780.16</ele>
      </trkpt>
      <trkpt lat="48.88415" lon="-113.70669">
        <ele>1777.22</ele>
      </trkpt>
      <trkpt lat="48.88404" lon="-113.70685">
        <ele>1772.82</ele>
      </trkpt>
      <trkpt lat="48.88392" lon="-113.70703">
        <ele>1770.48</ele>
      </trkpt>
      <trkpt lat="48.88382" lon="-113.70712">
        <ele>1769.95</ele>
      </trkpt>
      <trkpt lat="48.88353" lon="-113.70714">
        <ele>1768.89</ele>
      </trkpt>
      <trkpt lat="48.88307" lon="-113.70721">
        <ele>1764.42</ele>
      </trkpt>
      <trkpt lat="48.88302" lon="-113.70724">
        <ele>1763.23</ele>
      </trkpt>
      <trkpt lat="48.8836" lon="-113.70772">
        <ele>1754.13</ele>
      </trkpt>
      <trkpt lat="48.88386" lon="-113.70786">
        <ele>1750.34</ele>
      </trkpt>
      <trkpt lat="48.88403" lon="-113.70776">
        <ele>1752.48</ele>
      </trkpt>
      <trkpt lat="48.88412" lon="-113.70784">
        <ele>1750.66</ele>
      </trkpt>
      <trkpt lat="48.88416" lon="-113.70788">
        <ele>1749.88</ele>
      </trkpt>
      <trkpt lat="48.88415" lon="-113.70803">
        <ele>1747.92</ele>
      </trkpt>
      <trkpt lat="48.88398" lon="-113.70848">
        <ele>1736.39</ele>
      </trkpt>
      <trkpt lat="48.88385" lon="-113.70876">
        <ele>1727.27</ele>
      </trkpt>
      <trkpt lat="48.88376" lon="-113.70887">
        <ele>1722.11</ele>
      </trkpt>
      <trkpt lat="48.88367" lon="-113.70892">
        <ele>1718.96</ele>
      </trkpt>
      <trkpt lat="48.88364" lon="-113.709">
        <ele>1716.84</ele>
      </trkpt>
      <trkpt lat="48.88365" lon="-113.70906">
        <ele>1715.59</ele>
      </trkpt>
      <trkpt lat="48.88372" lon="-113.7091">
        <ele>1717.47</ele>
      </trkpt>
      <trkpt lat="48.88381" lon="-113.70917">
        <ele>1721.23</ele>
      </trkpt>
      <trkpt lat="48.88393" lon="-113.70923">
        <ele>1722.9</ele>
      </trkpt>
      <trkpt lat="48.88402" lon="-113.70934">
        <ele>1721.67</ele>
      </trkpt>
      <trkpt lat="48.88414" lon="-113.70951">
        <ele>1719.3</ele>
      </trkpt>
      <trkpt lat="48.88424" lon="-113.7096">
        <ele>1717.75</ele>
      </trkpt>
      <trkpt lat="48.88436" lon="-113.70964">
        <ele>1717.75</ele>
      </trkpt>
      <trkpt lat="48.88442" lon="-113.70971">
        <ele>1716.13</ele>
      </trkpt>
      <trkpt lat="48.8846" lon="-113.71007">
        <ele>1707.25</ele>
      </trkpt>
      <trkpt lat="48.88469" lon="-113.7102">
        <ele>1704.33</ele>
      </trkpt>
      <trkpt lat="48.88482" lon="-113.71027">
        <ele>1703.25</ele>
      </trkpt>
      <trkpt lat="48.8849" lon="-113.71027">
        <ele>1703.25</ele>
      </trkpt>
      <trkpt lat="48.88497" lon="-113.71022">
        <ele>1704.87</ele>
      </trkpt>
      <trkpt lat="48.88503" lon="-113.71014">
        <ele>1707.46</ele>
      </trkpt>
      <trkpt lat="48.8851" lon="-113.71013">
        <ele>1707.71</ele>
      </trkpt>
      <trkpt lat="48.88518" lon="-113.71023">
        <ele>1704.06</ele>
      </trkpt>
      <trkpt lat="48.8853" lon="-113.71035">
        <ele>1703.33</ele>
      </trkpt>
      <trkpt lat="48.88539" lon="-113.71038">
        <ele>1705.11</ele>
      </trkpt>
      <trkpt lat="48.88545" lon="-113.71047">
        <ele>1703.49</ele>
      </trkpt>
      <trkpt lat="48.88553" lon="-113.71062">
        <ele>1700.36</ele>
      </trkpt>
      <trkpt lat="48.88559" lon="-113.71068">
        <ele>1699.58</ele>
      </trkpt>
      <trkpt lat="48.88566" lon="-113.71067">
        <ele>1701.21</ele>
      </trkpt>
      <trkpt lat="48.88571" lon="-113.71062">
        <ele>1703.58</ele>
      </trkpt>
      <trkpt lat="48.88577" lon="-113.71065">
        <ele>1703.26</ele>
      </trkpt>
      <trkpt lat="48.88585" lon="-113.71078">
        <ele>1699.91</ele>
      </trkpt>
      <trkpt lat="48.88606" lon="-113.71107">
        <ele>1693.58</ele>
      </trkpt>
      <trkpt lat="48.88617" lon="-113.71135">
        <ele>1687.48</ele>
      </trkpt>
      <trkpt lat="48.88627" lon="-113.71153">
        <ele>1684.67</ele>
      </trkpt>
      <trkpt lat="48.88636" lon="-113.71161">
        <ele>1683.52</ele>
      </trkpt>
      <trkpt lat="48.88645" lon="-113.71162">
        <ele>1684.17</ele>
      </trkpt>
      <trkpt lat="48.88651" lon="-113.71165">
        <ele>1683.79</ele>
      </trkpt>
      <trkpt lat="48.88656" lon="-113.71177">
        <ele>1681.5</ele>
      </trkpt>
      <trkpt lat="48.88664" lon="-113.71188">
        <ele>1679.6</ele>
      </trkpt>
      <trkpt lat="48.88679" lon="-113.71199">
        <ele>1677.86</ele>
      </trkpt>
      <trkpt lat="48.88695" lon="-113.71208">
        <ele>1676.7</ele>
      </trkpt>
      <trkpt lat="48.88706" lon="-113.71209">
        <ele>1678.1</ele>
      </trkpt>
      <trkpt lat="48.88713" lon="-113.71208">
        <ele>1679.08</ele>
      </trkpt>
      <trkpt lat="48.88721" lon="-113.71218">
        <ele>1677.24</ele>
      </trkpt>
      <trkpt lat="48.88735" lon="-113.71223">
        <ele>1677.21</ele>
      </trkpt>
      <trkpt lat="48.88748" lon="-113.71225">
        <ele>1678.73</ele>
      </trkpt>
      <trkpt lat="48.88764" lon="-113.71236">
        <ele>1677.54</ele>
      </trkpt>
      <trkpt lat="48.88774" lon="-113.71249">
        <ele>1675.81</ele>
      </trkpt>
      <trkpt lat="48.88783" lon="-113.71261">
        <ele>1673.65</ele>
      </trkpt>
      <trkpt lat="48.88792" lon="-113.71266">
        <ele>1673.74</ele>
      </trkpt>
      <trkpt lat="48.88815" lon="-113.71264">
        <ele>1677.0</ele>
      </trkpt>
      <trkpt lat="48.88824" lon="-113.71265">
        <ele>1677.75</ele>
      </trkpt>
      <trkpt lat="48.8883" lon="-113.71263">
        <ele>1678.83</ele>
      </trkpt>
      <trkpt lat="48.88836" lon="-113.71258">
        <ele>1680.56</ele>
      </trkpt>
      <trkpt lat="48.88842" lon="-113.71259">
        <ele>1680.99</ele>
      </trkpt>
      <trkpt lat="48.88843" lon="-113.71268">
        <ele>1679.2</ele>
      </trkpt>
      <trkpt lat="48.88849" lon="-113.71285">
        <ele>1676.13</ele>
      </trkpt>
      <trkpt lat="48.88874" lon="-113.713">
        <ele>1676.35</ele>
      </trkpt>
      <trkpt lat="48.88898" lon="-113.71319">
        <ele>1675.07</ele>
      </trkpt>
      <trkpt lat="48.88916" lon="-113.71326">
        <ele>1675.51</ele>
      </trkpt>
      <trkpt lat="48.8894" lon="-113.71333">
        <ele>1676.09</ele>
      </trkpt>
      <trkpt lat="48.88946" lon="-113.71343">
        <ele>1674.91</ele>
      </trkpt>
      <trkpt lat="48.88968" lon="-113.71368">
        <ele>1669.11</ele>
      </trkpt>
      <trkpt lat="48.8898" lon="-113.71387">
        <ele>1663.57</ele>
      </trkpt>
      <trkpt lat="48.88985" lon="-113.71398">
        <ele>1661.64</ele>
      </trkpt>
      <trkpt lat="48.88985" lon="-113.71402">
        <ele>1660.79</ele>
      </trkpt>
      <trkpt lat="48.8898" lon="-113.71403">
        <ele>1660.95</ele>
      </trkpt>
      <trkpt lat="48.88971" lon="-113.71396">
        <ele>1662.46</ele>
      </trkpt>
      <trkpt lat="48.88957" lon="-113.71388">
        <ele>1664.23</ele>
      </trkpt>
      <trkpt lat="48.88933" lon="-113.71398">
        <ele>1660.56</ele>
      </trkpt>
      <trkpt lat="48.88916" lon="-113.71404">
        <ele>1656.01</ele>
      </trkpt>
      <trkpt lat="48.88905" lon="-113.71402">
        <ele>1654.91</ele>
      </trkpt>
      <trkpt lat="48.88901" lon="-113.71405">
        <ele>1653.83</ele>
      </trkpt>
      <trkpt lat="48.88901" lon="-113.71411">
        <ele>1652.26</ele>
      </trkpt>
      <trkpt lat="48.88911" lon="-113.71423">
        <ele>1650.34</ele>
      </trkpt>
      <trkpt lat="48.88924" lon="-113.71433">
        <ele>1649.45</ele>
      </trkpt>
      <trkpt lat="48.8894" lon="-113.71449">
        <ele>1647.54</ele>
      </trkpt>
      <trkpt lat="48.88943" lon="-113.71458">
        <ele>1645.92</ele>
      </trkpt>
      <trkpt lat="48.88943" lon="-113.71474">
        <ele>1642.65</ele>
      </trkpt>
      <trkpt lat="48.88948" lon="-113.71504">
        <ele>1637.52</ele>
      </trkpt>
      <trkpt lat="48.88957" lon="-113.71526">
        <ele>1633.74</ele>
      </trkpt>
      <trkpt lat="48.88966" lon="-113.71536">
        <ele>1632.55</ele>
      </trkpt>
      <trkpt lat="48.88989" lon="-113.71552">
        <ele>1630.77</ele>
      </trkpt>
      <trkpt lat="48.89003" lon="-113.71564">
        <ele>1628.79</ele>
      </trkpt>
      <trkpt lat="48.89009" lon="-113.71574">
        <ele>1627.01</ele>
      </trkpt>
      <trkpt lat="48.89009" lon="-113.71587">
        <ele>1625.21</ele>
      </trkpt>
      <trkpt lat="48.89004" lon="-113.71595">
        <ele>1623.74</ele>
      </trkpt>
      <trkpt lat="48.88999" lon="-113.71597">
        <ele>1623.47</ele>
      </trkpt>
      <trkpt lat="48.88943" lon="-113.71585">
        <ele>1620.48</ele>
      </trkpt>
      <trkpt lat="48.88927" lon="-113.71576">
        <ele>1620.7</ele>
      </trkpt>
      <trkpt lat="48.889" lon="-113.71567">
        <ele>1619.73</ele>
      </trkpt>
      <trkpt lat="48.88895" lon="-113.7157">
        <ele>1618.54</ele>
      </trkpt>
      <trkpt lat="48.88906" lon="-113.71593">
        <ele>1614.76</ele>
      </trkpt>
      <trkpt lat="48.8891" lon="-113.71598">
        <ele>1614.11</ele>
      </trkpt>
      <trkpt lat="48.88903" lon="-113.71598">
        <ele>1613.36</ele>
      </trkpt>
      <trkpt lat="48.88869" lon="-113.71589">
        <ele>1611.63</ele>
      </trkpt>
      <trkpt lat="48.88857" lon="-113.71589">
        <ele>1610.33</ele>
      </trkpt>
      <trkpt lat="48.88861" lon="-113.71598">
        <ele>1608.81</ele>
      </trkpt>
      <trkpt lat="48.88876" lon="-113.71615">
        <ele>1605.77</ele>
      </trkpt>
      <trkpt lat="48.88909" lon="-113.71649">
        <ele>1601.9</ele>
      </trkpt>
      <trkpt lat="48.88922" lon="-113.71671">
        <ele>1597.64</ele>
      </trkpt>
      <trkpt lat="48.8893" lon="-113.71692">
        <ele>1594.29</ele>
      </trkpt>
      <trkpt lat="48.88945" lon="-113.71737">
        <ele>1587.87</ele>
      </trkpt>
      <trkpt lat="48.88953" lon="-113.71756">
        <ele>1585.28</ele>
      </trkpt>
      <trkpt lat="48.8896" lon="-113.71778">
        <ele>1582.63</ele>
      </trkpt>
      <trkpt lat="48.88966" lon="-113.71787">
        <ele>1581.34</ele>
      </trkpt>
      <trkpt lat="48.88983" lon="-113.71811">
        <ele>1579.58</ele>
      </trkpt>
      <trkpt lat="48.88993" lon="-113.7183">
        <ele>1577.69</ele>
      </trkpt>
      <trkpt lat="48.89005" lon="-113.71876">
        <ele>1572.14</ele>
      </trkpt>
      <trkpt lat="48.89013" lon="-113.71898">
        <ele>1569.44</ele>
      </trkpt>
      <trkpt lat="48.89014" lon="-113.71918">
        <ele>1566.22</ele>
      </trkpt>
      <trkpt lat="48.8901" lon="-113.71934">
        <ele>1563.21</ele>
      </trkpt>
      <trkpt lat="48.89021" lon="-113.71971">
        <ele>1558.53</ele>
      </trkpt>
      <trkpt lat="48.89031" lon="-113.72012">
        <ele>1553.3</ele>
      </trkpt>
      <trkpt lat="48.89036" lon="-113.72043">
        <ele>1549.24</ele>
      </trkpt>
      <trkpt lat="48.89045" lon="-113.7206">
        <ele>1547.83</ele>
      </trkpt>
      <trkpt lat="48.89048" lon="-113.72075">
        <ele>1546.08</ele>
      </trkpt>
      <trkpt lat="48.89048" lon="-113.72109">
        <ele>1542.41</ele>
      </trkpt>
      <trkpt lat="48.89059" lon="-113.72137">
        <ele>1539.58</ele>
      </trkpt>
      <trkpt lat="48.89086" lon="-113.72165">
        <ele>1539.18</ele>
      </trkpt>
      <trkpt lat="48.89096" lon="-113.72201">
        <ele>1535.03</ele>
      </trkpt>
      <trkpt lat="48.89101" lon="-113.72243">
        <ele>1529.76</ele>
      </trkpt>
      <trkpt lat="48.89104" lon="-113.72275">
        <ele>1527.3</ele>
      </trkpt>
      <trkpt lat="48.89118" lon="-113.72297">
        <ele>1522.36</ele>
      </trkpt>
      <trkpt lat="48.89131" lon="-113.72305">
        <ele>1515.52</ele>
      </trkpt>
      <trkpt lat="48.89137" lon="-113.72314">
        <ele>1512.63</ele>
      </trkpt>
      <trkpt lat="48.89145" lon="-113.72345">
        <ele>1506.1</ele>
      </trkpt>
      <trkpt lat="48.89146" lon="-113.72356">
        <ele>1504.48</ele>
      </trkpt>
      <trkpt lat="48.89139" lon="-113.72367">
        <ele>1505.69</ele>
      </trkpt>
      <trkpt lat="48.89136" lon="-113.72379">
        <ele>1505.34</ele>
      </trkpt>
      <trkpt lat="48.89141" lon="-113.72386">
        <ele>1502.47</ele>
      </trkpt>
      <trkpt lat="48.89152" lon="-113.7239">
        <ele>1497.63</ele>
      </trkpt>
      <trkpt lat="48.89168" lon="-113.72412">
        <ele>1494.0</ele>
      </trkpt>
      <trkpt lat="48.89171" lon="-113.72438">
        <ele>1494.0</ele>
      </trkpt>
      <trkpt lat="48.89172" lon="-113.72451">
        <ele>1494.0</ele>
      </trkpt>
      <trkpt lat="48.89169" lon="-113.72475">
        <ele>1494.0</ele>
      </trkpt>
      <trkpt lat="48.89169" lon="-113.72499">
        <ele>1493.33</ele>
      </trkpt>
      <trkpt lat="48.89159" lon="-113.72509">
        <ele>1493.0</ele>
      </trkpt>
      <trkpt lat="48.89154" lon="-113.72523">
        <ele>1493.0</ele>
      </trkpt>
    </trkseg>
  </trk>
  <trk>
    <name><![CDATA[Cracker, Poia, and Elizabeth Lakes, Glacier NP]]></name>
    <src>AllTrails</src>
    <trkseg>
      <trkpt lat="48.89152" lon="-113.72523">
        <ele>1493.0</ele>
      </trkpt>
      <trkpt lat="48.89154" lon="-113.72524">
        <ele>1493.0</ele>
      </trkpt>
      <trkpt lat="48.89159" lon="-113.72509">
        <ele>1493.0</ele>
      </trkpt>
      <trkpt lat="48.89169" lon="-113.72499">
        <ele>1493.33</ele>
      </trkpt>
      <trkpt lat="48.89169" lon="-113.72475">
        <ele>1494.0</ele>
      </trkpt>
      <trkpt lat="48.89172" lon="-113.72451">
        <ele>1494.0</ele>
      </trkpt>
      <trkpt lat="48.89171" lon="-113.72438">
        <ele>1494.0</ele>
      </trkpt>
      <trkpt lat="48.89168" lon="-113.72412">
        <ele>1494.0</ele>
      </trkpt>
      <trkpt lat="48.89152" lon="-113.7239">
        <ele>1497.63</ele>
      </trkpt>
      <trkpt lat="48.89141" lon="-113.72386">
        <ele>1502.47</ele>
      </trkpt>
      <trkpt lat="48.89136" lon="-113.72379">
        <ele>1505.34</ele>
      </trkpt>
      <trkpt lat="48.89139" lon="-113.72367">
        <ele>1505.69</ele>
      </trkpt>
      <trkpt lat="48.89146" lon="-113.72356">
        <ele>1504.48</ele>
      </trkpt>
      <trkpt lat="48.89145" lon="-113.72345">
        <ele>1506.1</ele>
      </trkpt>
      <trkpt lat="48.89137" lon="-113.72314">
        <ele>1512.63</ele>
      </trkpt>
      <trkpt lat="48.89131" lon="-113.72305">
        <ele>1515.52</ele>
      </trkpt>
      <trkpt lat="48.89118" lon="-113.72297">
        <ele>1522.36</ele>
      </trkpt>
      <trkpt lat="48.89104" lon="-113.72275">
        <ele>1527.3</ele>
      </trkpt>
      <trkpt lat="48.89101" lon="-113.72243">
        <ele>1529.76</ele>
      </trkpt>
      <trkpt lat="48.89096" lon="-113.72201">
        <ele>1535.03</ele>
      </trkpt>
      <trkpt lat="48.89086" lon="-113.72165">
        <ele>1539.18</ele>
      </trkpt>
      <trkpt lat="48.89059" lon="-113.72137">
        <ele>1539.58</ele>
      </trkpt>
      <trkpt lat="48.89048" lon="-113.72109">
        <ele>1542.41</ele>
      </trkpt>
      <trkpt lat="48.89048" lon="-113.72075">
        <ele>1546.08</ele>
      </trkpt>
      <trkpt lat="48.89045" lon="-113.7206">
        <ele>1547.83</ele>
      </trkpt>
      <trkpt lat="48.89036" lon="-113.72043">
        <ele>1549.24</ele>
      </trkpt>
      <trkpt lat="48.89031" lon="-113.72012">
        <ele>1553.3</ele>
      </trkpt>
      <trkpt lat="48.89021" lon="-113.71971">
        <ele>1558.53</ele>
      </trkpt>
      <trkpt lat="48.8901" lon="-113.71934">
        <ele>1563.21</ele>
      </trkpt>
      <trkpt lat="48.89014" lon="-113.71918">
        <ele>1566.22</ele>
      </trkpt>
      <trkpt lat="48.89013" lon="-113.71898">
        <ele>1569.44</ele>
      </trkpt>
      <trkpt lat="48.89005" lon="-113.71876">
        <ele>1572.14</ele>
      </trkpt>
      <trkpt lat="48.88993" lon="-113.7183">
        <ele>1577.69</ele>
      </trkpt>
      <trkpt lat="48.88983" lon="-113.71811">
        <ele>1579.58</ele>
      </trkpt>
      <trkpt lat="48.88966" lon="-113.71787">
        <ele>1581.34</ele>
      </trkpt>
      <trkpt lat="48.8896" lon="-113.71778">
        <ele>1582.63</ele>
      </trkpt>
      <trkpt lat="48.88953" lon="-113.71756">
        <ele>1585.28</ele>
      </trkpt>
      <trkpt lat="48.88945" lon="-113.71737">
        <ele>1587.87</ele>
      </trkpt>
      <trkpt lat="48.8893" lon="-113.71692">
        <ele>1594.29</ele>
      </trkpt>
      <trkpt lat="48.88922" lon="-113.71671">
        <ele>1597.64</ele>
      </trkpt>
      <trkpt lat="48.88909" lon="-113.71649">
        <ele>1601.9</ele>
      </trkpt>
      <trkpt lat="48.88876" lon="-113.71615">
        <ele>1605.77</ele>
      </trkpt>
      <trkpt lat="48.88861" lon="-113.71598">
        <ele>1608.81</ele>
      </trkpt>
      <trkpt lat="48.88857" lon="-113.71589">
        <ele>1610.33</ele>
      </trkpt>
      <trkpt lat="48.88869" lon="-113.71589">
        <ele>1611.63</ele>
      </trkpt>
      <trkpt lat="48.88903" lon="-113.71598">
        <ele>1613.36</ele>
      </trkpt>
      <trkpt lat="48.8891" lon="-113.71598">
        <ele>1614.11</ele>
      </trkpt>
      <trkpt lat="48.88906" lon="-113.71593">
        <ele>1614.76</ele>
      </trkpt>
      <trkpt lat="48.88895" lon="-113.7157">
        <ele>1618.54</ele>
      </trkpt>
      <trkpt lat="48.889" lon="-113.71567">
        <ele>1619.73</ele>
      </trkpt>
      <trkpt lat="48.88927" lon="-113.71576">
        <ele>1620.7</ele>
      </trkpt>
      <trkpt lat="48.88943" lon="-113.71585">
        <ele>1620.48</ele>
      </trkpt>
      <trkpt lat="48.88999" lon="-113.71597">
        <ele>1623.47</ele>
      </trkpt>
      <trkpt lat="48.89004" lon="-113.71595">
        <ele>1623.74</ele>
      </trkpt>
      <trkpt lat="48.89009" lon="-113.71587">
        <ele>1625.21</ele>
      </trkpt>
      <trkpt lat="48.89009" lon="-113.71574">
        <ele>1627.01</ele>
      </trkpt>
      <trkpt lat="48.89003" lon="-113.71564">
        <ele>1628.79</ele>
      </trkpt>
      <trkpt lat="48.88989" lon="-113.71552">
        <ele>1630.77</ele>
      </trkpt>
      <trkpt lat="48.88966" lon="-113.71536">
        <ele>1632.55</ele>
      </trkpt>
      <trkpt lat="48.88957" lon="-113.71526">
        <ele>1633.74</ele>
      </trkpt>
      <trkpt lat="48.88948" lon="-113.71504">
        <ele>1637.52</ele>
      </trkpt>
      <trkpt lat="48.88943" lon="-113.71474">
        <ele>1642.65</ele>
      </trkpt>
      <trkpt lat="48.88943" lon="-113.71458">
        <ele>1645.92</ele>
      </trkpt>
      <trkpt lat="48.8894" lon="-113.71449">
        <ele>1647.54</ele>
      </trkpt>
      <trkpt lat="48.88924" lon="-113.71433">
        <ele>1649.45</ele>
      </trkpt>
      <trkpt lat="48.88911" lon="-113.71423">
        <ele>1650.34</ele>
      </trkpt>
      <trkpt lat="48.88901" lon="-113.71411">
        <ele>1652.26</ele>
      </trkpt>
      <trkpt lat="48.88901" lon="-113.71405">
        <ele>1653.83</ele>
      </trkpt>
      <trkpt lat="48.88905" lon="-113.71402">
        <ele>1654.91</ele>
      </trkpt>
      <trkpt lat="48.88916" lon="-113.71404">
        <ele>1656.01</ele>
      </trkpt>
      <trkpt lat="48.88933" lon="-113.71398">
        <ele>1660.56</ele>
      </trkpt>
      <trkpt lat="48.88957" lon="-113.71388">
        <ele>1664.23</ele>
      </trkpt>
      <trkpt lat="48.88971" lon="-113.71396">
        <ele>1662.46</ele>
      </trkpt>
      <trkpt lat="48.8898" lon="-113.71403">
        <ele>1660.95</ele>
      </trkpt>
      <trkpt lat="48.88985" lon="-113.71402">
        <ele>1660.79</ele>
      </trkpt>
      <trkpt lat="48.88985" lon="-113.71398">
        <ele>1661.64</ele>
      </trkpt>
      <trkpt lat="48.8898" lon="-113.71387">
        <ele>1663.57</ele>
      </trkpt>
      <trkpt lat="48.88968" lon="-113.71368">
        <ele>1669.11</ele>
      </trkpt>
      <trkpt lat="48.88946" lon="-113.71343">
        <ele>1674.91</ele>
      </trkpt>
      <trkpt lat="48.8894" lon="-113.71333">
        <ele>1676.09</ele>
      </trkpt>
      <trkpt lat="48.88916" lon="-113.71326">
        <ele>1675.51</ele>
      </trkpt>
      <trkpt lat="48.88898" lon="-113.71319">
        <ele>1675.07</ele>
      </trkpt>
      <trkpt lat="48.88874" lon="-113.713">
        <ele>1676.35</ele>
      </trkpt>
      <trkpt lat="48.88849" lon="-113.71285">
        <ele>1676.13</ele>
      </trkpt>
      <trkpt lat="48.88843" lon="-113.71268">
        <ele>1679.2</ele>
      </trkpt>
      <trkpt lat="48.88842" lon="-113.71259">
        <ele>1680.99</ele>
      </trkpt>
      <trkpt lat="48.88836" lon="-113.71258">
        <ele>1680.56</ele>
      </trkpt>
      <trkpt lat="48.8883" lon="-113.71263">
        <ele>1678.83</ele>
      </trkpt>
      <trkpt lat="48.88824" lon="-113.71265">
        <ele>1677.75</ele>
      </trkpt>
      <trkpt lat="48.88815" lon="-113.71264">
        <ele>1677.0</ele>
      </trkpt>
      <trkpt lat="48.88792" lon="-113.71266">
        <ele>1673.74</ele>
      </trkpt>
      <trkpt lat="48.88783" lon="-113.71261">
        <ele>1673.65</ele>
      </trkpt>
      <trkpt lat="48.88774" lon="-113.71249">
        <ele>1675.81</ele>
      </trkpt>
      <trkpt lat="48.88764" lon="-113.71236">
        <ele>1677.54</ele>
      </trkpt>
      <trkpt lat="48.88748" lon="-113.71225">
        <ele>1678.73</ele>
      </trkpt>
      <trkpt lat="48.88735" lon="-113.71223">
        <ele>1677.21</ele>
      </trkpt>
      <trkpt lat="48.88721" lon="-113.71218">
        <ele>1677.24</ele>
      </trkpt>
      <trkpt lat="48.88713" lon="-113.71208">
        <ele>1679.08</ele>
      </trkpt>
      <trkpt lat="48.88706" lon="-113.71209">
        <ele>1678.1</ele>
      </trkpt>
      <trkpt lat="48.88695" lon="-113.71208">
        <ele>1676.7</ele>
      </trkpt>
      <trkpt lat="48.88679" lon="-113.71199">
        <ele>1677.86</ele>
      </trkpt>
      <trkpt lat="48.88664" lon="-113.71188">
        <ele>1679.6</ele>
      </trkpt>
      <trkpt lat="48.88656" lon="-113.71177">
        <ele>1681.5</ele>
      </trkpt>
      <trkpt lat="48.88651" lon="-113.71165">
        <ele>1683.79</ele>
      </trkpt>
      <trkpt lat="48.88645" lon="-113.71162">
        <ele>1684.17</ele>
      </trkpt>
      <trkpt lat="48.88636" lon="-113.71161">
        <ele>1683.52</ele>
      </trkpt>
      <trkpt lat="48.88627" lon="-113.71153">
        <ele>1684.67</ele>
      </trkpt>
      <trkpt lat="48.88617" lon="-113.71135">
        <ele>1687.48</ele>
      </trkpt>
      <trkpt lat="48.88606" lon="-113.71107">
        <ele>1693.58</ele>
      </trkpt>
      <trkpt lat="48.88585" lon="-113.71078">
        <ele>1699.91</ele>
      </trkpt>
      <trkpt lat="48.88577" lon="-113.71065">
        <ele>1703.26</ele>
      </trkpt>
      <trkpt lat="48.88571" lon="-113.71062">
        <ele>1703.58</ele>
      </trkpt>
      <trkpt lat="48.88566" lon="-113.71067">
        <ele>1701.21</ele>
      </trkpt>
      <trkpt lat="48.88559" lon="-113.71068">
        <ele>1699.58</ele>
      </trkpt>
      <trkpt lat="48.88553" lon="-113.71062">
        <ele>1700.36</ele>
      </trkpt>
      <trkpt lat="48.88545" lon="-113.71047">
        <ele>1703.49</ele>
      </trkpt>
      <trkpt lat="48.88539" lon="-113.71038">
        <ele>1705.11</ele>
      </trkpt>
      <trkpt lat="48.8853" lon="-113.71035">
        <ele>1703.33</ele>
      </trkpt>
      <trkpt lat="48.88518" lon="-113.71023">
        <ele>1704.06</ele>
      </trkpt>
      <trkpt lat="48.8851" lon="-113.71013">
        <ele>1707.71</ele>
      </trkpt>
      <trkpt lat="48.88503" lon="-113.71014">
        <ele>1707.46</ele>
      </trkpt>
      <trkpt lat="48.88497" lon="-113.71022">
        <ele>1704.87</ele>
      </trkpt>
      <trkpt lat="48.8849" lon="-113.71027">
        <ele>1703.25</ele>
      </trkpt>
      <trkpt lat="48.88482" lon="-113.71027">
        <ele>1703.25</ele>
      </trkpt>
      <trkpt lat="48.88469" lon="-113.7102">
        <ele>1704.33</ele>
      </trkpt>
      <trkpt lat="48.8846" lon="-113.71007">
        <ele>1707.25</ele>
      </trkpt>
      <trkpt lat="48.88442" lon="-113.70971">
        <ele>1716.13</ele>
      </trkpt>
      <trkpt lat="48.88436" lon="-113.70964">
        <ele>1717.75</ele>
      </trkpt>
      <trkpt lat="48.88424" lon="-113.7096">
        <ele>1717.75</ele>
      </trkpt>
      <trkpt lat="48.88414" lon="-113.70951">
        <ele>1719.3</ele>
      </trkpt>
      <trkpt lat="48.88402" lon="-113.70934">
        <ele>1721.67</ele>
      </trkpt>
      <trkpt lat="48.88393" lon="-113.70923">
        <ele>1722.9</ele>
      </trkpt>
      <trkpt lat="48.88381" lon="-113.70917">
        <ele>1721.23</ele>
      </trkpt>
      <trkpt lat="48.88372" lon="-113.7091">
        <ele>1717.47</ele>
      </trkpt>
      <trkpt lat="48.88365" lon="-113.70906">
        <ele>1715.59</ele>
      </trkpt>
      <trkpt lat="48.88364" lon="-113.709">
        <ele>1716.84</ele>
      </trkpt>
      <trkpt lat="48.88367" lon="-113.70892">
        <ele>1718.96</ele>
      </trkpt>
      <trkpt lat="48.88376" lon="-113.70887">
        <ele>1722.11</ele>
      </trkpt>
      <trkpt lat="48.88385" lon="-113.70876">
        <ele>1727.27</ele>
      </trkpt>
      <trkpt lat="48.88398" lon="-113.70848">
        <ele>1736.39</ele>
      </trkpt>
      <trkpt lat="48.88415" lon="-113.70803">
        <ele>1747.92</ele>
      </trkpt>
      <trkpt lat="48.88416" lon="-113.70788">
        <ele>1749.88</ele>
      </trkpt>
      <trkpt lat="48.88412" lon="-113.70784">
        <ele>1750.66</ele>
      </trkpt>
      <trkpt lat="48.88403" lon="-113.70776">
        <ele>1752.48</ele>
      </trkpt>
      <trkpt lat="48.88386" lon="-113.70786">
        <ele>1750.34</ele>
      </trkpt>
      <trkpt lat="48.8836" lon="-113.70772">
        <ele>1754.13</ele>
      </trkpt>
      <trkpt lat="48.88302" lon="-113.70724">
        <ele>1763.23</ele>
      </trkpt>
      <trkpt lat="48.88307" lon="-113.70721">
        <ele>1764.42</ele>
      </trkpt>
      <trkpt lat="48.88353" lon="-113.70714">
        <ele>1768.89</ele>
      </trkpt>
      <trkpt lat="48.88382" lon="-113.70712">
        <ele>1769.95</ele>
      </trkpt>
      <trkpt lat="48.88392" lon="-113.70703">
        <ele>1770.48</ele>
      </trkpt>
      <trkpt lat="48.88404" lon="-113.70685">
        <ele>1772.82</ele>
      </trkpt>
      <trkpt lat="48.88415" lon="-113.70669">
        <ele>1777.22</ele>
      </trkpt>
      <trkpt lat="48.8843" lon="-113.70661">
        <ele>1780.16</ele>
      </trkpt>
      <trkpt lat="48.8845" lon="-113.70665">
        <ele>1786.94</ele>
      </trkpt>
      <trkpt lat="48.88471" lon="-113.70676">
        <ele>1789.71</ele>
      </trkpt>
      <trkpt lat="48.88492" lon="-113.70694">
        <ele>1786.15</ele>
      </trkpt>
      <trkpt lat="48.885" lon="-113.70697">
        <ele>1785.17</ele>
      </trkpt>
      <trkpt lat="48.88504" lon="-113.70697">
        <ele>1785.17</ele>
      </trkpt>
      <trkpt lat="48.88505" lon="-113.70696">
        <ele>1785.5</ele>
      </trkpt>
      <trkpt lat="48.88506" lon="-113.70693">
        <ele>1786.52</ele>
      </trkpt>
      <trkpt lat="48.88501" lon="-113.7069">
        <ele>1787.87</ele>
      </trkpt>
      <trkpt lat="48.88481" lon="-113.70662">
        <ele>1796.46</ele>
      </trkpt>
      <trkpt lat="48.8846" lon="-113.70631">
        <ele>1802.13</ele>
      </trkpt>
      <trkpt lat="48.88437" lon="-113.70611">
        <ele>1798.82</ele>
      </trkpt>
      <trkpt lat="48.88428" lon="-113.70607">
        <ele>1798.56</ele>
      </trkpt>
      <trkpt lat="48.88403" lon="-113.70611">
        <ele>1798.04</ele>
      </trkpt>
      <trkpt lat="48.88391" lon="-113.70604">
        <ele>1801.07</ele>
      </trkpt>
      <trkpt lat="48.88361" lon="-113.7057">
        <ele>1812.32</ele>
      </trkpt>
      <trkpt lat="48.8833" lon="-113.70549">
        <ele>1817.12</ele>
      </trkpt>
      <trkpt lat="48.88308" lon="-113.70536">
        <ele>1820.25</ele>
      </trkpt>
      <trkpt lat="48.88296" lon="-113.70514">
        <ele>1824.94</ele>
      </trkpt>
      <trkpt lat="48.88253" lon="-113.70472">
        <ele>1831.38</ele>
      </trkpt>
      <trkpt lat="48.88244" lon="-113.70435">
        <ele>1839.39</ele>
      </trkpt>
      <trkpt lat="48.88234" lon="-113.70427">
        <ele>1839.31</ele>
      </trkpt>
      <trkpt lat="48.88214" lon="-113.70415">
        <ele>1838.58</ele>
      </trkpt>
      <trkpt lat="48.88173" lon="-113.70378">
        <ele>1842.16</ele>
      </trkpt>
      <trkpt lat="48.88141" lon="-113.70353">
        <ele>1844.08</ele>
      </trkpt>
      <trkpt lat="48.88128" lon="-113.70341">
        <ele>1846.02</ele>
      </trkpt>
      <trkpt lat="48.88097" lon="-113.70326">
        <ele>1844.33</ele>
      </trkpt>
      <trkpt lat="48.88056" lon="-113.703">
        <ele>1842.92</ele>
      </trkpt>
      <trkpt lat="48.88041" lon="-113.7027">
        <ele>1845.32</ele>
      </trkpt>
      <trkpt lat="48.8803" lon="-113.70253">
        <ele>1846.75</ele>
      </trkpt>
      <trkpt lat="48.88023" lon="-113.70248">
        <ele>1846.73</ele>
      </trkpt>
      <trkpt lat="48.87997" lon="-113.70263">
        <ele>1840.11</ele>
      </trkpt>
      <trkpt lat="48.87926" lon="-113.7021">
        <ele>1851.65</ele>
      </trkpt>
      <trkpt lat="48.87904" lon="-113.70199">
        <ele>1850.83</ele>
      </trkpt>
      <trkpt lat="48.87891" lon="-113.70195">
        <ele>1851.05</ele>
      </trkpt>
      <trkpt lat="48.8788" lon="-113.7019">
        <ele>1850.04</ele>
      </trkpt>
      <trkpt lat="48.8787" lon="-113.70182">
        <ele>1849.28</ele>
      </trkpt>
      <trkpt lat="48.87853" lon="-113.70177">
        <ele>1847.02</ele>
      </trkpt>
      <trkpt lat="48.87833" lon="-113.70175">
        <ele>1842.22</ele>
      </trkpt>
      <trkpt lat="48.87821" lon="-113.70174">
        <ele>1839.42</ele>
      </trkpt>
      <trkpt lat="48.878" lon="-113.70167">
        <ele>1835.73</ele>
      </trkpt>
      <trkpt lat="48.87779" lon="-113.70156">
        <ele>1836.59</ele>
      </trkpt>
      <trkpt lat="48.87767" lon="-113.70158">
        <ele>1834.54</ele>
      </trkpt>
      <trkpt lat="48.87754" lon="-113.70151">
        <ele>1833.64</ele>
      </trkpt>
      <trkpt lat="48.87746" lon="-113.70158">
        <ele>1830.9</ele>
      </trkpt>
      <trkpt lat="48.87741" lon="-113.7017">
        <ele>1829.62</ele>
      </trkpt>
      <trkpt lat="48.87738" lon="-113.7018">
        <ele>1829.46</ele>
      </trkpt>
      <trkpt lat="48.87736" lon="-113.70182">
        <ele>1829.69</ele>
      </trkpt>
      <trkpt lat="48.8773" lon="-113.70179">
        <ele>1831.15</ele>
      </trkpt>
      <trkpt lat="48.87724" lon="-113.70175">
        <ele>1833.52</ele>
      </trkpt>
      <trkpt lat="48.87721" lon="-113.70175">
        <ele>1834.51</ele>
      </trkpt>
      <trkpt lat="48.8772" lon="-113.70182">
        <ele>1834.06</ele>
      </trkpt>
      <trkpt lat="48.87723" lon="-113.70191">
        <ele>1832.17</ele>
      </trkpt>
      <trkpt lat="48.87722" lon="-113.70199">
        <ele>1831.57</ele>
      </trkpt>
      <trkpt lat="48.87714" lon="-113.70209">
        <ele>1832.2</ele>
      </trkpt>
      <trkpt lat="48.87703" lon="-113.70223">
        <ele>1833.07</ele>
      </trkpt>
      <trkpt lat="48.87648" lon="-113.70233">
        <ele>1840.69</ele>
      </trkpt>
      <trkpt lat="48.87612" lon="-113.70253">
        <ele>1837.32</ele>
      </trkpt>
      <trkpt lat="48.87594" lon="-113.70269">
        <ele>1833.89</ele>
      </trkpt>
      <trkpt lat="48.8757" lon="-113.70284">
        <ele>1830.8</ele>
      </trkpt>
      <trkpt lat="48.87551" lon="-113.70297">
        <ele>1827.81</ele>
      </trkpt>
      <trkpt lat="48.87533" lon="-113.70303">
        <ele>1824.71</ele>
      </trkpt>
      <trkpt lat="48.87524" lon="-113.70315">
        <ele>1824.2</ele>
      </trkpt>
      <trkpt lat="48.87519" lon="-113.70323">
        <ele>1824.12</ele>
      </trkpt>
      <trkpt lat="48.87509" lon="-113.70338">
        <ele>1822.54</ele>
      </trkpt>
      <trkpt lat="48.87503" lon="-113.70345">
        <ele>1822.25</ele>
      </trkpt>
      <trkpt lat="48.875" lon="-113.70363">
        <ele>1819.8</ele>
      </trkpt>
      <trkpt lat="48.87502" lon="-113.7038">
        <ele>1818.35</ele>
      </trkpt>
      <trkpt lat="48.87494" lon="-113.70399">
        <ele>1821.94</ele>
      </trkpt>
      <trkpt lat="48.87492" lon="-113.70417">
        <ele>1823.46</ele>
      </trkpt>
      <trkpt lat="48.87483" lon="-113.70445">
        <ele>1828.34</ele>
      </trkpt>
      <trkpt lat="48.87483" lon="-113.70463">
        <ele>1828.34</ele>
      </trkpt>
      <trkpt lat="48.87485" lon="-113.70479">
        <ele>1827.48</ele>
      </trkpt>
      <trkpt lat="48.87485" lon="-113.70493">
        <ele>1827.86</ele>
      </trkpt>
      <trkpt lat="48.87479" lon="-113.7052">
        <ele>1829.8</ele>
      </trkpt>
      <trkpt lat="48.87464" lon="-113.70556">
        <ele>1833.77</ele>
      </trkpt>
      <trkpt lat="48.87465" lon="-113.7057">
        <ele>1833.34</ele>
      </trkpt>
      <trkpt lat="48.87473" lon="-113.70591">
        <ele>1830.75</ele>
      </trkpt>
      <trkpt lat="48.8748" lon="-113.70612">
        <ele>1828.34</ele>
      </trkpt>
      <trkpt lat="48.87481" lon="-113.7063">
        <ele>1828.2</ele>
      </trkpt>
      <trkpt lat="48.87478" lon="-113.7064">
        <ele>1830.13</ele>
      </trkpt>
      <trkpt lat="48.87471" lon="-113.70655">
        <ele>1833.04</ele>
      </trkpt>
      <trkpt lat="48.87467" lon="-113.70677">
        <ele>1834.69</ele>
      </trkpt>
      <trkpt lat="48.87468" lon="-113.70706">
        <ele>1834.37</ele>
      </trkpt>
      <trkpt lat="48.87468" lon="-113.70723">
        <ele>1834.33</ele>
      </trkpt>
      <trkpt lat="48.87461" lon="-113.70741">
        <ele>1835.18</ele>
      </trkpt>
      <trkpt lat="48.87457" lon="-113.70754">
        <ele>1834.21</ele>
      </trkpt>
      <trkpt lat="48.87455" lon="-113.70766">
        <ele>1833.13</ele>
      </trkpt>
      <trkpt lat="48.8745" lon="-113.70776">
        <ele>1832.67</ele>
      </trkpt>
      <trkpt lat="48.87434" lon="-113.70789">
        <ele>1832.7</ele>
      </trkpt>
      <trkpt lat="48.87415" lon="-113.70803">
        <ele>1831.78</ele>
      </trkpt>
      <trkpt lat="48.87397" lon="-113.70814">
        <ele>1831.39</ele>
      </trkpt>
      <trkpt lat="48.8737" lon="-113.70828">
        <ele>1830.81</ele>
      </trkpt>
      <trkpt lat="48.87352" lon="-113.70834">
        <ele>1831.77</ele>
      </trkpt>
      <trkpt lat="48.8733" lon="-113.70839">
        <ele>1834.52</ele>
      </trkpt>
      <trkpt lat="48.87315" lon="-113.70847">
        <ele>1834.53</ele>
      </trkpt>
      <trkpt lat="48.87298" lon="-113.70855">
        <ele>1834.73</ele>
      </trkpt>
      <trkpt lat="48.87257" lon="-113.70883">
        <ele>1831.67</ele>
      </trkpt>
      <trkpt lat="48.8724" lon="-113.70893">
        <ele>1830.94</ele>
      </trkpt>
      <trkpt lat="48.87137" lon="-113.70944">
        <ele>1832.65</ele>
      </trkpt>
      <trkpt lat="48.87068" lon="-113.70978">
        <ele>1822.23</ele>
      </trkpt>
      <trkpt lat="48.87053" lon="-113.70987">
        <ele>1819.87</ele>
      </trkpt>
      <trkpt lat="48.87031" lon="-113.71001">
        <ele>1832.78</ele>
      </trkpt>
      <trkpt lat="48.87015" lon="-113.71012">
        <ele>1845.94</ele>
      </trkpt>
      <trkpt lat="48.87004" lon="-113.71031">
        <ele>1836.78</ele>
      </trkpt>
      <trkpt lat="48.86995" lon="-113.71046">
        <ele>1841.0</ele>
      </trkpt>
      <trkpt lat="48.86969" lon="-113.71067">
        <ele>1850.37</ele>
      </trkpt>
      <trkpt lat="48.86937" lon="-113.7109">
        <ele>1849.04</ele>
      </trkpt>
      <trkpt lat="48.86916" lon="-113.71101">
        <ele>1850.6</ele>
      </trkpt>
      <trkpt lat="48.86878" lon="-113.71117">
        <ele>1851.11</ele>
      </trkpt>
      <trkpt lat="48.86862" lon="-113.71117">
        <ele>1853.69</ele>
      </trkpt>
      <trkpt lat="48.86834" lon="-113.71115">
        <ele>1856.71</ele>
      </trkpt>
      <trkpt lat="48.86803" lon="-113.7111">
        <ele>1860.12</ele>
      </trkpt>
      <trkpt lat="48.86786" lon="-113.71103">
        <ele>1862.5</ele>
      </trkpt>
      <trkpt lat="48.86758" lon="-113.71101">
        <ele>1863.15</ele>
      </trkpt>
      <trkpt lat="48.86742" lon="-113.71101">
        <ele>1862.37</ele>
      </trkpt>
      <trkpt lat="48.86725" lon="-113.71096">
        <ele>1865.12</ele>
      </trkpt>
      <trkpt lat="48.86684" lon="-113.7109">
        <ele>1874.25</ele>
      </trkpt>
      <trkpt lat="48.86672" lon="-113.71084">
        <ele>1878.14</ele>
      </trkpt>
      <trkpt lat="48.86622" lon="-113.71081">
        <ele>1880.32</ele>
      </trkpt>
      <trkpt lat="48.86601" lon="-113.71078">
        <ele>1881.53</ele>
      </trkpt>
      <trkpt lat="48.86594" lon="-113.71084">
        <ele>1881.27</ele>
      </trkpt>
      <trkpt lat="48.86586" lon="-113.71086">
        <ele>1881.77</ele>
      </trkpt>
      <trkpt lat="48.8656" lon="-113.7108">
        <ele>1886.96</ele>
      </trkpt>
      <trkpt lat="48.86535" lon="-113.71071">
        <ele>1892.62</ele>
      </trkpt>
      <trkpt lat="48.86513" lon="-113.71065">
        <ele>1897.5</ele>
      </trkpt>
      <trkpt lat="48.86502" lon="-113.71063">
        <ele>1898.63</ele>
      </trkpt>
      <trkpt lat="48.86491" lon="-113.71064">
        <ele>1897.29</ele>
      </trkpt>
      <trkpt lat="48.8648" lon="-113.71062">
        <ele>1899.39</ele>
      </trkpt>
      <trkpt lat="48.86472" lon="-113.71058">
        <ele>1903.28</ele>
      </trkpt>
      <trkpt lat="48.86459" lon="-113.7106">
        <ele>1906.64</ele>
      </trkpt>
      <trkpt lat="48.86442" lon="-113.7106">
        <ele>1910.34</ele>
      </trkpt>
      <trkpt lat="48.86432" lon="-113.71057">
        <ele>1912.67</ele>
      </trkpt>
      <trkpt lat="48.86413" lon="-113.71057">
        <ele>1915.86</ele>
      </trkpt>
      <trkpt lat="48.86393" lon="-113.71059">
        <ele>1919.71</ele>
      </trkpt>
      <trkpt lat="48.86371" lon="-113.71057">
        <ele>1926.92</ele>
      </trkpt>
      <trkpt lat="48.86352" lon="-113.71054">
        <ele>1930.99</ele>
      </trkpt>
      <trkpt lat="48.86324" lon="-113.71049">
        <ele>1932.53</ele>
      </trkpt>
      <trkpt lat="48.86313" lon="-113.71043">
        <ele>1933.23</ele>
      </trkpt>
      <trkpt lat="48.86302" lon="-113.71032">
        <ele>1936.41</ele>
      </trkpt>
      <trkpt lat="48.86276" lon="-113.71012">
        <ele>1940.24</ele>
      </trkpt>
      <trkpt lat="48.86262" lon="-113.71002">
        <ele>1940.73</ele>
      </trkpt>
      <trkpt lat="48.8626" lon="-113.70996">
        <ele>1942.49</ele>
      </trkpt>
      <trkpt lat="48.86277" lon="-113.70999">
        <ele>1946.18</ele>
      </trkpt>
      <trkpt lat="48.86306" lon="-113.70998">
        <ele>1951.18</ele>
      </trkpt>
      <trkpt lat="48.86304" lon="-113.70993">
        <ele>1953.61</ele>
      </trkpt>
      <trkpt lat="48.86297" lon="-113.7099">
        <ele>1954.56</ele>
      </trkpt>
      <trkpt lat="48.86262" lon="-113.70965">
        <ele>1958.16</ele>
      </trkpt>
      <trkpt lat="48.86228" lon="-113.70932">
        <ele>1964.59</ele>
      </trkpt>
      <trkpt lat="48.86202" lon="-113.70903">
        <ele>1973.01</ele>
      </trkpt>
      <trkpt lat="48.86181" lon="-113.70876">
        <ele>1984.27</ele>
      </trkpt>
      <trkpt lat="48.86169" lon="-113.70858">
        <ele>1989.44</ele>
      </trkpt>
      <trkpt lat="48.86158" lon="-113.7085">
        <ele>1989.99</ele>
      </trkpt>
      <trkpt lat="48.86138" lon="-113.70823">
        <ele>1995.28</ele>
      </trkpt>
      <trkpt lat="48.86107" lon="-113.70797">
        <ele>1998.77</ele>
      </trkpt>
      <trkpt lat="48.86078" lon="-113.70768">
        <ele>2007.16</ele>
      </trkpt>
      <trkpt lat="48.8602" lon="-113.70732">
        <ele>2015.94</ele>
      </trkpt>
      <trkpt lat="48.85987" lon="-113.70712">
        <ele>2018.97</ele>
      </trkpt>
      <trkpt lat="48.85968" lon="-113.70696">
        <ele>2022.87</ele>
      </trkpt>
      <trkpt lat="48.85954" lon="-113.70682">
        <ele>2027.76</ele>
      </trkpt>
      <trkpt lat="48.85943" lon="-113.70678">
        <ele>2028.57</ele>
      </trkpt>
      <trkpt lat="48.85928" lon="-113.70667">
        <ele>2032.02</ele>
      </trkpt>
      <trkpt lat="48.85907" lon="-113.70658">
        <ele>2033.64</ele>
      </trkpt>
      <trkpt lat="48.85893" lon="-113.70649">
        <ele>2038.5</ele>
      </trkpt>
      <trkpt lat="48.85879" lon="-113.70644">
        <ele>2042.38</ele>
      </trkpt>
      <trkpt lat="48.85871" lon="-113.70644">
        <ele>2044.1</ele>
      </trkpt>
      <trkpt lat="48.85863" lon="-113.70647">
        <ele>2044.21</ele>
      </trkpt>
      <trkpt lat="48.8585" lon="-113.70642">
        <ele>2048.52</ele>
      </trkpt>
      <trkpt lat="48.85833" lon="-113.70631">
        <ele>2054.22</ele>
      </trkpt>
      <trkpt lat="48.85794" lon="-113.70605">
        <ele>2062.55</ele>
      </trkpt>
      <trkpt lat="48.8576" lon="-113.70585">
        <ele>2071.1</ele>
      </trkpt>
      <trkpt lat="48.85737" lon="-113.7057">
        <ele>2076.95</ele>
      </trkpt>
      <trkpt lat="48.8572" lon="-113.70553">
        <ele>2079.38</ele>
      </trkpt>
      <trkpt lat="48.85707" lon="-113.70544">
        <ele>2081.08</ele>
      </trkpt>
      <trkpt lat="48.85681" lon="-113.7053">
        <ele>2083.79</ele>
      </trkpt>
      <trkpt lat="48.8567" lon="-113.70517">
        <ele>2084.99</ele>
      </trkpt>
      <trkpt lat="48.85657" lon="-113.705">
        <ele>2084.87</ele>
      </trkpt>
      <trkpt lat="48.85644" lon="-113.70485">
        <ele>2089.93</ele>
      </trkpt>
      <trkpt lat="48.85631" lon="-113.70471">
        <ele>2097.53</ele>
      </trkpt>
      <trkpt lat="48.85615" lon="-113.70461">
        <ele>2100.6</ele>
      </trkpt>
      <trkpt lat="48.85592" lon="-113.70443">
        <ele>2098.21</ele>
      </trkpt>
      <trkpt lat="48.8556" lon="-113.7041">
        <ele>2097.8</ele>
      </trkpt>
      <trkpt lat="48.85523" lon="-113.70375">
        <ele>2107.48</ele>
      </trkpt>
      <trkpt lat="48.85497" lon="-113.70341">
        <ele>2119.72</ele>
      </trkpt>
      <trkpt lat="48.85476" lon="-113.70316">
        <ele>2120.84</ele>
      </trkpt>
      <trkpt lat="48.85463" lon="-113.70299">
        <ele>2128.54</ele>
      </trkpt>
      <trkpt lat="48.85452" lon="-113.70287">
        <ele>2132.46</ele>
      </trkpt>
      <trkpt lat="48.8544" lon="-113.70274">
        <ele>2134.0</ele>
      </trkpt>
      <trkpt lat="48.85427" lon="-113.70262">
        <ele>2133.9</ele>
      </trkpt>
      <trkpt lat="48.85398" lon="-113.70242">
        <ele>2143.18</ele>
      </trkpt>
      <trkpt lat="48.85385" lon="-113.70236">
        <ele>2146.14</ele>
      </trkpt>
      <trkpt lat="48.85372" lon="-113.70226">
        <ele>2148.82</ele>
      </trkpt>
      <trkpt lat="48.85358" lon="-113.70222">
        <ele>2145.42</ele>
      </trkpt>
      <trkpt lat="48.85343" lon="-113.70216">
        <ele>2142.49</ele>
      </trkpt>
      <trkpt lat="48.85318" lon="-113.70209">
        <ele>2150.74</ele>
      </trkpt>
      <trkpt lat="48.85295" lon="-113.70207">
        <ele>2154.65</ele>
      </trkpt>
      <trkpt lat="48.85284" lon="-113.70208">
        <ele>2154.42</ele>
      </trkpt>
      <trkpt lat="48.85274" lon="-113.70213">
        <ele>2149.16</ele>
      </trkpt>
      <trkpt lat="48.85244" lon="-113.70233">
        <ele>2149.58</ele>
      </trkpt>
      <trkpt lat="48.85216" lon="-113.70255">
        <ele>2140.32</ele>
      </trkpt>
      <trkpt lat="48.85194" lon="-113.70264">
        <ele>2140.19</ele>
      </trkpt>
      <trkpt lat="48.8519" lon="-113.70269">
        <ele>2140.22</ele>
      </trkpt>
      <trkpt lat="48.85181" lon="-113.70287">
        <ele>2139.18</ele>
      </trkpt>
      <trkpt lat="48.85174" lon="-113.70293">
        <ele>2141.67</ele>
      </trkpt>
      <trkpt lat="48.85167" lon="-113.70285">
        <ele>2149.88</ele>
      </trkpt>
      <trkpt lat="48.85145" lon="-113.70277">
        <ele>2169.4</ele>
      </trkpt>
      <trkpt lat="48.85133" lon="-113.70279">
        <ele>2174.44</ele>
      </trkpt>
      <trkpt lat="48.85126" lon="-113.70284">
        <ele>2176.5</ele>
      </trkpt>
      <trkpt lat="48.85119" lon="-113.70296">
        <ele>2178.06</ele>
      </trkpt>
      <trkpt lat="48.85111" lon="-113.70298">
        <ele>2188.0</ele>
      </trkpt>
      <trkpt lat="48.85108" lon="-113.70302">
        <ele>2188.12</ele>
      </trkpt>
      <trkpt lat="48.85099" lon="-113.7032">
        <ele>2184.7</ele>
      </trkpt>
      <trkpt lat="48.85093" lon="-113.70326">
        <ele>2187.77</ele>
      </trkpt>
      <trkpt lat="48.85077" lon="-113.70357">
        <ele>2199.44</ele>
      </trkpt>
      <trkpt lat="48.8507" lon="-113.70369">
        <ele>2199.22</ele>
      </trkpt>
      <trkpt lat="48.85056" lon="-113.70373">
        <ele>2212.06</ele>
      </trkpt>
      <trkpt lat="48.85053" lon="-113.70375">
        <ele>2215.09</ele>
      </trkpt>
      <trkpt lat="48.85039" lon="-113.70443">
        <ele>2210.74</ele>
      </trkpt>
      <trkpt lat="48.85038" lon="-113.70469">
        <ele>2204.21</ele>
      </trkpt>
      <trkpt lat="48.85021" lon="-113.70545">
        <ele>2217.32</ele>
      </trkpt>
      <trkpt lat="48.85018" lon="-113.70581">
        <ele>2216.07</ele>
      </trkpt>
      <trkpt lat="48.85008" lon="-113.70625">
        <ele>2232.99</ele>
      </trkpt>
      <trkpt lat="48.85002" lon="-113.70644">
        <ele>2243.14</ele>
      </trkpt>
      <trkpt lat="48.85003" lon="-113.7066">
        <ele>2237.5</ele>
      </trkpt>
      <trkpt lat="48.85009" lon="-113.70674">
        <ele>2220.1</ele>
      </trkpt>
      <trkpt lat="48.8501" lon="-113.70686">
        <ele>2213.68</ele>
      </trkpt>
      <trkpt lat="48.85009" lon="-113.707">
        <ele>2212.31</ele>
      </trkpt>
      <trkpt lat="48.85006" lon="-113.70708">
        <ele>2222.48</ele>
      </trkpt>
      <trkpt lat="48.85007" lon="-113.70728">
        <ele>2220.86</ele>
      </trkpt>
      <trkpt lat="48.84964" lon="-113.70772">
        <ele>2212.95</ele>
      </trkpt>
      <trkpt lat="48.84966" lon="-113.70783">
        <ele>2209.37</ele>
      </trkpt>
      <trkpt lat="48.84973" lon="-113.70804">
        <ele>2206.34</ele>
      </trkpt>
      <trkpt lat="48.84991" lon="-113.70862">
        <ele>2203.99</ele>
      </trkpt>
      <trkpt lat="48.84996" lon="-113.70929">
        <ele>2193.16</ele>
      </trkpt>
      <trkpt lat="48.84999" lon="-113.70961">
        <ele>2190.45</ele>
      </trkpt>
      <trkpt lat="48.85" lon="-113.70987">
        <ele>2188.4</ele>
      </trkpt>
      <trkpt lat="48.84999" lon="-113.71009">
        <ele>2186.05</ele>
      </trkpt>
      <trkpt lat="48.84995" lon="-113.71027">
        <ele>2182.56</ele>
      </trkpt>
      <trkpt lat="48.84991" lon="-113.71045">
        <ele>2180.95</ele>
      </trkpt>
      <trkpt lat="48.84988" lon="-113.71062">
        <ele>2181.02</ele>
      </trkpt>
      <trkpt lat="48.84982" lon="-113.71072">
        <ele>2178.0</ele>
      </trkpt>
      <trkpt lat="48.84977" lon="-113.71087">
        <ele>2177.6</ele>
      </trkpt>
      <trkpt lat="48.84974" lon="-113.71091">
        <ele>2176.67</ele>
      </trkpt>
      <trkpt lat="48.84973" lon="-113.71088">
        <ele>2175.06</ele>
      </trkpt>
      <trkpt lat="48.84973" lon="-113.71066">
        <ele>2169.84</ele>
      </trkpt>
      <trkpt lat="48.84978" lon="-113.71055">
        <ele>2171.25</ele>
      </trkpt>
      <trkpt lat="48.84975" lon="-113.71047">
        <ele>2167.25</ele>
      </trkpt>
      <trkpt lat="48.84972" lon="-113.71012">
        <ele>2160.81</ele>
      </trkpt>
      <trkpt lat="48.8497" lon="-113.71002">
        <ele>2159.08</ele>
      </trkpt>
      <trkpt lat="48.84951" lon="-113.70939">
        <ele>2153.13</ele>
      </trkpt>
      <trkpt lat="48.8494" lon="-113.70905">
        <ele>2152.02</ele>
      </trkpt>
      <trkpt lat="48.84904" lon="-113.70849">
        <ele>2142.78</ele>
      </trkpt>
      <trkpt lat="48.84861" lon="-113.708">
        <ele>2134.75</ele>
      </trkpt>
      <trkpt lat="48.84829" lon="-113.70774">
        <ele>2126.69</ele>
      </trkpt>
      <trkpt lat="48.84829" lon="-113.7078">
        <ele>2124.94</ele>
      </trkpt>
      <trkpt lat="48.84848" lon="-113.70832">
        <ele>2120.21</ele>
      </trkpt>
      <trkpt lat="48.84864" lon="-113.70886">
        <ele>2116.71</ele>
      </trkpt>
      <trkpt lat="48.8487" lon="-113.7098">
        <ele>2093.0</ele>
      </trkpt>
      <trkpt lat="48.84864" lon="-113.7101">
        <ele>2089.33</ele>
      </trkpt>
      <trkpt lat="48.84844" lon="-113.71047">
        <ele>2084.68</ele>
      </trkpt>
      <trkpt lat="48.84822" lon="-113.71087">
        <ele>2080.19</ele>
      </trkpt>
      <trkpt lat="48.84802" lon="-113.71131">
        <ele>2074.91</ele>
      </trkpt>
      <trkpt lat="48.84786" lon="-113.71153">
        <ele>2076.65</ele>
      </trkpt>
      <trkpt lat="48.84767" lon="-113.71173">
        <ele>2077.76</ele>
      </trkpt>
      <trkpt lat="48.84747" lon="-113.71187">
        <ele>2075.36</ele>
      </trkpt>
      <trkpt lat="48.84736" lon="-113.71196">
        <ele>2074.19</ele>
      </trkpt>
      <trkpt lat="48.8472" lon="-113.712">
        <ele>2068.2</ele>
      </trkpt>
      <trkpt lat="48.84699" lon="-113.71212">
        <ele>2062.04</ele>
      </trkpt>
      <trkpt lat="48.84684" lon="-113.7123">
        <ele>2060.61</ele>
      </trkpt>
      <trkpt lat="48.8466" lon="-113.71241">
        <ele>2051.48</ele>
      </trkpt>
      <trkpt lat="48.84649" lon="-113.71255">
        <ele>2051.9</ele>
      </trkpt>
      <trkpt lat="48.84625" lon="-113.71262">
        <ele>2052.89</ele>
      </trkpt>
      <trkpt lat="48.84596" lon="-113.71267">
        <ele>2052.88</ele>
      </trkpt>
      <trkpt lat="48.84569" lon="-113.71264">
        <ele>2049.99</ele>
      </trkpt>
      <trkpt lat="48.84552" lon="-113.71265">
        <ele>2047.47</ele>
      </trkpt>
      <trkpt lat="48.84543" lon="-113.7127">
        <ele>2046.66</ele>
      </trkpt>
      <trkpt lat="48.84535" lon="-113.71276">
        <ele>2047.42</ele>
      </trkpt>
      <trkpt lat="48.84518" lon="-113.71283">
        <ele>2049.69</ele>
      </trkpt>
      <trkpt lat="48.84499" lon="-113.71284">
        <ele>2049.69</ele>
      </trkpt>
      <trkpt lat="48.8449" lon="-113.71277">
        <ele>2046.74</ele>
      </trkpt>
      <trkpt lat="48.8448" lon="-113.71278">
        <ele>2046.92</ele>
      </trkpt>
      <trkpt lat="48.84451" lon="-113.71266">
        <ele>2041.18</ele>
      </trkpt>
      <trkpt lat="48.84426" lon="-113.7126">
        <ele>2037.25</ele>
      </trkpt>
      <trkpt lat="48.84407" lon="-113.71261">
        <ele>2035.71</ele>
      </trkpt>
      <trkpt lat="48.84379" lon="-113.71256">
        <ele>2030.94</ele>
      </trkpt>
      <trkpt lat="48.84352" lon="-113.71244">
        <ele>2026.07</ele>
      </trkpt>
      <trkpt lat="48.84336" lon="-113.71241">
        <ele>2026.06</ele>
      </trkpt>
      <trkpt lat="48.84328" lon="-113.71235">
        <ele>2024.76</ele>
      </trkpt>
      <trkpt lat="48.8432" lon="-113.71225">
        <ele>2023.74</ele>
      </trkpt>
      <trkpt lat="48.84302" lon="-113.71203">
        <ele>2021.97</ele>
      </trkpt>
      <trkpt lat="48.84297" lon="-113.71193">
        <ele>2021.06</ele>
      </trkpt>
      <trkpt lat="48.84277" lon="-113.71183">
        <ele>2018.0</ele>
      </trkpt>
      <trkpt lat="48.84268" lon="-113.71182">
        <ele>2017.98</ele>
      </trkpt>
      <trkpt lat="48.84257" lon="-113.71187">
        <ele>2017.95</ele>
      </trkpt>
      <trkpt lat="48.84242" lon="-113.71184">
        <ele>2016.01</ele>
      </trkpt>
      <trkpt lat="48.84233" lon="-113.71185">
        <ele>2014.31</ele>
      </trkpt>
      <trkpt lat="48.84211" lon="-113.71193">
        <ele>2010.17</ele>
      </trkpt>
      <trkpt lat="48.84198" lon="-113.71184">
        <ele>2004.64</ele>
      </trkpt>
      <trkpt lat="48.84189" lon="-113.7118">
        <ele>2002.26</ele>
      </trkpt>
      <trkpt lat="48.84184" lon="-113.71183">
        <ele>2001.54</ele>
      </trkpt>
      <trkpt lat="48.84173" lon="-113.71198">
        <ele>2000.82</ele>
      </trkpt>
      <trkpt lat="48.84161" lon="-113.71221">
        <ele>2000.68</ele>
      </trkpt>
      <trkpt lat="48.84156" lon="-113.71233">
        <ele>2001.12</ele>
      </trkpt>
      <trkpt lat="48.84154" lon="-113.71254">
        <ele>2003.38</ele>
      </trkpt>
      <trkpt lat="48.84146" lon="-113.71277">
        <ele>2002.21</ele>
      </trkpt>
      <trkpt lat="48.84141" lon="-113.71297">
        <ele>2001.67</ele>
      </trkpt>
      <trkpt lat="48.8414" lon="-113.7131">
        <ele>2002.32</ele>
      </trkpt>
      <trkpt lat="48.8413" lon="-113.71333">
        <ele>1997.2</ele>
      </trkpt>
      <trkpt lat="48.84123" lon="-113.71341">
        <ele>1996.51</ele>
      </trkpt>
      <trkpt lat="48.84114" lon="-113.71344">
        <ele>1994.93</ele>
      </trkpt>
      <trkpt lat="48.84104" lon="-113.71345">
        <ele>1993.18</ele>
      </trkpt>
      <trkpt lat="48.84076" lon="-113.71341">
        <ele>1984.9</ele>
      </trkpt>
      <trkpt lat="48.84061" lon="-113.71341">
        <ele>1980.42</ele>
      </trkpt>
      <trkpt lat="48.84047" lon="-113.71346">
        <ele>1978.26</ele>
      </trkpt>
      <trkpt lat="48.84032" lon="-113.71359">
        <ele>1980.77</ele>
      </trkpt>
      <trkpt lat="48.83975" lon="-113.71376">
        <ele>1970.63</ele>
      </trkpt>
      <trkpt lat="48.83966" lon="-113.71381">
        <ele>1968.08</ele>
      </trkpt>
      <trkpt lat="48.83948" lon="-113.71394">
        <ele>1964.47</ele>
      </trkpt>
      <trkpt lat="48.83942" lon="-113.71407">
        <ele>1966.09</ele>
      </trkpt>
      <trkpt lat="48.83925" lon="-113.71414">
        <ele>1963.22</ele>
      </trkpt>
      <trkpt lat="48.83892" lon="-113.71448">
        <ele>1963.88</ele>
      </trkpt>
      <trkpt lat="48.83862" lon="-113.71473">
        <ele>1956.83</ele>
      </trkpt>
      <trkpt lat="48.83846" lon="-113.71492">
        <ele>1954.43</ele>
      </trkpt>
      <trkpt lat="48.83823" lon="-113.71506">
        <ele>1948.6</ele>
      </trkpt>
      <trkpt lat="48.83793" lon="-113.71516">
        <ele>1943.94</ele>
      </trkpt>
      <trkpt lat="48.83779" lon="-113.71526">
        <ele>1942.82</ele>
      </trkpt>
      <trkpt lat="48.83765" lon="-113.7153">
        <ele>1939.34</ele>
      </trkpt>
      <trkpt lat="48.83746" lon="-113.71546">
        <ele>1937.1</ele>
      </trkpt>
      <trkpt lat="48.83729" lon="-113.71567">
        <ele>1935.16</ele>
      </trkpt>
      <trkpt lat="48.83714" lon="-113.7157">
        <ele>1929.01</ele>
      </trkpt>
      <trkpt lat="48.83679" lon="-113.71566">
        <ele>1923.46</ele>
      </trkpt>
      <trkpt lat="48.83665" lon="-113.71569">
        <ele>1922.27</ele>
      </trkpt>
      <trkpt lat="48.83642" lon="-113.71559">
        <ele>1918.71</ele>
      </trkpt>
      <trkpt lat="48.83639" lon="-113.71555">
        <ele>1917.95</ele>
      </trkpt>
      <trkpt lat="48.83633" lon="-113.71544">
        <ele>1915.48</ele>
      </trkpt>
      <trkpt lat="48.83626" lon="-113.71535">
        <ele>1913.39</ele>
      </trkpt>
      <trkpt lat="48.83608" lon="-113.71525">
        <ele>1909.56</ele>
      </trkpt>
      <trkpt lat="48.83571" lon="-113.71525">
        <ele>1905.37</ele>
      </trkpt>
      <trkpt lat="48.83547" lon="-113.71553">
        <ele>1903.88</ele>
      </trkpt>
      <trkpt lat="48.83512" lon="-113.7161">
        <ele>1898.3</ele>
      </trkpt>
      <trkpt lat="48.83497" lon="-113.71626">
        <ele>1897.28</ele>
      </trkpt>
      <trkpt lat="48.83464" lon="-113.71642">
        <ele>1897.37</ele>
      </trkpt>
      <trkpt lat="48.83439" lon="-113.71659">
        <ele>1896.58</ele>
      </trkpt>
      <trkpt lat="48.83421" lon="-113.71678">
        <ele>1896.69</ele>
      </trkpt>
      <trkpt lat="48.83408" lon="-113.71688">
        <ele>1896.37</ele>
      </trkpt>
      <trkpt lat="48.83376" lon="-113.71703">
        <ele>1895.53</ele>
      </trkpt>
      <trkpt lat="48.8337" lon="-113.71713">
        <ele>1895.97</ele>
      </trkpt>
      <trkpt lat="48.83368" lon="-113.71719">
        <ele>1897.05</ele>
      </trkpt>
      <trkpt lat="48.83356" lon="-113.71711">
        <ele>1894.67</ele>
      </trkpt>
      <trkpt lat="48.83353" lon="-113.71706">
        <ele>1893.59</ele>
      </trkpt>
      <trkpt lat="48.83345" lon="-113.71703">
        <ele>1892.18</ele>
      </trkpt>
      <trkpt lat="48.83339" lon="-113.71705">
        <ele>1892.28</ele>
      </trkpt>
      <trkpt lat="48.83326" lon="-113.71731">
        <ele>1896.15</ele>
      </trkpt>
      <trkpt lat="48.83313" lon="-113.71733">
        <ele>1896.13</ele>
      </trkpt>
      <trkpt lat="48.833" lon="-113.7173">
        <ele>1894.08</ele>
      </trkpt>
      <trkpt lat="48.83292" lon="-113.71725">
        <ele>1892.14</ele>
      </trkpt>
      <trkpt lat="48.83259" lon="-113.71711">
        <ele>1886.76</ele>
      </trkpt>
      <trkpt lat="48.83239" lon="-113.7171">
        <ele>1884.17</ele>
      </trkpt>
      <trkpt lat="48.83178" lon="-113.71696">
        <ele>1882.3</ele>
      </trkpt>
      <trkpt lat="48.83154" lon="-113.71701">
        <ele>1883.71</ele>
      </trkpt>
      <trkpt lat="48.83118" lon="-113.7173">
        <ele>1887.84</ele>
      </trkpt>
      <trkpt lat="48.8308" lon="-113.71751">
        <ele>1889.11</ele>
      </trkpt>
      <trkpt lat="48.83052" lon="-113.71772">
        <ele>1890.61</ele>
      </trkpt>
      <trkpt lat="48.83031" lon="-113.71778">
        <ele>1890.39</ele>
      </trkpt>
      <trkpt lat="48.82991" lon="-113.71807">
        <ele>1892.19</ele>
      </trkpt>
      <trkpt lat="48.82978" lon="-113.71814">
        <ele>1891.54</ele>
      </trkpt>
      <trkpt lat="48.82962" lon="-113.71828">
        <ele>1891.32</ele>
      </trkpt>
      <trkpt lat="48.82959" lon="-113.71832">
        <ele>1891.43</ele>
      </trkpt>
      <trkpt lat="48.82948" lon="-113.71839">
        <ele>1891.23</ele>
      </trkpt>
      <trkpt lat="48.82905" lon="-113.71833">
        <ele>1884.7</ele>
      </trkpt>
      <trkpt lat="48.82891" lon="-113.71829">
        <ele>1882.76</ele>
      </trkpt>
      <trkpt lat="48.82831" lon="-113.71796">
        <ele>1870.71</ele>
      </trkpt>
      <trkpt lat="48.82778" lon="-113.71775">
        <ele>1860.72</ele>
      </trkpt>
      <trkpt lat="48.82742" lon="-113.71755">
        <ele>1856.68</ele>
      </trkpt>
      <trkpt lat="48.82729" lon="-113.7174">
        <ele>1854.57</ele>
      </trkpt>
      <trkpt lat="48.82708" lon="-113.7172">
        <ele>1846.98</ele>
      </trkpt>
      <trkpt lat="48.82697" lon="-113.71713">
        <ele>1843.56</ele>
      </trkpt>
      <trkpt lat="48.82689" lon="-113.71709">
        <ele>1840.54</ele>
      </trkpt>
      <trkpt lat="48.8266" lon="-113.71685">
        <ele>1830.25</ele>
      </trkpt>
      <trkpt lat="48.82651" lon="-113.7168">
        <ele>1829.05</ele>
      </trkpt>
      <trkpt lat="48.82624" lon="-113.7165">
        <ele>1822.28</ele>
      </trkpt>
      <trkpt lat="48.82619" lon="-113.71648">
        <ele>1821.82</ele>
      </trkpt>
      <trkpt lat="48.82599" lon="-113.71628">
        <ele>1817.52</ele>
      </trkpt>
      <trkpt lat="48.82586" lon="-113.71621">
        <ele>1815.36</ele>
      </trkpt>
      <trkpt lat="48.82564" lon="-113.71598">
        <ele>1812.67</ele>
      </trkpt>
      <trkpt lat="48.82542" lon="-113.71584">
        <ele>1812.08</ele>
      </trkpt>
      <trkpt lat="48.82532" lon="-113.71573">
        <ele>1811.38</ele>
      </trkpt>
      <trkpt lat="48.82486" lon="-113.71542">
        <ele>1807.29</ele>
      </trkpt>
      <trkpt lat="48.82479" lon="-113.71533">
        <ele>1804.71</ele>
      </trkpt>
      <trkpt lat="48.82457" lon="-113.71514">
        <ele>1795.23</ele>
      </trkpt>
      <trkpt lat="48.82439" lon="-113.71493">
        <ele>1788.66</ele>
      </trkpt>
      <trkpt lat="48.8241" lon="-113.71468">
        <ele>1786.87</ele>
      </trkpt>
      <trkpt lat="48.82396" lon="-113.71452">
        <ele>1785.63</ele>
      </trkpt>
      <trkpt lat="48.82374" lon="-113.71415">
        <ele>1783.93</ele>
      </trkpt>
      <trkpt lat="48.82357" lon="-113.71391">
        <ele>1783.23</ele>
      </trkpt>
      <trkpt lat="48.82349" lon="-113.71385">
        <ele>1782.71</ele>
      </trkpt>
      <trkpt lat="48.82333" lon="-113.71362">
        <ele>1780.02</ele>
      </trkpt>
      <trkpt lat="48.82325" lon="-113.71355">
        <ele>1776.81</ele>
      </trkpt>
      <trkpt lat="48.82316" lon="-113.71339">
        <ele>1768.17</ele>
      </trkpt>
      <trkpt lat="48.82299" lon="-113.71325">
        <ele>1762.42</ele>
      </trkpt>
      <trkpt lat="48.82289" lon="-113.71313">
        <ele>1760.96</ele>
      </trkpt>
      <trkpt lat="48.82275" lon="-113.71295">
        <ele>1761.0</ele>
      </trkpt>
      <trkpt lat="48.82268" lon="-113.71279">
        <ele>1761.82</ele>
      </trkpt>
      <trkpt lat="48.8226" lon="-113.7127">
        <ele>1761.01</ele>
      </trkpt>
      <trkpt lat="48.82247" lon="-113.71265">
        <ele>1760.5</ele>
      </trkpt>
      <trkpt lat="48.82238" lon="-113.71265">
        <ele>1760.06</ele>
      </trkpt>
      <trkpt lat="48.82234" lon="-113.71267">
        <ele>1760.06</ele>
      </trkpt>
      <trkpt lat="48.82231" lon="-113.71271">
        <ele>1760.25</ele>
      </trkpt>
      <trkpt lat="48.82231" lon="-113.71283">
        <ele>1760.95</ele>
      </trkpt>
      <trkpt lat="48.82235" lon="-113.71301">
        <ele>1760.49</ele>
      </trkpt>
      <trkpt lat="48.82232" lon="-113.71313">
        <ele>1759.24</ele>
      </trkpt>
      <trkpt lat="48.82222" lon="-113.71298">
        <ele>1759.77</ele>
      </trkpt>
      <trkpt lat="48.82181" lon="-113.71263">
        <ele>1750.74</ele>
      </trkpt>
      <trkpt lat="48.82171" lon="-113.71243">
        <ele>1743.45</ele>
      </trkpt>
      <trkpt lat="48.82163" lon="-113.71202">
        <ele>1736.42</ele>
      </trkpt>
      <trkpt lat="48.82163" lon="-113.71179">
        <ele>1733.94</ele>
      </trkpt>
      <trkpt lat="48.82166" lon="-113.71176">
        <ele>1733.94</ele>
      </trkpt>
      <trkpt lat="48.82176" lon="-113.71174">
        <ele>1736.23</ele>
      </trkpt>
      <trkpt lat="48.8218" lon="-113.71174">
        <ele>1737.18</ele>
      </trkpt>
      <trkpt lat="48.82187" lon="-113.71178">
        <ele>1738.17</ele>
      </trkpt>
      <trkpt lat="48.82192" lon="-113.71171">
        <ele>1740.54</ele>
      </trkpt>
      <trkpt lat="48.82186" lon="-113.71155">
        <ele>1743.02</ele>
      </trkpt>
      <trkpt lat="48.82176" lon="-113.71146">
        <ele>1742.49</ele>
      </trkpt>
      <trkpt lat="48.82144" lon="-113.71126">
        <ele>1738.27</ele>
      </trkpt>
      <trkpt lat="48.82138" lon="-113.71131">
        <ele>1737.91</ele>
      </trkpt>
      <trkpt lat="48.82125" lon="-113.71144">
        <ele>1739.4</ele>
      </trkpt>
      <trkpt lat="48.82115" lon="-113.71161">
        <ele>1739.19</ele>
      </trkpt>
      <trkpt lat="48.82115" lon="-113.71179">
        <ele>1737.44</ele>
      </trkpt>
      <trkpt lat="48.82116" lon="-113.71198">
        <ele>1735.15</ele>
      </trkpt>
      <trkpt lat="48.82113" lon="-113.71209">
        <ele>1733.23</ele>
      </trkpt>
      <trkpt lat="48.82106" lon="-113.71216">
        <ele>1732.97</ele>
      </trkpt>
      <trkpt lat="48.82093" lon="-113.71216">
        <ele>1734.33</ele>
      </trkpt>
      <trkpt lat="48.82077" lon="-113.71199">
        <ele>1735.67</ele>
      </trkpt>
      <trkpt lat="48.82038" lon="-113.7114">
        <ele>1736.21</ele>
      </trkpt>
      <trkpt lat="48.82027" lon="-113.71128">
        <ele>1734.01</ele>
      </trkpt>
      <trkpt lat="48.82018" lon="-113.71111">
        <ele>1732.78</ele>
      </trkpt>
      <trkpt lat="48.82012" lon="-113.71093">
        <ele>1729.51</ele>
      </trkpt>
      <trkpt lat="48.8201" lon="-113.7108">
        <ele>1728.96</ele>
      </trkpt>
      <trkpt lat="48.82011" lon="-113.71053">
        <ele>1727.51</ele>
      </trkpt>
      <trkpt lat="48.82015" lon="-113.71038">
        <ele>1728.92</ele>
      </trkpt>
      <trkpt lat="48.82016" lon="-113.71025">
        <ele>1730.87</ele>
      </trkpt>
      <trkpt lat="48.82013" lon="-113.71021">
        <ele>1732.06</ele>
      </trkpt>
      <trkpt lat="48.82007" lon="-113.7102">
        <ele>1732.68</ele>
      </trkpt>
      <trkpt lat="48.81995" lon="-113.71032">
        <ele>1730.63</ele>
      </trkpt>
      <trkpt lat="48.81984" lon="-113.71034">
        <ele>1731.38</ele>
      </trkpt>
      <trkpt lat="48.81969" lon="-113.71034">
        <ele>1732.54</ele>
      </trkpt>
      <trkpt lat="48.81963" lon="-113.71023">
        <ele>1733.52</ele>
      </trkpt>
      <trkpt lat="48.81942" lon="-113.71004">
        <ele>1733.04</ele>
      </trkpt>
      <trkpt lat="48.81924" lon="-113.7099">
        <ele>1728.23</ele>
      </trkpt>
      <trkpt lat="48.81922" lon="-113.70974">
        <ele>1727.41</ele>
      </trkpt>
      <trkpt lat="48.81926" lon="-113.7095">
        <ele>1729.02</ele>
      </trkpt>
      <trkpt lat="48.81928" lon="-113.70929">
        <ele>1728.0</ele>
      </trkpt>
      <trkpt lat="48.81942" lon="-113.70914">
        <ele>1731.07</ele>
      </trkpt>
      <trkpt lat="48.81941" lon="-113.70906">
        <ele>1730.84</ele>
      </trkpt>
      <trkpt lat="48.8193" lon="-113.7091">
        <ele>1729.16</ele>
      </trkpt>
      <trkpt lat="48.81924" lon="-113.70908">
        <ele>1728.52</ele>
      </trkpt>
      <trkpt lat="48.81917" lon="-113.70905">
        <ele>1727.59</ele>
      </trkpt>
      <trkpt lat="48.81909" lon="-113.70895">
        <ele>1728.79</ele>
      </trkpt>
      <trkpt lat="48.81904" lon="-113.70894">
        <ele>1729.26</ele>
      </trkpt>
      <trkpt lat="48.81893" lon="-113.70901">
        <ele>1728.77</ele>
      </trkpt>
      <trkpt lat="48.8188" lon="-113.70906">
        <ele>1726.5</ele>
      </trkpt>
      <trkpt lat="48.81868" lon="-113.70909">
        <ele>1724.06</ele>
      </trkpt>
      <trkpt lat="48.81857" lon="-113.70907">
        <ele>1723.24</ele>
      </trkpt>
      <trkpt lat="48.81846" lon="-113.70899">
        <ele>1723.52</ele>
      </trkpt>
      <trkpt lat="48.81814" lon="-113.70853">
        <ele>1724.61</ele>
      </trkpt>
      <trkpt lat="48.81792" lon="-113.70825">
        <ele>1718.19</ele>
      </trkpt>
      <trkpt lat="48.81782" lon="-113.70819">
        <ele>1713.82</ele>
      </trkpt>
      <trkpt lat="48.8178" lon="-113.70815">
        <ele>1712.74</ele>
      </trkpt>
      <trkpt lat="48.8178" lon="-113.70807">
        <ele>1711.88</ele>
      </trkpt>
      <trkpt lat="48.81786" lon="-113.70789">
        <ele>1712.66</ele>
      </trkpt>
      <trkpt lat="48.81793" lon="-113.70777">
        <ele>1715.52</ele>
      </trkpt>
      <trkpt lat="48.81803" lon="-113.70754">
        <ele>1718.8</ele>
      </trkpt>
      <trkpt lat="48.81799" lon="-113.7075">
        <ele>1718.29</ele>
      </trkpt>
      <trkpt lat="48.81793" lon="-113.70749">
        <ele>1717.97</ele>
      </trkpt>
      <trkpt lat="48.81763" lon="-113.70753">
        <ele>1714.35</ele>
      </trkpt>
      <trkpt lat="48.81753" lon="-113.70755">
        <ele>1713.24</ele>
      </trkpt>
      <trkpt lat="48.81739" lon="-113.70751">
        <ele>1712.87</ele>
      </trkpt>
      <trkpt lat="48.81731" lon="-113.70741">
        <ele>1713.92</ele>
      </trkpt>
      <trkpt lat="48.81729" lon="-113.70735">
        <ele>1714.35</ele>
      </trkpt>
      <trkpt lat="48.8172" lon="-113.70733">
        <ele>1713.6</ele>
      </trkpt>
      <trkpt lat="48.8171" lon="-113.70732">
        <ele>1712.62</ele>
      </trkpt>
      <trkpt lat="48.81704" lon="-113.70724">
        <ele>1712.03</ele>
      </trkpt>
      <trkpt lat="48.81698" lon="-113.70711">
        <ele>1710.85</ele>
      </trkpt>
      <trkpt lat="48.81696" lon="-113.707">
        <ele>1710.9</ele>
      </trkpt>
      <trkpt lat="48.81703" lon="-113.70691">
        <ele>1714.17</ele>
      </trkpt>
      <trkpt lat="48.81704" lon="-113.70686">
        <ele>1715.01</ele>
      </trkpt>
      <trkpt lat="48.81702" lon="-113.70681">
        <ele>1715.17</ele>
      </trkpt>
      <trkpt lat="48.81693" lon="-113.70682">
        <ele>1713.38</ele>
      </trkpt>
      <trkpt lat="48.81683" lon="-113.70679">
        <ele>1711.94</ele>
      </trkpt>
      <trkpt lat="48.81677" lon="-113.70672">
        <ele>1711.66</ele>
      </trkpt>
      <trkpt lat="48.81671" lon="-113.70669">
        <ele>1711.22</ele>
      </trkpt>
      <trkpt lat="48.81658" lon="-113.70653">
        <ele>1709.6</ele>
      </trkpt>
      <trkpt lat="48.81648" lon="-113.70634">
        <ele>1710.53</ele>
      </trkpt>
      <trkpt lat="48.81647" lon="-113.70622">
        <ele>1711.82</ele>
      </trkpt>
      <trkpt lat="48.81642" lon="-113.7062">
        <ele>1712.04</ele>
      </trkpt>
      <trkpt lat="48.81633" lon="-113.70618">
        <ele>1711.62</ele>
      </trkpt>
      <trkpt lat="48.8162" lon="-113.70609">
        <ele>1711.15</ele>
      </trkpt>
      <trkpt lat="48.81606" lon="-113.7059">
        <ele>1710.18</ele>
      </trkpt>
      <trkpt lat="48.81603" lon="-113.70579">
        <ele>1711.18</ele>
      </trkpt>
      <trkpt lat="48.81598" lon="-113.70575">
        <ele>1711.43</ele>
      </trkpt>
      <trkpt lat="48.81593" lon="-113.70578">
        <ele>1710.6</ele>
      </trkpt>
      <trkpt lat="48.81588" lon="-113.70577">
        <ele>1710.68</ele>
      </trkpt>
      <trkpt lat="48.8158" lon="-113.70568">
        <ele>1711.3</ele>
      </trkpt>
      <trkpt lat="48.81573" lon="-113.70552">
        <ele>1712.27</ele>
      </trkpt>
      <trkpt lat="48.81562" lon="-113.70539">
        <ele>1712.42</ele>
      </trkpt>
      <trkpt lat="48.81542" lon="-113.70532">
        <ele>1710.08</ele>
      </trkpt>
      <trkpt lat="48.81524" lon="-113.70519">
        <ele>1709.52</ele>
      </trkpt>
      <trkpt lat="48.815" lon="-113.70514">
        <ele>1706.98</ele>
      </trkpt>
      <trkpt lat="48.8148" lon="-113.70503">
        <ele>1705.52</ele>
      </trkpt>
      <trkpt lat="48.8147" lon="-113.705">
        <ele>1704.76</ele>
      </trkpt>
      <trkpt lat="48.81456" lon="-113.7049">
        <ele>1704.64</ele>
      </trkpt>
      <trkpt lat="48.81446" lon="-113.70491">
        <ele>1702.28</ele>
      </trkpt>
      <trkpt lat="48.81437" lon="-113.70487">
        <ele>1701.2</ele>
      </trkpt>
      <trkpt lat="48.81422" lon="-113.70471">
        <ele>1701.84</ele>
      </trkpt>
      <trkpt lat="48.81396" lon="-113.70446">
        <ele>1702.43</ele>
      </trkpt>
      <trkpt lat="48.81332" lon="-113.70393">
        <ele>1702.82</ele>
      </trkpt>
      <trkpt lat="48.81305" lon="-113.70358">
        <ele>1702.55</ele>
      </trkpt>
      <trkpt lat="48.81296" lon="-113.70356">
        <ele>1701.05</ele>
      </trkpt>
      <trkpt lat="48.81289" lon="-113.70355">
        <ele>1700.01</ele>
      </trkpt>
      <trkpt lat="48.81276" lon="-113.70344">
        <ele>1699.31</ele>
      </trkpt>
      <trkpt lat="48.81261" lon="-113.7034">
        <ele>1696.66</ele>
      </trkpt>
      <trkpt lat="48.81246" lon="-113.7033">
        <ele>1694.7</ele>
      </trkpt>
      <trkpt lat="48.81233" lon="-113.70326">
        <ele>1692.12</ele>
      </trkpt>
      <trkpt lat="48.81211" lon="-113.70305">
        <ele>1689.64</ele>
      </trkpt>
      <trkpt lat="48.81207" lon="-113.70298">
        <ele>1689.53</ele>
      </trkpt>
      <trkpt lat="48.81205" lon="-113.70295">
        <ele>1689.54</ele>
      </trkpt>
      <trkpt lat="48.81185" lon="-113.70274">
        <ele>1690.41</ele>
      </trkpt>
      <trkpt lat="48.81169" lon="-113.70264">
        <ele>1691.49</ele>
      </trkpt>
      <trkpt lat="48.81127" lon="-113.70242">
        <ele>1688.33</ele>
      </trkpt>
      <trkpt lat="48.81118" lon="-113.70237">
        <ele>1687.04</ele>
      </trkpt>
      <trkpt lat="48.81112" lon="-113.70229">
        <ele>1686.46</ele>
      </trkpt>
      <trkpt lat="48.811" lon="-113.70208">
        <ele>1685.6</ele>
      </trkpt>
      <trkpt lat="48.81085" lon="-113.70173">
        <ele>1681.54</ele>
      </trkpt>
      <trkpt lat="48.81087" lon="-113.70139">
        <ele>1682.19</ele>
      </trkpt>
      <trkpt lat="48.81093" lon="-113.70123">
        <ele>1684.13</ele>
      </trkpt>
      <trkpt lat="48.81097" lon="-113.70107">
        <ele>1686.4</ele>
      </trkpt>
      <trkpt lat="48.81095" lon="-113.70095">
        <ele>1686.52</ele>
      </trkpt>
      <trkpt lat="48.81092" lon="-113.70089">
        <ele>1685.87</ele>
      </trkpt>
      <trkpt lat="48.81083" lon="-113.70072">
        <ele>1683.67</ele>
      </trkpt>
      <trkpt lat="48.81079" lon="-113.70054">
        <ele>1680.9</ele>
      </trkpt>
      <trkpt lat="48.81079" lon="-113.70047">
        <ele>1680.14</ele>
      </trkpt>
      <trkpt lat="48.81082" lon="-113.70035">
        <ele>1679.49</ele>
      </trkpt>
      <trkpt lat="48.81088" lon="-113.70023">
        <ele>1679.49</ele>
      </trkpt>
      <trkpt lat="48.81101" lon="-113.7001">
        <ele>1680.9</ele>
      </trkpt>
      <trkpt lat="48.81103" lon="-113.70004">
        <ele>1680.68</ele>
      </trkpt>
      <trkpt lat="48.81104" lon="-113.69991">
        <ele>1680.46</ele>
      </trkpt>
      <trkpt lat="48.81107" lon="-113.69978">
        <ele>1679.95</ele>
      </trkpt>
      <trkpt lat="48.81107" lon="-113.69951">
        <ele>1678.11</ele>
      </trkpt>
      <trkpt lat="48.81106" lon="-113.69943">
        <ele>1677.9</ele>
      </trkpt>
      <trkpt lat="48.81099" lon="-113.69926">
        <ele>1676.38</ele>
      </trkpt>
      <trkpt lat="48.81094" lon="-113.69907">
        <ele>1676.31</ele>
      </trkpt>
      <trkpt lat="48.8109" lon="-113.69895">
        <ele>1675.68</ele>
      </trkpt>
      <trkpt lat="48.81075" lon="-113.69869">
        <ele>1673.21</ele>
      </trkpt>
      <trkpt lat="48.81062" lon="-113.69827">
        <ele>1670.56</ele>
      </trkpt>
      <trkpt lat="48.8106" lon="-113.69815">
        <ele>1669.92</ele>
      </trkpt>
      <trkpt lat="48.81063" lon="-113.69784">
        <ele>1674.15</ele>
      </trkpt>
      <trkpt lat="48.81059" lon="-113.69765">
        <ele>1673.61</ele>
      </trkpt>
      <trkpt lat="48.81043" lon="-113.6972">
        <ele>1671.61</ele>
      </trkpt>
      <trkpt lat="48.81022" lon="-113.69674">
        <ele>1668.17</ele>
      </trkpt>
      <trkpt lat="48.81012" lon="-113.69643">
        <ele>1668.59</ele>
      </trkpt>
      <trkpt lat="48.81002" lon="-113.69631">
        <ele>1665.0</ele>
      </trkpt>
      <trkpt lat="48.80992" lon="-113.69608">
        <ele>1664.82</ele>
      </trkpt>
      <trkpt lat="48.80968" lon="-113.69567">
        <ele>1663.12</ele>
      </trkpt>
      <trkpt lat="48.80961" lon="-113.69557">
        <ele>1661.84</ele>
      </trkpt>
      <trkpt lat="48.80953" lon="-113.69552">
        <ele>1659.51</ele>
      </trkpt>
      <trkpt lat="48.80939" lon="-113.69534">
        <ele>1656.7</ele>
      </trkpt>
      <trkpt lat="48.80932" lon="-113.69517">
        <ele>1655.95</ele>
      </trkpt>
      <trkpt lat="48.80914" lon="-113.69487">
        <ele>1652.25</ele>
      </trkpt>
      <trkpt lat="48.80901" lon="-113.69451">
        <ele>1652.31</ele>
      </trkpt>
      <trkpt lat="48.80871" lon="-113.694">
        <ele>1649.87</ele>
      </trkpt>
      <trkpt lat="48.80842" lon="-113.69357">
        <ele>1647.63</ele>
      </trkpt>
      <trkpt lat="48.8083" lon="-113.69343">
        <ele>1645.47</ele>
      </trkpt>
      <trkpt lat="48.80824" lon="-113.69333">
        <ele>1644.04</ele>
      </trkpt>
      <trkpt lat="48.80811" lon="-113.69301">
        <ele>1643.63</ele>
      </trkpt>
      <trkpt lat="48.80802" lon="-113.6927">
        <ele>1642.92</ele>
      </trkpt>
      <trkpt lat="48.8079" lon="-113.69215">
        <ele>1641.38</ele>
      </trkpt>
      <trkpt lat="48.80788" lon="-113.69194">
        <ele>1641.52</ele>
      </trkpt>
      <trkpt lat="48.80785" lon="-113.6918">
        <ele>1640.46</ele>
      </trkpt>
      <trkpt lat="48.80785" lon="-113.69152">
        <ele>1641.58</ele>
      </trkpt>
      <trkpt lat="48.80781" lon="-113.69118">
        <ele>1639.91</ele>
      </trkpt>
      <trkpt lat="48.80773" lon="-113.69089">
        <ele>1636.42</ele>
      </trkpt>
      <trkpt lat="48.80768" lon="-113.69068">
        <ele>1633.72</ele>
      </trkpt>
      <trkpt lat="48.80766" lon="-113.69055">
        <ele>1633.64</ele>
      </trkpt>
      <trkpt lat="48.80755" lon="-113.69023">
        <ele>1627.94</ele>
      </trkpt>
      <trkpt lat="48.80744" lon="-113.68982">
        <ele>1625.35</ele>
      </trkpt>
      <trkpt lat="48.80737" lon="-113.68968">
        <ele>1624.11</ele>
      </trkpt>
      <trkpt lat="48.80727" lon="-113.68954">
        <ele>1621.03</ele>
      </trkpt>
      <trkpt lat="48.80717" lon="-113.68913">
        <ele>1620.14</ele>
      </trkpt>
      <trkpt lat="48.8071" lon="-113.68894">
        <ele>1619.17</ele>
      </trkpt>
      <trkpt lat="48.80708" lon="-113.68875">
        <ele>1620.36</ele>
      </trkpt>
      <trkpt lat="48.80699" lon="-113.68829">
        <ele>1620.7</ele>
      </trkpt>
      <trkpt lat="48.80678" lon="-113.68768">
        <ele>1614.18</ele>
      </trkpt>
      <trkpt lat="48.80669" lon="-113.68753">
        <ele>1611.01</ele>
      </trkpt>
      <trkpt lat="48.80662" lon="-113.68735">
        <ele>1609.49</ele>
      </trkpt>
      <trkpt lat="48.80661" lon="-113.68726">
        <ele>1609.16</ele>
      </trkpt>
      <trkpt lat="48.80658" lon="-113.68721">
        <ele>1608.32</ele>
      </trkpt>
      <trkpt lat="48.80647" lon="-113.68722">
        <ele>1605.9</ele>
      </trkpt>
      <trkpt lat="48.80644" lon="-113.68717">
        <ele>1605.86</ele>
      </trkpt>
      <trkpt lat="48.80626" lon="-113.68675">
        <ele>1604.32</ele>
      </trkpt>
      <trkpt lat="48.80592" lon="-113.6862">
        <ele>1601.87</ele>
      </trkpt>
      <trkpt lat="48.80581" lon="-113.6861">
        <ele>1600.5</ele>
      </trkpt>
      <trkpt lat="48.80567" lon="-113.68585">
        <ele>1599.1</ele>
      </trkpt>
      <trkpt lat="48.80559" lon="-113.68563">
        <ele>1598.44</ele>
      </trkpt>
      <trkpt lat="48.8055" lon="-113.68546">
        <ele>1597.8</ele>
      </trkpt>
      <trkpt lat="48.80537" lon="-113.6851">
        <ele>1597.0</ele>
      </trkpt>
      <trkpt lat="48.80529" lon="-113.68503">
        <ele>1596.22</ele>
      </trkpt>
      <trkpt lat="48.80503" lon="-113.68488">
        <ele>1593.42</ele>
      </trkpt>
      <trkpt lat="48.80493" lon="-113.68477">
        <ele>1592.36</ele>
      </trkpt>
      <trkpt lat="48.80465" lon="-113.68412">
        <ele>1589.22</ele>
      </trkpt>
      <trkpt lat="48.80462" lon="-113.68386">
        <ele>1587.79</ele>
      </trkpt>
      <trkpt lat="48.80462" lon="-113.68364">
        <ele>1587.72</ele>
      </trkpt>
      <trkpt lat="48.80465" lon="-113.6835">
        <ele>1587.66</ele>
      </trkpt>
      <trkpt lat="48.80464" lon="-113.68343">
        <ele>1587.34</ele>
      </trkpt>
      <trkpt lat="48.8044" lon="-113.68277">
        <ele>1582.08</ele>
      </trkpt>
      <trkpt lat="48.80426" lon="-113.68247">
        <ele>1582.34</ele>
      </trkpt>
      <trkpt lat="48.8042" lon="-113.68237">
        <ele>1582.12</ele>
      </trkpt>
      <trkpt lat="48.80412" lon="-113.6823">
        <ele>1581.15</ele>
      </trkpt>
      <trkpt lat="48.80382" lon="-113.68214">
        <ele>1573.77</ele>
      </trkpt>
      <trkpt lat="48.80378" lon="-113.68211">
        <ele>1572.82</ele>
      </trkpt>
      <trkpt lat="48.80376" lon="-113.68205">
        <ele>1572.74</ele>
      </trkpt>
      <trkpt lat="48.80373" lon="-113.68173">
        <ele>1573.66</ele>
      </trkpt>
      <trkpt lat="48.80379" lon="-113.6816">
        <ele>1576.56</ele>
      </trkpt>
      <trkpt lat="48.80377" lon="-113.68153">
        <ele>1577.52</ele>
      </trkpt>
      <trkpt lat="48.80374" lon="-113.68149">
        <ele>1578.15</ele>
      </trkpt>
      <trkpt lat="48.80357" lon="-113.6815">
        <ele>1574.25</ele>
      </trkpt>
      <trkpt lat="48.80354" lon="-113.68149">
        <ele>1573.56</ele>
      </trkpt>
      <trkpt lat="48.80346" lon="-113.68127">
        <ele>1576.39</ele>
      </trkpt>
      <trkpt lat="48.80319" lon="-113.68096">
        <ele>1571.99</ele>
      </trkpt>
      <trkpt lat="48.80302" lon="-113.68061">
        <ele>1571.26</ele>
      </trkpt>
      <trkpt lat="48.80279" lon="-113.68027">
        <ele>1568.48</ele>
      </trkpt>
      <trkpt lat="48.80255" lon="-113.67987">
        <ele>1567.02</ele>
      </trkpt>
      <trkpt lat="48.80254" lon="-113.67981">
        <ele>1567.35</ele>
      </trkpt>
      <trkpt lat="48.80246" lon="-113.67964">
        <ele>1566.98</ele>
      </trkpt>
      <trkpt lat="48.80216" lon="-113.67907">
        <ele>1562.0</ele>
      </trkpt>
      <trkpt lat="48.80208" lon="-113.67874">
        <ele>1561.54</ele>
      </trkpt>
      <trkpt lat="48.80201" lon="-113.67863">
        <ele>1562.36</ele>
      </trkpt>
      <trkpt lat="48.80192" lon="-113.67853">
        <ele>1563.22</ele>
      </trkpt>
      <trkpt lat="48.80168" lon="-113.67834">
        <ele>1559.22</ele>
      </trkpt>
      <trkpt lat="48.80161" lon="-113.67826">
        <ele>1557.16</ele>
      </trkpt>
      <trkpt lat="48.80158" lon="-113.6782">
        <ele>1556.19</ele>
      </trkpt>
      <trkpt lat="48.80155" lon="-113.67807">
        <ele>1556.06</ele>
      </trkpt>
      <trkpt lat="48.80157" lon="-113.67795">
        <ele>1556.87</ele>
      </trkpt>
      <trkpt lat="48.80157" lon="-113.67763">
        <ele>1556.87</ele>
      </trkpt>
      <trkpt lat="48.8015" lon="-113.67735">
        <ele>1555.52</ele>
      </trkpt>
      <trkpt lat="48.80143" lon="-113.67702">
        <ele>1555.43</ele>
      </trkpt>
      <trkpt lat="48.80135" lon="-113.67685">
        <ele>1554.16</ele>
      </trkpt>
      <trkpt lat="48.80121" lon="-113.67666">
        <ele>1551.21</ele>
      </trkpt>
      <trkpt lat="48.80092" lon="-113.67636">
        <ele>1546.89</ele>
      </trkpt>
      <trkpt lat="48.8007" lon="-113.6761">
        <ele>1544.63</ele>
      </trkpt>
      <trkpt lat="48.80061" lon="-113.67595">
        <ele>1544.02</ele>
      </trkpt>
      <trkpt lat="48.80047" lon="-113.67556">
        <ele>1543.15</ele>
      </trkpt>
      <trkpt lat="48.80025" lon="-113.67526">
        <ele>1541.46</ele>
      </trkpt>
      <trkpt lat="48.80013" lon="-113.67498">
        <ele>1540.81</ele>
      </trkpt>
      <trkpt lat="48.80003" lon="-113.67488">
        <ele>1539.32</ele>
      </trkpt>
      <trkpt lat="48.79996" lon="-113.67476">
        <ele>1537.37</ele>
      </trkpt>
      <trkpt lat="48.79993" lon="-113.67466">
        <ele>1535.98</ele>
      </trkpt>
      <trkpt lat="48.79991" lon="-113.67457">
        <ele>1535.08</ele>
      </trkpt>
      <trkpt lat="48.79995" lon="-113.67437">
        <ele>1535.84</ele>
      </trkpt>
      <trkpt lat="48.79996" lon="-113.67425">
        <ele>1536.27</ele>
      </trkpt>
      <trkpt lat="48.79993" lon="-113.67388">
        <ele>1532.9</ele>
      </trkpt>
      <trkpt lat="48.79991" lon="-113.67339">
        <ele>1527.75</ele>
      </trkpt>
      <trkpt lat="48.79997" lon="-113.67261">
        <ele>1525.0</ele>
      </trkpt>
      <trkpt lat="48.79999" lon="-113.67251">
        <ele>1526.45</ele>
      </trkpt>
      <trkpt lat="48.79999" lon="-113.67242">
        <ele>1527.42</ele>
      </trkpt>
      <trkpt lat="48.7999" lon="-113.67231">
        <ele>1525.86</ele>
      </trkpt>
      <trkpt lat="48.79968" lon="-113.6723">
        <ele>1520.41</ele>
      </trkpt>
      <trkpt lat="48.79954" lon="-113.67227">
        <ele>1517.06</ele>
      </trkpt>
      <trkpt lat="48.79941" lon="-113.67222">
        <ele>1514.92</ele>
      </trkpt>
      <trkpt lat="48.79911" lon="-113.67203">
        <ele>1512.43</ele>
      </trkpt>
      <trkpt lat="48.79873" lon="-113.67173">
        <ele>1511.28</ele>
      </trkpt>
      <trkpt lat="48.79861" lon="-113.67172">
        <ele>1510.99</ele>
      </trkpt>
      <trkpt lat="48.79853" lon="-113.6716">
        <ele>1510.12</ele>
      </trkpt>
      <trkpt lat="48.79848" lon="-113.6714">
        <ele>1510.0</ele>
      </trkpt>
      <trkpt lat="48.79854" lon="-113.67105">
        <ele>1510.23</ele>
      </trkpt>
      <trkpt lat="48.79865" lon="-113.67067">
        <ele>1511.42</ele>
      </trkpt>
      <trkpt lat="48.79876" lon="-113.67038">
        <ele>1511.61</ele>
      </trkpt>
      <trkpt lat="48.7989" lon="-113.67013">
        <ele>1512.0</ele>
      </trkpt>
      <trkpt lat="48.79901" lon="-113.67">
        <ele>1512.0</ele>
      </trkpt>
      <trkpt lat="48.79924" lon="-113.66965">
        <ele>1512.83</ele>
      </trkpt>
      <trkpt lat="48.79949" lon="-113.66936">
        <ele>1512.0</ele>
      </trkpt>
      <trkpt lat="48.79961" lon="-113.66911">
        <ele>1512.13</ele>
      </trkpt>
      <trkpt lat="48.79966" lon="-113.66889">
        <ele>1512.66</ele>
      </trkpt>
      <trkpt lat="48.79973" lon="-113.66865">
        <ele>1511.92</ele>
      </trkpt>
      <trkpt lat="48.79984" lon="-113.66847">
        <ele>1511.0</ele>
      </trkpt>
      <trkpt lat="48.79992" lon="-113.66837">
        <ele>1511.0</ele>
      </trkpt>
      <trkpt lat="48.8" lon="-113.66814">
        <ele>1511.0</ele>
      </trkpt>
      <trkpt lat="48.80001" lon="-113.6679">
        <ele>1511.11</ele>
      </trkpt>
      <trkpt lat="48.80005" lon="-113.66747">
        <ele>1510.54</ele>
      </trkpt>
      <trkpt lat="48.80006" lon="-113.66713">
        <ele>1510.0</ele>
      </trkpt>
      <trkpt lat="48.8001" lon="-113.66677">
        <ele>1510.08</ele>
      </trkpt>
      <trkpt lat="48.80016" lon="-113.66642">
        <ele>1510.73</ele>
      </trkpt>
      <trkpt lat="48.80027" lon="-113.66605">
        <ele>1510.92</ele>
      </trkpt>
      <trkpt lat="48.80043" lon="-113.66573">
        <ele>1511.64</ele>
      </trkpt>
      <trkpt lat="48.80043" lon="-113.66563">
        <ele>1511.45</ele>
      </trkpt>
      <trkpt lat="48.80028" lon="-113.66536">
        <ele>1509.02</ele>
      </trkpt>
      <trkpt lat="48.80029" lon="-113.66509">
        <ele>1509.13</ele>
      </trkpt>
      <trkpt lat="48.80042" lon="-113.66439">
        <ele>1509.48</ele>
      </trkpt>
      <trkpt lat="48.80062" lon="-113.66358">
        <ele>1504.36</ele>
      </trkpt>
      <trkpt lat="48.80065" lon="-113.66328">
        <ele>1503.02</ele>
      </trkpt>
      <trkpt lat="48.80071" lon="-113.66302">
        <ele>1502.54</ele>
      </trkpt>
      <trkpt lat="48.80064" lon="-113.66244">
        <ele>1499.23</ele>
      </trkpt>
      <trkpt lat="48.80066" lon="-113.6622">
        <ele>1499.26</ele>
      </trkpt>
      <trkpt lat="48.80074" lon="-113.662">
        <ele>1500.98</ele>
      </trkpt>
      <trkpt lat="48.80078" lon="-113.66171">
        <ele>1501.27</ele>
      </trkpt>
      <trkpt lat="48.80076" lon="-113.66132">
        <ele>1500.42</ele>
      </trkpt>
      <trkpt lat="48.80079" lon="-113.66078">
        <ele>1500.06</ele>
      </trkpt>
      <trkpt lat="48.80099" lon="-113.66032">
        <ele>1503.38</ele>
      </trkpt>
      <trkpt lat="48.801" lon="-113.65998">
        <ele>1502.6</ele>
      </trkpt>
      <trkpt lat="48.80099" lon="-113.65954">
        <ele>1501.38</ele>
      </trkpt>
      <trkpt lat="48.80087" lon="-113.65915">
        <ele>1497.79</ele>
      </trkpt>
      <trkpt lat="48.80081" lon="-113.65903">
        <ele>1496.5</ele>
      </trkpt>
      <trkpt lat="48.80075" lon="-113.65884">
        <ele>1496.15</ele>
      </trkpt>
      <trkpt lat="48.80063" lon="-113.65856">
        <ele>1493.8</ele>
      </trkpt>
      <trkpt lat="48.80034" lon="-113.65821">
        <ele>1491.45</ele>
      </trkpt>
      <trkpt lat="48.80023" lon="-113.6581">
        <ele>1489.97</ele>
      </trkpt>
      <trkpt lat="48.80024" lon="-113.6579">
        <ele>1490.18</ele>
      </trkpt>
      <trkpt lat="48.80026" lon="-113.65778">
        <ele>1489.83</ele>
      </trkpt>
      <trkpt lat="48.80027" lon="-113.65753">
        <ele>1489.92</ele>
      </trkpt>
      <trkpt lat="48.80025" lon="-113.65727">
        <ele>1488.7</ele>
      </trkpt>
      <trkpt lat="48.80022" lon="-113.65716">
        <ele>1488.38</ele>
      </trkpt>
      <trkpt lat="48.80021" lon="-113.65705">
        <ele>1488.27</ele>
      </trkpt>
      <trkpt lat="48.80009" lon="-113.65694">
        <ele>1488.05</ele>
      </trkpt>
      <trkpt lat="48.80002" lon="-113.65692">
        <ele>1488.26</ele>
      </trkpt>
      <trkpt lat="48.79997" lon="-113.65691">
        <ele>1488.37</ele>
      </trkpt>
      <trkpt lat="48.7998" lon="-113.65685">
        <ele>1489.0</ele>
      </trkpt>
      <trkpt lat="48.7998" lon="-113.6568">
        <ele>1489.0</ele>
      </trkpt>
      <trkpt lat="48.7998" lon="-113.65679">
        <ele>1489.0</ele>
      </trkpt>
      <trkpt lat="48.79954" lon="-113.65672">
        <ele>1489.0</ele>
      </trkpt>
      <trkpt lat="48.79949" lon="-113.6567">
        <ele>1489.0</ele>
      </trkpt>
      <trkpt lat="48.79893" lon="-113.65648">
        <ele>1490.47</ele>
      </trkpt>
      <trkpt lat="48.79893" lon="-113.65641">
        <ele>1491.65</ele>
      </trkpt>
      <trkpt lat="48.79893" lon="-113.65638">
        <ele>1492.19</ele>
      </trkpt>
      <trkpt lat="48.79892" lon="-113.65632">
        <ele>1493.49</ele>
      </trkpt>
      <trkpt lat="48.79888" lon="-113.65619">
        <ele>1496.43</ele>
      </trkpt>
      <trkpt lat="48.79876" lon="-113.65613">
        <ele>1497.59</ele>
      </trkpt>
      <trkpt lat="48.79836" lon="-113.65612">
        <ele>1500.52</ele>
      </trkpt>
      <trkpt lat="48.79799" lon="-113.65596">
        <ele>1504.63</ele>
      </trkpt>
      <trkpt lat="48.79758" lon="-113.65596">
        <ele>1505.0</ele>
      </trkpt>
      <trkpt lat="48.79656" lon="-113.65593">
        <ele>1510.0</ele>
      </trkpt>
      <trkpt lat="48.79629" lon="-113.65594">
        <ele>1510.0</ele>
      </trkpt>
      <trkpt lat="48.79574" lon="-113.65601">
        <ele>1509.0</ele>
      </trkpt>
      <trkpt lat="48.79563" lon="-113.65607">
        <ele>1509.56</ele>
      </trkpt>
    </trkseg>
  </trk>
</gpx>
